2024-12-28 10:54:25,798 INFO o.a.j.u.JMeterUtils: Setting Locale to en_EN
2024-12-28 10:54:25,814 INFO o.a.j.JMeter: Loading user properties from: user.properties
2024-12-28 10:54:25,814 INFO o.a.j.JMeter: Loading system properties from: system.properties
2024-12-28 10:54:25,818 INFO o.a.j.JMeter: Copyright (c) 1998-2021 The Apache Software Foundation
2024-12-28 10:54:25,818 INFO o.a.j.JMeter: Version 5.4.1
2024-12-28 10:54:25,818 INFO o.a.j.JMeter: java.version=17.0.7
2024-12-28 10:54:25,818 INFO o.a.j.JMeter: java.vm.name=Java HotSpot(TM) 64-Bit Server VM
2024-12-28 10:54:25,818 INFO o.a.j.JMeter: os.name=Windows 11
2024-12-28 10:54:25,818 INFO o.a.j.JMeter: os.arch=amd64
2024-12-28 10:54:25,818 INFO o.a.j.JMeter: os.version=10.0
2024-12-28 10:54:25,818 INFO o.a.j.JMeter: file.encoding=GBK
2024-12-28 10:54:25,818 INFO o.a.j.JMeter: java.awt.headless=null
2024-12-28 10:54:25,818 INFO o.a.j.JMeter: Max memory     =1073741824
2024-12-28 10:54:25,818 INFO o.a.j.JMeter: Available Processors =16
2024-12-28 10:54:25,826 INFO o.a.j.JMeter: Default Locale=English (EN)
2024-12-28 10:54:25,826 INFO o.a.j.JMeter: JMeter  Locale=English (EN)
2024-12-28 10:54:25,826 INFO o.a.j.JMeter: JMeterHome=D:\Major Design\software\jmeter\apache-jmeter-5.4.1
2024-12-28 10:54:25,826 INFO o.a.j.JMeter: user.dir  =D:\Major Design\software\jmeter\apache-jmeter-5.4.1\bin
2024-12-28 10:54:25,826 INFO o.a.j.JMeter: PWD       =D:\Major Design\software\jmeter\apache-jmeter-5.4.1\bin
2024-12-28 10:54:25,830 INFO o.a.j.JMeter: IP: 192.168.154.1 Name: LAPTOP-M3CHI9K0 FullName: LAPTOP-M3CHI9K0
2024-12-28 10:54:25,911 INFO o.a.j.JMeter: Setting LAF to: com.github.weisj.darklaf.DarkLaf:com.github.weisj.darklaf.theme.DarculaTheme
2024-12-28 10:54:26,347 INFO o.a.j.JMeter: Loaded icon properties from org/apache/jmeter/images/icon.properties
2024-12-28 10:54:33,421 ERROR o.a.j.JMeter: Uncaught exception in thread Thread[AWT-EventQueue-0,6,main]
java.lang.IllegalAccessError: class com.github.weisj.darklaf.ui.filechooser.DarkFilePaneUIBridge$DetailsTableModel (in unnamed module @0x6646153) cannot access class sun.awt.shell.ShellFolder (in module java.desktop) because module java.desktop does not export sun.awt.shell to unnamed module @0x6646153
	at com.github.weisj.darklaf.ui.filechooser.DarkFilePaneUIBridge$DetailsTableModel.updateColumnInfo(DarkFilePaneUIBridge.java:1128) ~[darklaf-core-2.5.4.jar:2.5.4]
	at com.github.weisj.darklaf.ui.filechooser.DarkFilePaneUIBridge$DetailsTableModel.<init>(DarkFilePaneUIBridge.java:1115) ~[darklaf-core-2.5.4.jar:2.5.4]
	at com.github.weisj.darklaf.ui.filechooser.DarkFilePaneUIBridge.getDetailsTableModel(DarkFilePaneUIBridge.java:576) ~[darklaf-core-2.5.4.jar:2.5.4]
	at com.github.weisj.darklaf.ui.filechooser.DarkFilePaneUIBridge$SortableListModel.<init>(DarkFilePaneUIBridge.java:1079) ~[darklaf-core-2.5.4.jar:2.5.4]
	at com.github.weisj.darklaf.ui.filechooser.DarkFilePane.createList(DarkFilePane.java:137) ~[darklaf-core-2.5.4.jar:2.5.4]
	at com.github.weisj.darklaf.ui.filechooser.DarkFileChooserUIBridge.createList(DarkFileChooserUIBridge.java:585) ~[darklaf-core-2.5.4.jar:2.5.4]
	at com.github.weisj.darklaf.ui.filechooser.DarkFileChooserUIBridge$MetalFileChooserUIAccessor.createList(DarkFileChooserUIBridge.java:750) ~[darklaf-core-2.5.4.jar:2.5.4]
	at com.github.weisj.darklaf.ui.filechooser.DarkFilePaneUIBridge.setViewType(DarkFilePaneUIBridge.java:376) ~[darklaf-core-2.5.4.jar:2.5.4]
	at com.github.weisj.darklaf.ui.filechooser.DarkFilePaneUIBridge.propertyChange(DarkFilePaneUIBridge.java:890) ~[darklaf-core-2.5.4.jar:2.5.4]
	at java.beans.PropertyChangeSupport.fire(PropertyChangeSupport.java:343) ~[?:?]
	at java.beans.PropertyChangeSupport.firePropertyChange(PropertyChangeSupport.java:335) ~[?:?]
	at java.beans.PropertyChangeSupport.firePropertyChange(PropertyChangeSupport.java:268) ~[?:?]
	at java.awt.Component.firePropertyChange(Component.java:8722) ~[?:?]
	at javax.swing.JComponent.setUI(JComponent.java:733) ~[?:?]
	at javax.swing.JFileChooser.updateUI(JFileChooser.java:1839) ~[?:?]
	at javax.swing.JFileChooser.setup(JFileChooser.java:396) ~[?:?]
	at javax.swing.JFileChooser.<init>(JFileChooser.java:362) ~[?:?]
	at javax.swing.JFileChooser.<init>(JFileChooser.java:309) ~[?:?]
	at org.apache.jmeter.gui.util.FileDialoger.<clinit>(FileDialoger.java:42) ~[ApacheJMeter_core.jar:5.4.1]
	at org.apache.jmeter.gui.action.Load.doActionAfterCheck(Load.java:75) ~[ApacheJMeter_core.jar:5.4.1]
	at org.apache.jmeter.gui.action.AbstractActionWithNoRunningTest.doAction(AbstractActionWithNoRunningTest.java:44) ~[ApacheJMeter_core.jar:5.4.1]
	at org.apache.jmeter.gui.action.ActionRouter.performAction(ActionRouter.java:87) ~[ApacheJMeter_core.jar:5.4.1]
	at org.apache.jmeter.gui.action.ActionRouter.lambda$actionPerformed$0(ActionRouter.java:69) ~[ApacheJMeter_core.jar:5.4.1]
	at java.awt.event.InvocationEvent.dispatch(InvocationEvent.java:318) ~[?:?]
	at java.awt.EventQueue.dispatchEventImpl(EventQueue.java:771) ~[?:?]
	at java.awt.EventQueue$4.run(EventQueue.java:722) ~[?:?]
	at java.awt.EventQueue$4.run(EventQueue.java:716) ~[?:?]
	at java.security.AccessController.doPrivileged(AccessController.java:399) ~[?:?]
	at java.security.ProtectionDomain$JavaSecurityAccessImpl.doIntersectionPrivilege(ProtectionDomain.java:86) ~[?:?]
	at java.awt.EventQueue.dispatchEvent(EventQueue.java:741) ~[?:?]
	at java.awt.EventDispatchThread.pumpOneEventForFilters(EventDispatchThread.java:203) [?:?]
	at java.awt.EventDispatchThread.pumpEventsForFilter(EventDispatchThread.java:124) [?:?]
	at java.awt.EventDispatchThread.pumpEventsForHierarchy(EventDispatchThread.java:113) [?:?]
	at java.awt.EventDispatchThread.pumpEvents(EventDispatchThread.java:109) [?:?]
	at java.awt.EventDispatchThread.pumpEvents(EventDispatchThread.java:101) [?:?]
	at java.awt.EventDispatchThread.run(EventDispatchThread.java:90) [?:?]
2024-12-28 10:54:41,240 INFO o.a.j.s.FileServer: Default base='D:\Major Design\software\jmeter\apache-jmeter-5.4.1\bin'
2024-12-28 10:54:41,244 INFO o.a.j.g.a.Load: Loading file: D:\Major Design\software\jmeter\sentinel测试.jmx
2024-12-28 10:54:41,244 INFO o.a.j.s.FileServer: Set new base='D:\Major Design\software\jmeter'
2024-12-28 10:54:41,360 INFO o.a.j.s.SaveService: Testplan (JMX) version: 2.2. Testlog (JTL) version: 2.2
2024-12-28 10:54:41,380 INFO o.a.j.s.SaveService: Using SaveService properties version 5.0
2024-12-28 10:54:41,384 INFO o.a.j.s.SaveService: Using SaveService properties file encoding UTF-8
2024-12-28 10:54:41,384 INFO o.a.j.s.SaveService: Loading file: D:\Major Design\software\jmeter\sentinel测试.jmx
2024-12-28 10:54:41,404 INFO o.a.j.p.h.s.HTTPSamplerBase: Parser for text/html is org.apache.jmeter.protocol.http.parser.LagartoBasedHtmlParser
2024-12-28 10:54:41,404 INFO o.a.j.p.h.s.HTTPSamplerBase: Parser for application/xhtml+xml is org.apache.jmeter.protocol.http.parser.LagartoBasedHtmlParser
2024-12-28 10:54:41,404 INFO o.a.j.p.h.s.HTTPSamplerBase: Parser for application/xml is org.apache.jmeter.protocol.http.parser.LagartoBasedHtmlParser
2024-12-28 10:54:41,404 INFO o.a.j.p.h.s.HTTPSamplerBase: Parser for text/xml is org.apache.jmeter.protocol.http.parser.LagartoBasedHtmlParser
2024-12-28 10:54:41,404 INFO o.a.j.p.h.s.HTTPSamplerBase: Parser for text/vnd.wap.wml is org.apache.jmeter.protocol.http.parser.RegexpHTMLParser
2024-12-28 10:54:41,404 INFO o.a.j.p.h.s.HTTPSamplerBase: Parser for text/css is org.apache.jmeter.protocol.http.parser.CssParser
2024-12-28 10:54:41,524 INFO o.a.j.s.SampleResult: Note: Sample TimeStamps are START times
2024-12-28 10:54:41,524 INFO o.a.j.s.SampleResult: sampleresult.default.encoding is set to ISO-8859-1
2024-12-28 10:54:41,524 INFO o.a.j.s.SampleResult: sampleresult.useNanoTime=true
2024-12-28 10:54:41,524 INFO o.a.j.s.SampleResult: sampleresult.nanoThreadSleep=5000
2024-12-28 10:54:41,628 INFO o.a.j.v.ViewResultsFullVisualizer: Add JavaFX to your Java installation if you want to use renderer: org.apache.jmeter.visualizers.RenderInBrowser
2024-12-28 10:54:41,696 INFO o.a.j.v.ViewResultsFullVisualizer: Add JavaFX to your Java installation if you want to use renderer: org.apache.jmeter.visualizers.RenderInBrowser
2024-12-28 10:54:41,748 INFO o.a.j.v.ViewResultsFullVisualizer: Add JavaFX to your Java installation if you want to use renderer: org.apache.jmeter.visualizers.RenderInBrowser
2024-12-28 10:54:41,792 INFO o.a.j.v.ViewResultsFullVisualizer: Add JavaFX to your Java installation if you want to use renderer: org.apache.jmeter.visualizers.RenderInBrowser
2024-12-28 10:54:41,836 INFO o.a.j.v.ViewResultsFullVisualizer: Add JavaFX to your Java installation if you want to use renderer: org.apache.jmeter.visualizers.RenderInBrowser
2024-12-28 10:54:41,880 INFO o.a.j.v.ViewResultsFullVisualizer: Add JavaFX to your Java installation if you want to use renderer: org.apache.jmeter.visualizers.RenderInBrowser
2024-12-28 10:54:41,928 INFO o.a.j.v.ViewResultsFullVisualizer: Add JavaFX to your Java installation if you want to use renderer: org.apache.jmeter.visualizers.RenderInBrowser
2024-12-28 10:54:41,972 INFO o.a.j.v.ViewResultsFullVisualizer: Add JavaFX to your Java installation if you want to use renderer: org.apache.jmeter.visualizers.RenderInBrowser
2024-12-28 10:54:42,016 INFO o.a.j.v.ViewResultsFullVisualizer: Add JavaFX to your Java installation if you want to use renderer: org.apache.jmeter.visualizers.RenderInBrowser
2024-12-28 10:54:42,060 INFO o.a.j.v.ViewResultsFullVisualizer: Add JavaFX to your Java installation if you want to use renderer: org.apache.jmeter.visualizers.RenderInBrowser
2024-12-28 10:54:42,116 INFO o.a.j.s.FileServer: Set new base='D:\Major Design\software\jmeter'
2024-12-28 10:54:42,116 ERROR o.a.j.JMeter: Uncaught exception in thread Thread[AWT-EventQueue-0,6,main]
java.lang.NoClassDefFoundError: Could not initialize class org.apache.jmeter.gui.util.FileDialoger
	at org.apache.jmeter.gui.action.Load.loadProjectFile(Load.java:156) ~[ApacheJMeter_core.jar:5.4.1]
	at org.apache.jmeter.gui.action.Load.loadProjectFile(Load.java:101) ~[ApacheJMeter_core.jar:5.4.1]
	at org.apache.jmeter.gui.action.LoadDraggedFile.loadProject(LoadDraggedFile.java:37) ~[ApacheJMeter_core.jar:5.4.1]
	at org.apache.jmeter.gui.MainFrame.openJmxFilesFromDragAndDrop(MainFrame.java:855) ~[ApacheJMeter_core.jar:5.4.1]
	at org.apache.jmeter.gui.MainFrame.drop(MainFrame.java:830) ~[ApacheJMeter_core.jar:5.4.1]
	at java.awt.dnd.DropTarget.drop(DropTarget.java:455) ~[?:?]
	at sun.awt.dnd.SunDropTargetContextPeer.processDropMessage(SunDropTargetContextPeer.java:548) ~[?:?]
	at sun.awt.dnd.SunDropTargetContextPeer$EventDispatcher.dispatchDropEvent(SunDropTargetContextPeer.java:864) ~[?:?]
	at sun.awt.dnd.SunDropTargetContextPeer$EventDispatcher.dispatchEvent(SunDropTargetContextPeer.java:788) ~[?:?]
	at sun.awt.dnd.SunDropTargetEvent.dispatch(SunDropTargetEvent.java:48) ~[?:?]
	at java.awt.Component.dispatchEventImpl(Component.java:4866) ~[?:?]
	at java.awt.Container.dispatchEventImpl(Container.java:2324) ~[?:?]
	at java.awt.Window.dispatchEventImpl(Window.java:2780) ~[?:?]
	at java.awt.Component.dispatchEvent(Component.java:4833) ~[?:?]
	at java.awt.EventQueue.dispatchEventImpl(EventQueue.java:773) ~[?:?]
	at java.awt.EventQueue$4.run(EventQueue.java:722) ~[?:?]
	at java.awt.EventQueue$4.run(EventQueue.java:716) ~[?:?]
	at java.security.AccessController.doPrivileged(AccessController.java:399) ~[?:?]
	at java.security.ProtectionDomain$JavaSecurityAccessImpl.doIntersectionPrivilege(ProtectionDomain.java:86) ~[?:?]
	at java.security.ProtectionDomain$JavaSecurityAccessImpl.doIntersectionPrivilege(ProtectionDomain.java:97) ~[?:?]
	at java.awt.EventQueue$5.run(EventQueue.java:746) ~[?:?]
	at java.awt.EventQueue$5.run(EventQueue.java:744) ~[?:?]
	at java.security.AccessController.doPrivileged(AccessController.java:399) ~[?:?]
	at java.security.ProtectionDomain$JavaSecurityAccessImpl.doIntersectionPrivilege(ProtectionDomain.java:86) ~[?:?]
	at java.awt.EventQueue.dispatchEvent(EventQueue.java:743) ~[?:?]
	at java.awt.EventDispatchThread.pumpOneEventForFilters(EventDispatchThread.java:203) [?:?]
	at java.awt.EventDispatchThread.pumpEventsForFilter(EventDispatchThread.java:124) [?:?]
	at java.awt.EventDispatchThread.pumpEventsForHierarchy(EventDispatchThread.java:113) [?:?]
	at java.awt.EventDispatchThread.pumpEvents(EventDispatchThread.java:109) [?:?]
	at java.awt.EventDispatchThread.pumpEvents(EventDispatchThread.java:101) [?:?]
	at java.awt.EventDispatchThread.run(EventDispatchThread.java:90) [?:?]
Caused by: java.lang.ExceptionInInitializerError: Exception java.lang.IllegalAccessError: class com.github.weisj.darklaf.ui.filechooser.DarkFilePaneUIBridge$DetailsTableModel (in unnamed module @0x6646153) cannot access class sun.awt.shell.ShellFolder (in module java.desktop) because module java.desktop does not export sun.awt.shell to unnamed module @0x6646153 [in thread "AWT-EventQueue-0"]
	at com.github.weisj.darklaf.ui.filechooser.DarkFilePaneUIBridge$DetailsTableModel.updateColumnInfo(DarkFilePaneUIBridge.java:1128) ~[darklaf-core-2.5.4.jar:2.5.4]
	at com.github.weisj.darklaf.ui.filechooser.DarkFilePaneUIBridge$DetailsTableModel.<init>(DarkFilePaneUIBridge.java:1115) ~[darklaf-core-2.5.4.jar:2.5.4]
	at com.github.weisj.darklaf.ui.filechooser.DarkFilePaneUIBridge.getDetailsTableModel(DarkFilePaneUIBridge.java:576) ~[darklaf-core-2.5.4.jar:2.5.4]
	at com.github.weisj.darklaf.ui.filechooser.DarkFilePaneUIBridge$SortableListModel.<init>(DarkFilePaneUIBridge.java:1079) ~[darklaf-core-2.5.4.jar:2.5.4]
	at com.github.weisj.darklaf.ui.filechooser.DarkFilePane.createList(DarkFilePane.java:137) ~[darklaf-core-2.5.4.jar:2.5.4]
	at com.github.weisj.darklaf.ui.filechooser.DarkFileChooserUIBridge.createList(DarkFileChooserUIBridge.java:585) ~[darklaf-core-2.5.4.jar:2.5.4]
	at com.github.weisj.darklaf.ui.filechooser.DarkFileChooserUIBridge$MetalFileChooserUIAccessor.createList(DarkFileChooserUIBridge.java:750) ~[darklaf-core-2.5.4.jar:2.5.4]
	at com.github.weisj.darklaf.ui.filechooser.DarkFilePaneUIBridge.setViewType(DarkFilePaneUIBridge.java:376) ~[darklaf-core-2.5.4.jar:2.5.4]
	at com.github.weisj.darklaf.ui.filechooser.DarkFilePaneUIBridge.propertyChange(DarkFilePaneUIBridge.java:890) ~[darklaf-core-2.5.4.jar:2.5.4]
	at java.beans.PropertyChangeSupport.fire(PropertyChangeSupport.java:343) ~[?:?]
	at java.beans.PropertyChangeSupport.firePropertyChange(PropertyChangeSupport.java:335) ~[?:?]
	at java.beans.PropertyChangeSupport.firePropertyChange(PropertyChangeSupport.java:268) ~[?:?]
	at java.awt.Component.firePropertyChange(Component.java:8722) ~[?:?]
	at javax.swing.JComponent.setUI(JComponent.java:733) ~[?:?]
	at javax.swing.JFileChooser.updateUI(JFileChooser.java:1839) ~[?:?]
	at javax.swing.JFileChooser.setup(JFileChooser.java:396) ~[?:?]
	at javax.swing.JFileChooser.<init>(JFileChooser.java:362) ~[?:?]
	at javax.swing.JFileChooser.<init>(JFileChooser.java:309) ~[?:?]
	at org.apache.jmeter.gui.util.FileDialoger.<clinit>(FileDialoger.java:42) ~[ApacheJMeter_core.jar:5.4.1]
	at org.apache.jmeter.gui.action.Load.doActionAfterCheck(Load.java:75) ~[ApacheJMeter_core.jar:5.4.1]
	at org.apache.jmeter.gui.action.AbstractActionWithNoRunningTest.doAction(AbstractActionWithNoRunningTest.java:44) ~[ApacheJMeter_core.jar:5.4.1]
	at org.apache.jmeter.gui.action.ActionRouter.performAction(ActionRouter.java:87) ~[ApacheJMeter_core.jar:5.4.1]
	at org.apache.jmeter.gui.action.ActionRouter.lambda$actionPerformed$0(ActionRouter.java:69) ~[ApacheJMeter_core.jar:5.4.1]
	at java.awt.event.InvocationEvent.dispatch(InvocationEvent.java:318) ~[?:?]
	at java.awt.EventQueue.dispatchEventImpl(EventQueue.java:771) ~[?:?]
	at java.awt.EventQueue$4.run(EventQueue.java:722) ~[?:?]
	at java.awt.EventQueue$4.run(EventQueue.java:716) ~[?:?]
	at java.security.AccessController.doPrivileged(AccessController.java:399) ~[?:?]
	at java.security.ProtectionDomain$JavaSecurityAccessImpl.doIntersectionPrivilege(ProtectionDomain.java:86) ~[?:?]
	at java.awt.EventQueue.dispatchEvent(EventQueue.java:741) ~[?:?]
	... 6 more
2024-12-28 10:56:32,139 INFO o.a.j.e.StandardJMeterEngine: Running the test!
2024-12-28 10:56:32,139 INFO o.a.j.s.SampleEvent: List of sample_variables: []
2024-12-28 10:56:32,139 INFO o.a.j.s.SampleEvent: List of sample_variables: []
2024-12-28 10:56:32,143 INFO o.a.j.e.u.CompoundVariable: Note: Function class names must contain the string: '.functions.'
2024-12-28 10:56:32,143 INFO o.a.j.e.u.CompoundVariable: Note: Function class names must not contain the string: '.gui.'
2024-12-28 10:56:32,167 INFO o.a.j.g.u.JMeterMenuBar: setRunning(true, *local*)
2024-12-28 10:56:32,203 INFO o.a.j.e.StandardJMeterEngine: Starting ThreadGroup: 1 : 流控入门，QPS < 5
2024-12-28 10:56:32,203 INFO o.a.j.e.StandardJMeterEngine: Starting 20 threads for group 流控入门，QPS < 5.
2024-12-28 10:56:32,203 INFO o.a.j.e.StandardJMeterEngine: Thread will continue on error
2024-12-28 10:56:32,203 INFO o.a.j.t.ThreadGroup: Starting thread group... number=1 threads=20 ramp-up=2 delayedStart=false
2024-12-28 10:56:32,207 INFO o.a.j.t.JMeterThread: Thread started: 流控入门，QPS < 5 1-1
2024-12-28 10:56:32,211 INFO o.a.j.t.ThreadGroup: Started thread group number 1
2024-12-28 10:56:32,211 INFO o.a.j.e.StandardJMeterEngine: All thread groups have been started
2024-12-28 10:56:32,219 INFO o.a.j.p.h.s.HTTPHCAbstractImpl: Local host = LAPTOP-M3CHI9K0
2024-12-28 10:56:32,227 INFO o.a.j.p.h.s.HTTPHC4Impl: HTTP request retry count = 0
2024-12-28 10:56:32,307 INFO o.a.j.t.JMeterThread: Thread started: 流控入门，QPS < 5 1-2
2024-12-28 10:56:32,367 INFO o.a.j.t.JMeterThread: Thread is done: 流控入门，QPS < 5 1-1
2024-12-28 10:56:32,367 INFO o.a.j.t.JMeterThread: Thread is done: 流控入门，QPS < 5 1-2
2024-12-28 10:56:32,367 INFO o.a.j.t.JMeterThread: Thread finished: 流控入门，QPS < 5 1-1
2024-12-28 10:56:32,367 INFO o.a.j.t.JMeterThread: Thread finished: 流控入门，QPS < 5 1-2
2024-12-28 10:56:32,419 INFO o.a.j.t.JMeterThread: Thread started: 流控入门，QPS < 5 1-3
2024-12-28 10:56:32,431 INFO o.a.j.t.JMeterThread: Thread is done: 流控入门，QPS < 5 1-3
2024-12-28 10:56:32,431 INFO o.a.j.t.JMeterThread: Thread finished: 流控入门，QPS < 5 1-3
2024-12-28 10:56:32,515 INFO o.a.j.t.JMeterThread: Thread started: 流控入门，QPS < 5 1-4
2024-12-28 10:56:32,527 INFO o.a.j.t.JMeterThread: Thread is done: 流控入门，QPS < 5 1-4
2024-12-28 10:56:32,527 INFO o.a.j.t.JMeterThread: Thread finished: 流控入门，QPS < 5 1-4
2024-12-28 10:56:32,607 INFO o.a.j.t.JMeterThread: Thread started: 流控入门，QPS < 5 1-5
2024-12-28 10:56:32,615 INFO o.a.j.t.JMeterThread: Thread is done: 流控入门，QPS < 5 1-5
2024-12-28 10:56:32,619 INFO o.a.j.t.JMeterThread: Thread finished: 流控入门，QPS < 5 1-5
2024-12-28 10:56:32,719 INFO o.a.j.t.JMeterThread: Thread started: 流控入门，QPS < 5 1-6
2024-12-28 10:56:32,723 INFO o.a.j.t.JMeterThread: Thread is done: 流控入门，QPS < 5 1-6
2024-12-28 10:56:32,723 INFO o.a.j.t.JMeterThread: Thread finished: 流控入门，QPS < 5 1-6
2024-12-28 10:56:32,814 INFO o.a.j.t.JMeterThread: Thread started: 流控入门，QPS < 5 1-7
2024-12-28 10:56:32,818 INFO o.a.j.t.JMeterThread: Thread is done: 流控入门，QPS < 5 1-7
2024-12-28 10:56:32,818 INFO o.a.j.t.JMeterThread: Thread finished: 流控入门，QPS < 5 1-7
2024-12-28 10:56:32,907 INFO o.a.j.t.JMeterThread: Thread started: 流控入门，QPS < 5 1-8
2024-12-28 10:56:32,911 INFO o.a.j.t.JMeterThread: Thread is done: 流控入门，QPS < 5 1-8
2024-12-28 10:56:32,911 INFO o.a.j.t.JMeterThread: Thread finished: 流控入门，QPS < 5 1-8
2024-12-28 10:56:33,017 INFO o.a.j.t.JMeterThread: Thread started: 流控入门，QPS < 5 1-9
2024-12-28 10:56:33,027 INFO o.a.j.t.JMeterThread: Thread is done: 流控入门，QPS < 5 1-9
2024-12-28 10:56:33,027 INFO o.a.j.t.JMeterThread: Thread finished: 流控入门，QPS < 5 1-9
2024-12-28 10:56:33,111 INFO o.a.j.t.JMeterThread: Thread started: 流控入门，QPS < 5 1-10
2024-12-28 10:56:33,122 INFO o.a.j.t.JMeterThread: Thread is done: 流控入门，QPS < 5 1-10
2024-12-28 10:56:33,122 INFO o.a.j.t.JMeterThread: Thread finished: 流控入门，QPS < 5 1-10
2024-12-28 10:56:33,208 INFO o.a.j.t.JMeterThread: Thread started: 流控入门，QPS < 5 1-11
2024-12-28 10:56:33,216 INFO o.a.j.t.JMeterThread: Thread is done: 流控入门，QPS < 5 1-11
2024-12-28 10:56:33,216 INFO o.a.j.t.JMeterThread: Thread finished: 流控入门，QPS < 5 1-11
2024-12-28 10:56:33,303 INFO o.a.j.t.JMeterThread: Thread started: 流控入门，QPS < 5 1-12
2024-12-28 10:56:33,307 INFO o.a.j.t.JMeterThread: Thread is done: 流控入门，QPS < 5 1-12
2024-12-28 10:56:33,307 INFO o.a.j.t.JMeterThread: Thread finished: 流控入门，QPS < 5 1-12
2024-12-28 10:56:33,403 INFO o.a.j.t.JMeterThread: Thread started: 流控入门，QPS < 5 1-13
2024-12-28 10:56:33,407 INFO o.a.j.t.JMeterThread: Thread is done: 流控入门，QPS < 5 1-13
2024-12-28 10:56:33,407 INFO o.a.j.t.JMeterThread: Thread finished: 流控入门，QPS < 5 1-13
2024-12-28 10:56:33,503 INFO o.a.j.t.JMeterThread: Thread started: 流控入门，QPS < 5 1-14
2024-12-28 10:56:33,512 INFO o.a.j.t.JMeterThread: Thread is done: 流控入门，QPS < 5 1-14
2024-12-28 10:56:33,512 INFO o.a.j.t.JMeterThread: Thread finished: 流控入门，QPS < 5 1-14
2024-12-28 10:56:33,603 INFO o.a.j.t.JMeterThread: Thread started: 流控入门，QPS < 5 1-15
2024-12-28 10:56:33,614 INFO o.a.j.t.JMeterThread: Thread is done: 流控入门，QPS < 5 1-15
2024-12-28 10:56:33,614 INFO o.a.j.t.JMeterThread: Thread finished: 流控入门，QPS < 5 1-15
2024-12-28 10:56:33,708 INFO o.a.j.t.JMeterThread: Thread started: 流控入门，QPS < 5 1-16
2024-12-28 10:56:33,712 INFO o.a.j.t.JMeterThread: Thread is done: 流控入门，QPS < 5 1-16
2024-12-28 10:56:33,712 INFO o.a.j.t.JMeterThread: Thread finished: 流控入门，QPS < 5 1-16
2024-12-28 10:56:33,808 INFO o.a.j.t.JMeterThread: Thread started: 流控入门，QPS < 5 1-17
2024-12-28 10:56:33,812 INFO o.a.j.t.JMeterThread: Thread is done: 流控入门，QPS < 5 1-17
2024-12-28 10:56:33,812 INFO o.a.j.t.JMeterThread: Thread finished: 流控入门，QPS < 5 1-17
2024-12-28 10:56:33,903 INFO o.a.j.t.JMeterThread: Thread started: 流控入门，QPS < 5 1-18
2024-12-28 10:56:33,909 INFO o.a.j.t.JMeterThread: Thread is done: 流控入门，QPS < 5 1-18
2024-12-28 10:56:33,909 INFO o.a.j.t.JMeterThread: Thread finished: 流控入门，QPS < 5 1-18
2024-12-28 10:56:34,004 INFO o.a.j.t.JMeterThread: Thread started: 流控入门，QPS < 5 1-19
2024-12-28 10:56:34,014 INFO o.a.j.t.JMeterThread: Thread is done: 流控入门，QPS < 5 1-19
2024-12-28 10:56:34,014 INFO o.a.j.t.JMeterThread: Thread finished: 流控入门，QPS < 5 1-19
2024-12-28 10:56:34,104 INFO o.a.j.t.JMeterThread: Thread started: 流控入门，QPS < 5 1-20
2024-12-28 10:56:34,112 INFO o.a.j.t.JMeterThread: Thread is done: 流控入门，QPS < 5 1-20
2024-12-28 10:56:34,112 INFO o.a.j.t.JMeterThread: Thread finished: 流控入门，QPS < 5 1-20
2024-12-28 10:56:34,112 INFO o.a.j.e.StandardJMeterEngine: Notifying test listeners of end of test
2024-12-28 10:56:34,112 INFO o.a.j.g.u.JMeterMenuBar: setRunning(false, *local*)
2024-12-28 10:57:44,233 INFO o.a.j.u.JMeterUtils: Setting Locale to zh_CN
2024-12-28 10:58:02,319 INFO o.a.j.e.StandardJMeterEngine: Running the test!
2024-12-28 10:58:02,319 INFO o.a.j.s.SampleEvent: List of sample_variables: []
2024-12-28 10:58:02,323 INFO o.a.j.g.u.JMeterMenuBar: setRunning(true, *local*)
2024-12-28 10:58:02,351 INFO o.a.j.e.StandardJMeterEngine: Starting ThreadGroup: 1 : 流控入门，QPS < 5
2024-12-28 10:58:02,351 INFO o.a.j.e.StandardJMeterEngine: Starting 20 threads for group 流控入门，QPS < 5.
2024-12-28 10:58:02,351 INFO o.a.j.e.StandardJMeterEngine: Thread will continue on error
2024-12-28 10:58:02,351 INFO o.a.j.t.ThreadGroup: Starting thread group... number=1 threads=20 ramp-up=1 delayedStart=false
2024-12-28 10:58:02,351 INFO o.a.j.t.JMeterThread: Thread started: 流控入门，QPS < 5 1-1
2024-12-28 10:58:02,351 INFO o.a.j.t.ThreadGroup: Started thread group number 1
2024-12-28 10:58:02,351 INFO o.a.j.e.StandardJMeterEngine: All thread groups have been started
2024-12-28 10:58:02,363 INFO o.a.j.t.JMeterThread: Thread is done: 流控入门，QPS < 5 1-1
2024-12-28 10:58:02,363 INFO o.a.j.t.JMeterThread: Thread finished: 流控入门，QPS < 5 1-1
2024-12-28 10:58:02,403 INFO o.a.j.t.JMeterThread: Thread started: 流控入门，QPS < 5 1-2
2024-12-28 10:58:02,411 INFO o.a.j.t.JMeterThread: Thread is done: 流控入门，QPS < 5 1-2
2024-12-28 10:58:02,411 INFO o.a.j.t.JMeterThread: Thread finished: 流控入门，QPS < 5 1-2
2024-12-28 10:58:02,454 INFO o.a.j.t.JMeterThread: Thread started: 流控入门，QPS < 5 1-3
2024-12-28 10:58:02,462 INFO o.a.j.t.JMeterThread: Thread is done: 流控入门，QPS < 5 1-3
2024-12-28 10:58:02,462 INFO o.a.j.t.JMeterThread: Thread finished: 流控入门，QPS < 5 1-3
2024-12-28 10:58:02,514 INFO o.a.j.t.JMeterThread: Thread started: 流控入门，QPS < 5 1-4
2024-12-28 10:58:02,522 INFO o.a.j.t.JMeterThread: Thread is done: 流控入门，QPS < 5 1-4
2024-12-28 10:58:02,522 INFO o.a.j.t.JMeterThread: Thread finished: 流控入门，QPS < 5 1-4
2024-12-28 10:58:02,562 INFO o.a.j.t.JMeterThread: Thread started: 流控入门，QPS < 5 1-5
2024-12-28 10:58:02,570 INFO o.a.j.t.JMeterThread: Thread is done: 流控入门，QPS < 5 1-5
2024-12-28 10:58:02,570 INFO o.a.j.t.JMeterThread: Thread finished: 流控入门，QPS < 5 1-5
2024-12-28 10:58:02,606 INFO o.a.j.t.JMeterThread: Thread started: 流控入门，QPS < 5 1-6
2024-12-28 10:58:02,610 INFO o.a.j.t.JMeterThread: Thread is done: 流控入门，QPS < 5 1-6
2024-12-28 10:58:02,610 INFO o.a.j.t.JMeterThread: Thread finished: 流控入门，QPS < 5 1-6
2024-12-28 10:58:02,654 INFO o.a.j.t.JMeterThread: Thread started: 流控入门，QPS < 5 1-7
2024-12-28 10:58:02,654 INFO o.a.j.t.JMeterThread: Thread is done: 流控入门，QPS < 5 1-7
2024-12-28 10:58:02,654 INFO o.a.j.t.JMeterThread: Thread finished: 流控入门，QPS < 5 1-7
2024-12-28 10:58:02,714 INFO o.a.j.t.JMeterThread: Thread started: 流控入门，QPS < 5 1-8
2024-12-28 10:58:02,714 INFO o.a.j.t.JMeterThread: Thread is done: 流控入门，QPS < 5 1-8
2024-12-28 10:58:02,714 INFO o.a.j.t.JMeterThread: Thread finished: 流控入门，QPS < 5 1-8
2024-12-28 10:58:02,762 INFO o.a.j.t.JMeterThread: Thread started: 流控入门，QPS < 5 1-9
2024-12-28 10:58:02,762 INFO o.a.j.t.JMeterThread: Thread is done: 流控入门，QPS < 5 1-9
2024-12-28 10:58:02,762 INFO o.a.j.t.JMeterThread: Thread finished: 流控入门，QPS < 5 1-9
2024-12-28 10:58:02,807 INFO o.a.j.t.JMeterThread: Thread started: 流控入门，QPS < 5 1-10
2024-12-28 10:58:02,808 INFO o.a.j.t.JMeterThread: Thread is done: 流控入门，QPS < 5 1-10
2024-12-28 10:58:02,808 INFO o.a.j.t.JMeterThread: Thread finished: 流控入门，QPS < 5 1-10
2024-12-28 10:58:02,865 INFO o.a.j.t.JMeterThread: Thread started: 流控入门，QPS < 5 1-11
2024-12-28 10:58:02,865 INFO o.a.j.t.JMeterThread: Thread is done: 流控入门，QPS < 5 1-11
2024-12-28 10:58:02,865 INFO o.a.j.t.JMeterThread: Thread finished: 流控入门，QPS < 5 1-11
2024-12-28 10:58:02,907 INFO o.a.j.t.JMeterThread: Thread started: 流控入门，QPS < 5 1-12
2024-12-28 10:58:02,907 INFO o.a.j.t.JMeterThread: Thread is done: 流控入门，QPS < 5 1-12
2024-12-28 10:58:02,907 INFO o.a.j.t.JMeterThread: Thread finished: 流控入门，QPS < 5 1-12
2024-12-28 10:58:02,965 INFO o.a.j.t.JMeterThread: Thread started: 流控入门，QPS < 5 1-13
2024-12-28 10:58:02,965 INFO o.a.j.t.JMeterThread: Thread is done: 流控入门，QPS < 5 1-13
2024-12-28 10:58:02,965 INFO o.a.j.t.JMeterThread: Thread finished: 流控入门，QPS < 5 1-13
2024-12-28 10:58:03,010 INFO o.a.j.t.JMeterThread: Thread started: 流控入门，QPS < 5 1-14
2024-12-28 10:58:03,013 INFO o.a.j.t.JMeterThread: Thread is done: 流控入门，QPS < 5 1-14
2024-12-28 10:58:03,017 INFO o.a.j.t.JMeterThread: Thread finished: 流控入门，QPS < 5 1-14
2024-12-28 10:58:03,055 INFO o.a.j.t.JMeterThread: Thread started: 流控入门，QPS < 5 1-15
2024-12-28 10:58:03,059 INFO o.a.j.t.JMeterThread: Thread is done: 流控入门，QPS < 5 1-15
2024-12-28 10:58:03,059 INFO o.a.j.t.JMeterThread: Thread finished: 流控入门，QPS < 5 1-15
2024-12-28 10:58:03,106 INFO o.a.j.t.JMeterThread: Thread started: 流控入门，QPS < 5 1-16
2024-12-28 10:58:03,114 INFO o.a.j.t.JMeterThread: Thread is done: 流控入门，QPS < 5 1-16
2024-12-28 10:58:03,114 INFO o.a.j.t.JMeterThread: Thread finished: 流控入门，QPS < 5 1-16
2024-12-28 10:58:03,160 INFO o.a.j.t.JMeterThread: Thread started: 流控入门，QPS < 5 1-17
2024-12-28 10:58:03,160 INFO o.a.j.t.JMeterThread: Thread is done: 流控入门，QPS < 5 1-17
2024-12-28 10:58:03,160 INFO o.a.j.t.JMeterThread: Thread finished: 流控入门，QPS < 5 1-17
2024-12-28 10:58:03,206 INFO o.a.j.t.JMeterThread: Thread started: 流控入门，QPS < 5 1-18
2024-12-28 10:58:03,206 INFO o.a.j.t.JMeterThread: Thread is done: 流控入门，QPS < 5 1-18
2024-12-28 10:58:03,206 INFO o.a.j.t.JMeterThread: Thread finished: 流控入门，QPS < 5 1-18
2024-12-28 10:58:03,260 INFO o.a.j.t.JMeterThread: Thread started: 流控入门，QPS < 5 1-19
2024-12-28 10:58:03,260 INFO o.a.j.t.JMeterThread: Thread is done: 流控入门，QPS < 5 1-19
2024-12-28 10:58:03,260 INFO o.a.j.t.JMeterThread: Thread finished: 流控入门，QPS < 5 1-19
2024-12-28 10:58:03,307 INFO o.a.j.t.JMeterThread: Thread started: 流控入门，QPS < 5 1-20
2024-12-28 10:58:03,307 INFO o.a.j.t.JMeterThread: Thread is done: 流控入门，QPS < 5 1-20
2024-12-28 10:58:03,310 INFO o.a.j.t.JMeterThread: Thread finished: 流控入门，QPS < 5 1-20
2024-12-28 10:58:03,310 INFO o.a.j.e.StandardJMeterEngine: Notifying test listeners of end of test
2024-12-28 10:58:03,310 INFO o.a.j.g.u.JMeterMenuBar: setRunning(false, *local*)
2024-12-28 10:58:03,479 INFO o.a.j.v.ViewResultsFullVisualizer: Add JavaFX to your Java installation if you want to use renderer: org.apache.jmeter.visualizers.RenderInBrowser
2024-12-28 10:58:18,281 INFO o.a.j.e.StandardJMeterEngine: Running the test!
2024-12-28 10:58:18,281 INFO o.a.j.s.SampleEvent: List of sample_variables: []
2024-12-28 10:58:18,281 INFO o.a.j.g.u.JMeterMenuBar: setRunning(true, *local*)
2024-12-28 10:58:18,309 INFO o.a.j.e.StandardJMeterEngine: Starting ThreadGroup: 1 : 流控入门，QPS < 5
2024-12-28 10:58:18,309 INFO o.a.j.e.StandardJMeterEngine: Starting 20 threads for group 流控入门，QPS < 5.
2024-12-28 10:58:18,309 INFO o.a.j.e.StandardJMeterEngine: Thread will continue on error
2024-12-28 10:58:18,309 INFO o.a.j.t.ThreadGroup: Starting thread group... number=1 threads=20 ramp-up=1 delayedStart=false
2024-12-28 10:58:18,309 INFO o.a.j.t.JMeterThread: Thread started: 流控入门，QPS < 5 1-1
2024-12-28 10:58:18,309 INFO o.a.j.t.ThreadGroup: Started thread group number 1
2024-12-28 10:58:18,309 INFO o.a.j.e.StandardJMeterEngine: All thread groups have been started
2024-12-28 10:58:18,317 INFO o.a.j.t.JMeterThread: Thread is done: 流控入门，QPS < 5 1-1
2024-12-28 10:58:18,317 INFO o.a.j.t.JMeterThread: Thread finished: 流控入门，QPS < 5 1-1
2024-12-28 10:58:18,369 INFO o.a.j.t.JMeterThread: Thread started: 流控入门，QPS < 5 1-2
2024-12-28 10:58:18,381 INFO o.a.j.t.JMeterThread: Thread is done: 流控入门，QPS < 5 1-2
2024-12-28 10:58:18,381 INFO o.a.j.t.JMeterThread: Thread finished: 流控入门，QPS < 5 1-2
2024-12-28 10:58:18,417 INFO o.a.j.t.JMeterThread: Thread started: 流控入门，QPS < 5 1-3
2024-12-28 10:58:18,421 INFO o.a.j.t.JMeterThread: Thread is done: 流控入门，QPS < 5 1-3
2024-12-28 10:58:18,425 INFO o.a.j.t.JMeterThread: Thread finished: 流控入门，QPS < 5 1-3
2024-12-28 10:58:18,465 INFO o.a.j.t.JMeterThread: Thread started: 流控入门，QPS < 5 1-4
2024-12-28 10:58:18,469 INFO o.a.j.t.JMeterThread: Thread is done: 流控入门，QPS < 5 1-4
2024-12-28 10:58:18,469 INFO o.a.j.t.JMeterThread: Thread finished: 流控入门，QPS < 5 1-4
2024-12-28 10:58:18,513 INFO o.a.j.t.JMeterThread: Thread started: 流控入门，QPS < 5 1-5
2024-12-28 10:58:18,522 INFO o.a.j.t.JMeterThread: Thread is done: 流控入门，QPS < 5 1-5
2024-12-28 10:58:18,522 INFO o.a.j.t.JMeterThread: Thread finished: 流控入门，QPS < 5 1-5
2024-12-28 10:58:18,568 INFO o.a.j.t.JMeterThread: Thread started: 流控入门，QPS < 5 1-6
2024-12-28 10:58:18,572 INFO o.a.j.t.JMeterThread: Thread is done: 流控入门，QPS < 5 1-6
2024-12-28 10:58:18,572 INFO o.a.j.t.JMeterThread: Thread finished: 流控入门，QPS < 5 1-6
2024-12-28 10:58:18,613 INFO o.a.j.t.JMeterThread: Thread started: 流控入门，QPS < 5 1-7
2024-12-28 10:58:18,613 INFO o.a.j.t.JMeterThread: Thread is done: 流控入门，QPS < 5 1-7
2024-12-28 10:58:18,613 INFO o.a.j.t.JMeterThread: Thread finished: 流控入门，QPS < 5 1-7
2024-12-28 10:58:18,667 INFO o.a.j.t.JMeterThread: Thread started: 流控入门，QPS < 5 1-8
2024-12-28 10:58:18,671 INFO o.a.j.t.JMeterThread: Thread is done: 流控入门，QPS < 5 1-8
2024-12-28 10:58:18,671 INFO o.a.j.t.JMeterThread: Thread finished: 流控入门，QPS < 5 1-8
2024-12-28 10:58:18,723 INFO o.a.j.t.JMeterThread: Thread started: 流控入门，QPS < 5 1-9
2024-12-28 10:58:18,723 INFO o.a.j.t.JMeterThread: Thread is done: 流控入门，QPS < 5 1-9
2024-12-28 10:58:18,723 INFO o.a.j.t.JMeterThread: Thread finished: 流控入门，QPS < 5 1-9
2024-12-28 10:58:18,768 INFO o.a.j.t.JMeterThread: Thread started: 流控入门，QPS < 5 1-10
2024-12-28 10:58:18,772 INFO o.a.j.t.JMeterThread: Thread is done: 流控入门，QPS < 5 1-10
2024-12-28 10:58:18,772 INFO o.a.j.t.JMeterThread: Thread finished: 流控入门，QPS < 5 1-10
2024-12-28 10:58:18,812 INFO o.a.j.t.JMeterThread: Thread started: 流控入门，QPS < 5 1-11
2024-12-28 10:58:18,816 INFO o.a.j.t.JMeterThread: Thread is done: 流控入门，QPS < 5 1-11
2024-12-28 10:58:18,816 INFO o.a.j.t.JMeterThread: Thread finished: 流控入门，QPS < 5 1-11
2024-12-28 10:58:18,871 INFO o.a.j.t.JMeterThread: Thread started: 流控入门，QPS < 5 1-12
2024-12-28 10:58:18,874 INFO o.a.j.t.JMeterThread: Thread is done: 流控入门，QPS < 5 1-12
2024-12-28 10:58:18,874 INFO o.a.j.t.JMeterThread: Thread finished: 流控入门，QPS < 5 1-12
2024-12-28 10:58:18,916 INFO o.a.j.t.JMeterThread: Thread started: 流控入门，QPS < 5 1-13
2024-12-28 10:58:18,916 INFO o.a.j.t.JMeterThread: Thread is done: 流控入门，QPS < 5 1-13
2024-12-28 10:58:18,916 INFO o.a.j.t.JMeterThread: Thread finished: 流控入门，QPS < 5 1-13
2024-12-28 10:58:18,962 INFO o.a.j.t.JMeterThread: Thread started: 流控入门，QPS < 5 1-14
2024-12-28 10:58:18,962 INFO o.a.j.t.JMeterThread: Thread is done: 流控入门，QPS < 5 1-14
2024-12-28 10:58:18,962 INFO o.a.j.t.JMeterThread: Thread finished: 流控入门，QPS < 5 1-14
2024-12-28 10:58:19,017 INFO o.a.j.t.JMeterThread: Thread started: 流控入门，QPS < 5 1-15
2024-12-28 10:58:19,021 INFO o.a.j.t.JMeterThread: Thread is done: 流控入门，QPS < 5 1-15
2024-12-28 10:58:19,021 INFO o.a.j.t.JMeterThread: Thread finished: 流控入门，QPS < 5 1-15
2024-12-28 10:58:19,065 INFO o.a.j.t.JMeterThread: Thread started: 流控入门，QPS < 5 1-16
2024-12-28 10:58:19,073 INFO o.a.j.t.JMeterThread: Thread is done: 流控入门，QPS < 5 1-16
2024-12-28 10:58:19,073 INFO o.a.j.t.JMeterThread: Thread finished: 流控入门，QPS < 5 1-16
2024-12-28 10:58:19,125 INFO o.a.j.t.JMeterThread: Thread started: 流控入门，QPS < 5 1-17
2024-12-28 10:58:19,133 INFO o.a.j.t.JMeterThread: Thread is done: 流控入门，QPS < 5 1-17
2024-12-28 10:58:19,133 INFO o.a.j.t.JMeterThread: Thread finished: 流控入门，QPS < 5 1-17
2024-12-28 10:58:19,169 INFO o.a.j.t.JMeterThread: Thread started: 流控入门，QPS < 5 1-18
2024-12-28 10:58:19,177 INFO o.a.j.t.JMeterThread: Thread is done: 流控入门，QPS < 5 1-18
2024-12-28 10:58:19,177 INFO o.a.j.t.JMeterThread: Thread finished: 流控入门，QPS < 5 1-18
2024-12-28 10:58:19,213 INFO o.a.j.t.JMeterThread: Thread started: 流控入门，QPS < 5 1-19
2024-12-28 10:58:19,215 INFO o.a.j.t.JMeterThread: Thread is done: 流控入门，QPS < 5 1-19
2024-12-28 10:58:19,215 INFO o.a.j.t.JMeterThread: Thread finished: 流控入门，QPS < 5 1-19
2024-12-28 10:58:19,270 INFO o.a.j.t.JMeterThread: Thread started: 流控入门，QPS < 5 1-20
2024-12-28 10:58:19,274 INFO o.a.j.t.JMeterThread: Thread is done: 流控入门，QPS < 5 1-20
2024-12-28 10:58:19,274 INFO o.a.j.t.JMeterThread: Thread finished: 流控入门，QPS < 5 1-20
2024-12-28 10:58:19,274 INFO o.a.j.e.StandardJMeterEngine: Notifying test listeners of end of test
2024-12-28 10:58:19,274 INFO o.a.j.g.u.JMeterMenuBar: setRunning(false, *local*)
2024-12-28 14:27:35,479 INFO o.a.j.e.StandardJMeterEngine: Running the test!
2024-12-28 14:27:35,479 INFO o.a.j.s.SampleEvent: List of sample_variables: []
2024-12-28 14:27:35,479 INFO o.a.j.g.u.JMeterMenuBar: setRunning(true, *local*)
2024-12-28 14:27:35,517 INFO o.a.j.e.StandardJMeterEngine: Starting ThreadGroup: 1 : 流控效果，warm up
2024-12-28 14:27:35,517 INFO o.a.j.e.StandardJMeterEngine: Starting 200 threads for group 流控效果，warm up.
2024-12-28 14:27:35,517 INFO o.a.j.e.StandardJMeterEngine: Thread will continue on error
2024-12-28 14:27:35,517 INFO o.a.j.t.ThreadGroup: Starting thread group... number=1 threads=200 ramp-up=5 delayedStart=false
2024-12-28 14:27:35,526 INFO o.a.j.t.JMeterThread: Thread started: 流控效果，warm up 1-1
2024-12-28 14:27:35,543 INFO o.a.j.t.JMeterThread: Thread started: 流控效果，warm up 1-2
2024-12-28 14:27:35,559 INFO o.a.j.t.ThreadGroup: Started thread group number 1
2024-12-28 14:27:35,559 INFO o.a.j.e.StandardJMeterEngine: All thread groups have been started
2024-12-28 14:27:35,568 INFO o.a.j.t.JMeterThread: Thread started: 流控效果，warm up 1-3
2024-12-28 14:27:35,593 INFO o.a.j.t.JMeterThread: Thread started: 流控效果，warm up 1-4
2024-12-28 14:27:35,621 INFO o.a.j.t.JMeterThread: Thread started: 流控效果，warm up 1-5
2024-12-28 14:27:35,646 INFO o.a.j.t.JMeterThread: Thread started: 流控效果，warm up 1-6
2024-12-28 14:27:35,669 INFO o.a.j.t.JMeterThread: Thread started: 流控效果，warm up 1-7
2024-12-28 14:27:35,697 INFO o.a.j.t.JMeterThread: Thread started: 流控效果，warm up 1-8
2024-12-28 14:27:35,722 INFO o.a.j.t.JMeterThread: Thread started: 流控效果，warm up 1-9
2024-12-28 14:27:35,748 INFO o.a.j.t.JMeterThread: Thread started: 流控效果，warm up 1-10
2024-12-28 14:27:35,769 INFO o.a.j.t.JMeterThread: Thread started: 流控效果，warm up 1-11
2024-12-28 14:27:35,794 INFO o.a.j.t.JMeterThread: Thread started: 流控效果，warm up 1-12
2024-12-28 14:27:35,819 INFO o.a.j.t.JMeterThread: Thread started: 流控效果，warm up 1-13
2024-12-28 14:27:35,847 INFO o.a.j.t.JMeterThread: Thread started: 流控效果，warm up 1-14
2024-12-28 14:27:35,870 INFO o.a.j.t.JMeterThread: Thread started: 流控效果，warm up 1-15
2024-12-28 14:27:35,895 INFO o.a.j.t.JMeterThread: Thread started: 流控效果，warm up 1-16
2024-12-28 14:27:35,919 INFO o.a.j.t.JMeterThread: Thread started: 流控效果，warm up 1-17
2024-12-28 14:27:35,944 INFO o.a.j.t.JMeterThread: Thread started: 流控效果，warm up 1-18
2024-12-28 14:27:35,969 INFO o.a.j.t.JMeterThread: Thread started: 流控效果，warm up 1-19
2024-12-28 14:27:35,994 INFO o.a.j.t.JMeterThread: Thread started: 流控效果，warm up 1-20
2024-12-28 14:27:36,019 INFO o.a.j.t.JMeterThread: Thread started: 流控效果，warm up 1-21
2024-12-28 14:27:36,044 INFO o.a.j.t.JMeterThread: Thread started: 流控效果，warm up 1-22
2024-12-28 14:27:36,068 INFO o.a.j.t.JMeterThread: Thread started: 流控效果，warm up 1-23
2024-12-28 14:27:36,094 INFO o.a.j.t.JMeterThread: Thread started: 流控效果，warm up 1-24
2024-12-28 14:27:36,119 INFO o.a.j.t.JMeterThread: Thread started: 流控效果，warm up 1-25
2024-12-28 14:27:36,144 INFO o.a.j.t.JMeterThread: Thread started: 流控效果，warm up 1-26
2024-12-28 14:27:36,153 INFO o.a.j.t.JMeterThread: Thread is done: 流控效果，warm up 1-8
2024-12-28 14:27:36,153 INFO o.a.j.t.JMeterThread: Thread is done: 流控效果，warm up 1-18
2024-12-28 14:27:36,153 INFO o.a.j.t.JMeterThread: Thread is done: 流控效果，warm up 1-1
2024-12-28 14:27:36,153 INFO o.a.j.t.JMeterThread: Thread is done: 流控效果，warm up 1-13
2024-12-28 14:27:36,154 INFO o.a.j.t.JMeterThread: Thread finished: 流控效果，warm up 1-1
2024-12-28 14:27:36,154 INFO o.a.j.t.JMeterThread: Thread finished: 流控效果，warm up 1-13
2024-12-28 14:27:36,153 INFO o.a.j.t.JMeterThread: Thread is done: 流控效果，warm up 1-6
2024-12-28 14:27:36,153 INFO o.a.j.t.JMeterThread: Thread is done: 流控效果，warm up 1-22
2024-12-28 14:27:36,153 INFO o.a.j.t.JMeterThread: Thread is done: 流控效果，warm up 1-4
2024-12-28 14:27:36,154 INFO o.a.j.t.JMeterThread: Thread finished: 流控效果，warm up 1-22
2024-12-28 14:27:36,153 INFO o.a.j.t.JMeterThread: Thread is done: 流控效果，warm up 1-24
2024-12-28 14:27:36,154 INFO o.a.j.t.JMeterThread: Thread finished: 流控效果，warm up 1-4
2024-12-28 14:27:36,154 INFO o.a.j.t.JMeterThread: Thread finished: 流控效果，warm up 1-24
2024-12-28 14:27:36,154 INFO o.a.j.t.JMeterThread: Thread is done: 流控效果，warm up 1-9
2024-12-28 14:27:36,154 INFO o.a.j.t.JMeterThread: Thread finished: 流控效果，warm up 1-8
2024-12-28 14:27:36,154 INFO o.a.j.t.JMeterThread: Thread finished: 流控效果，warm up 1-9
2024-12-28 14:27:36,154 INFO o.a.j.t.JMeterThread: Thread is done: 流控效果，warm up 1-17
2024-12-28 14:27:36,154 INFO o.a.j.t.JMeterThread: Thread finished: 流控效果，warm up 1-6
2024-12-28 14:27:36,154 INFO o.a.j.t.JMeterThread: Thread finished: 流控效果，warm up 1-18
2024-12-28 14:27:36,155 INFO o.a.j.t.JMeterThread: Thread finished: 流控效果，warm up 1-17
2024-12-28 14:27:36,161 INFO o.a.j.t.JMeterThread: Thread is done: 流控效果，warm up 1-26
2024-12-28 14:27:36,161 INFO o.a.j.t.JMeterThread: Thread finished: 流控效果，warm up 1-26
2024-12-28 14:27:36,169 INFO o.a.j.t.JMeterThread: Thread started: 流控效果，warm up 1-27
2024-12-28 14:27:36,172 INFO o.a.j.t.JMeterThread: Thread is done: 流控效果，warm up 1-3
2024-12-28 14:27:36,172 INFO o.a.j.t.JMeterThread: Thread is done: 流控效果，warm up 1-16
2024-12-28 14:27:36,173 INFO o.a.j.t.JMeterThread: Thread finished: 流控效果，warm up 1-3
2024-12-28 14:27:36,173 INFO o.a.j.t.JMeterThread: Thread finished: 流控效果，warm up 1-16
2024-12-28 14:27:36,185 INFO o.a.j.t.JMeterThread: Thread is done: 流控效果，warm up 1-25
2024-12-28 14:27:36,185 INFO o.a.j.t.JMeterThread: Thread is done: 流控效果，warm up 1-23
2024-12-28 14:27:36,185 INFO o.a.j.t.JMeterThread: Thread finished: 流控效果，warm up 1-25
2024-12-28 14:27:36,185 INFO o.a.j.t.JMeterThread: Thread finished: 流控效果，warm up 1-23
2024-12-28 14:27:36,186 INFO o.a.j.t.JMeterThread: Thread is done: 流控效果，warm up 1-7
2024-12-28 14:27:36,186 INFO o.a.j.t.JMeterThread: Thread is done: 流控效果，warm up 1-5
2024-12-28 14:27:36,186 INFO o.a.j.t.JMeterThread: Thread is done: 流控效果，warm up 1-19
2024-12-28 14:27:36,186 INFO o.a.j.t.JMeterThread: Thread is done: 流控效果，warm up 1-27
2024-12-28 14:27:36,186 INFO o.a.j.t.JMeterThread: Thread finished: 流控效果，warm up 1-5
2024-12-28 14:27:36,186 INFO o.a.j.t.JMeterThread: Thread finished: 流控效果，warm up 1-19
2024-12-28 14:27:36,186 INFO o.a.j.t.JMeterThread: Thread finished: 流控效果，warm up 1-7
2024-12-28 14:27:36,186 INFO o.a.j.t.JMeterThread: Thread finished: 流控效果，warm up 1-27
2024-12-28 14:27:36,186 INFO o.a.j.t.JMeterThread: Thread is done: 流控效果，warm up 1-14
2024-12-28 14:27:36,187 INFO o.a.j.t.JMeterThread: Thread finished: 流控效果，warm up 1-14
2024-12-28 14:27:36,193 INFO o.a.j.t.JMeterThread: Thread started: 流控效果，warm up 1-28
2024-12-28 14:27:36,193 INFO o.a.j.t.JMeterThread: Thread is done: 流控效果，warm up 1-15
2024-12-28 14:27:36,193 INFO o.a.j.t.JMeterThread: Thread is done: 流控效果，warm up 1-10
2024-12-28 14:27:36,193 INFO o.a.j.t.JMeterThread: Thread is done: 流控效果，warm up 1-2
2024-12-28 14:27:36,193 INFO o.a.j.t.JMeterThread: Thread is done: 流控效果，warm up 1-11
2024-12-28 14:27:36,194 INFO o.a.j.t.JMeterThread: Thread finished: 流控效果，warm up 1-2
2024-12-28 14:27:36,194 INFO o.a.j.t.JMeterThread: Thread finished: 流控效果，warm up 1-10
2024-12-28 14:27:36,194 INFO o.a.j.t.JMeterThread: Thread finished: 流控效果，warm up 1-15
2024-12-28 14:27:36,194 INFO o.a.j.t.JMeterThread: Thread finished: 流控效果，warm up 1-11
2024-12-28 14:27:36,194 INFO o.a.j.t.JMeterThread: Thread is done: 流控效果，warm up 1-12
2024-12-28 14:27:36,194 INFO o.a.j.t.JMeterThread: Thread is done: 流控效果，warm up 1-21
2024-12-28 14:27:36,194 INFO o.a.j.t.JMeterThread: Thread finished: 流控效果，warm up 1-12
2024-12-28 14:27:36,194 INFO o.a.j.t.JMeterThread: Thread finished: 流控效果，warm up 1-21
2024-12-28 14:27:36,194 INFO o.a.j.t.JMeterThread: Thread is done: 流控效果，warm up 1-20
2024-12-28 14:27:36,194 INFO o.a.j.t.JMeterThread: Thread finished: 流控效果，warm up 1-20
2024-12-28 14:27:36,205 INFO o.a.j.t.JMeterThread: Thread is done: 流控效果，warm up 1-28
2024-12-28 14:27:36,206 INFO o.a.j.t.JMeterThread: Thread finished: 流控效果，warm up 1-28
2024-12-28 14:27:36,218 INFO o.a.j.t.JMeterThread: Thread started: 流控效果，warm up 1-29
2024-12-28 14:27:36,229 INFO o.a.j.t.JMeterThread: Thread is done: 流控效果，warm up 1-29
2024-12-28 14:27:36,229 INFO o.a.j.t.JMeterThread: Thread finished: 流控效果，warm up 1-29
2024-12-28 14:27:36,245 INFO o.a.j.t.JMeterThread: Thread started: 流控效果，warm up 1-30
2024-12-28 14:27:36,252 INFO o.a.j.t.JMeterThread: Thread is done: 流控效果，warm up 1-30
2024-12-28 14:27:36,253 INFO o.a.j.t.JMeterThread: Thread finished: 流控效果，warm up 1-30
2024-12-28 14:27:36,269 INFO o.a.j.t.JMeterThread: Thread started: 流控效果，warm up 1-31
2024-12-28 14:27:36,277 INFO o.a.j.t.JMeterThread: Thread is done: 流控效果，warm up 1-31
2024-12-28 14:27:36,277 INFO o.a.j.t.JMeterThread: Thread finished: 流控效果，warm up 1-31
2024-12-28 14:27:36,293 INFO o.a.j.t.JMeterThread: Thread started: 流控效果，warm up 1-32
2024-12-28 14:27:36,302 INFO o.a.j.t.JMeterThread: Thread is done: 流控效果，warm up 1-32
2024-12-28 14:27:36,302 INFO o.a.j.t.JMeterThread: Thread finished: 流控效果，warm up 1-32
2024-12-28 14:27:36,319 INFO o.a.j.t.JMeterThread: Thread started: 流控效果，warm up 1-33
2024-12-28 14:27:36,328 INFO o.a.j.t.JMeterThread: Thread is done: 流控效果，warm up 1-33
2024-12-28 14:27:36,328 INFO o.a.j.t.JMeterThread: Thread finished: 流控效果，warm up 1-33
2024-12-28 14:27:36,345 INFO o.a.j.t.JMeterThread: Thread started: 流控效果，warm up 1-34
2024-12-28 14:27:36,353 INFO o.a.j.t.JMeterThread: Thread is done: 流控效果，warm up 1-34
2024-12-28 14:27:36,354 INFO o.a.j.t.JMeterThread: Thread finished: 流控效果，warm up 1-34
2024-12-28 14:27:36,370 INFO o.a.j.t.JMeterThread: Thread started: 流控效果，warm up 1-35
2024-12-28 14:27:36,378 INFO o.a.j.t.JMeterThread: Thread is done: 流控效果，warm up 1-35
2024-12-28 14:27:36,378 INFO o.a.j.t.JMeterThread: Thread finished: 流控效果，warm up 1-35
2024-12-28 14:27:36,393 INFO o.a.j.t.JMeterThread: Thread started: 流控效果，warm up 1-36
2024-12-28 14:27:36,403 INFO o.a.j.t.JMeterThread: Thread is done: 流控效果，warm up 1-36
2024-12-28 14:27:36,403 INFO o.a.j.t.JMeterThread: Thread finished: 流控效果，warm up 1-36
2024-12-28 14:27:36,418 INFO o.a.j.t.JMeterThread: Thread started: 流控效果，warm up 1-37
2024-12-28 14:27:36,426 INFO o.a.j.t.JMeterThread: Thread is done: 流控效果，warm up 1-37
2024-12-28 14:27:36,426 INFO o.a.j.t.JMeterThread: Thread finished: 流控效果，warm up 1-37
2024-12-28 14:27:36,443 INFO o.a.j.t.JMeterThread: Thread started: 流控效果，warm up 1-38
2024-12-28 14:27:36,450 INFO o.a.j.t.JMeterThread: Thread is done: 流控效果，warm up 1-38
2024-12-28 14:27:36,450 INFO o.a.j.t.JMeterThread: Thread finished: 流控效果，warm up 1-38
2024-12-28 14:27:36,470 INFO o.a.j.t.JMeterThread: Thread started: 流控效果，warm up 1-39
2024-12-28 14:27:36,478 INFO o.a.j.t.JMeterThread: Thread is done: 流控效果，warm up 1-39
2024-12-28 14:27:36,478 INFO o.a.j.t.JMeterThread: Thread finished: 流控效果，warm up 1-39
2024-12-28 14:27:36,495 INFO o.a.j.t.JMeterThread: Thread started: 流控效果，warm up 1-40
2024-12-28 14:27:36,503 INFO o.a.j.t.JMeterThread: Thread is done: 流控效果，warm up 1-40
2024-12-28 14:27:36,503 INFO o.a.j.t.JMeterThread: Thread finished: 流控效果，warm up 1-40
2024-12-28 14:27:36,518 INFO o.a.j.t.JMeterThread: Thread started: 流控效果，warm up 1-41
2024-12-28 14:27:36,518 INFO o.a.j.t.JMeterThread: Thread is done: 流控效果，warm up 1-41
2024-12-28 14:27:36,518 INFO o.a.j.t.JMeterThread: Thread finished: 流控效果，warm up 1-41
2024-12-28 14:27:36,548 INFO o.a.j.t.JMeterThread: Thread started: 流控效果，warm up 1-42
2024-12-28 14:27:36,559 INFO o.a.j.t.JMeterThread: Thread is done: 流控效果，warm up 1-42
2024-12-28 14:27:36,559 INFO o.a.j.t.JMeterThread: Thread finished: 流控效果，warm up 1-42
2024-12-28 14:27:36,567 INFO o.a.j.t.JMeterThread: Thread started: 流控效果，warm up 1-43
2024-12-28 14:27:36,575 INFO o.a.j.t.JMeterThread: Thread is done: 流控效果，warm up 1-43
2024-12-28 14:27:36,576 INFO o.a.j.t.JMeterThread: Thread finished: 流控效果，warm up 1-43
2024-12-28 14:27:36,592 INFO o.a.j.t.JMeterThread: Thread started: 流控效果，warm up 1-44
2024-12-28 14:27:36,602 INFO o.a.j.t.JMeterThread: Thread is done: 流控效果，warm up 1-44
2024-12-28 14:27:36,602 INFO o.a.j.t.JMeterThread: Thread finished: 流控效果，warm up 1-44
2024-12-28 14:27:36,617 INFO o.a.j.t.JMeterThread: Thread started: 流控效果，warm up 1-45
2024-12-28 14:27:36,626 INFO o.a.j.t.JMeterThread: Thread is done: 流控效果，warm up 1-45
2024-12-28 14:27:36,627 INFO o.a.j.t.JMeterThread: Thread finished: 流控效果，warm up 1-45
2024-12-28 14:27:36,643 INFO o.a.j.t.JMeterThread: Thread started: 流控效果，warm up 1-46
2024-12-28 14:27:36,651 INFO o.a.j.t.JMeterThread: Thread is done: 流控效果，warm up 1-46
2024-12-28 14:27:36,651 INFO o.a.j.t.JMeterThread: Thread finished: 流控效果，warm up 1-46
2024-12-28 14:27:36,671 INFO o.a.j.t.JMeterThread: Thread started: 流控效果，warm up 1-47
2024-12-28 14:27:36,679 INFO o.a.j.t.JMeterThread: Thread is done: 流控效果，warm up 1-47
2024-12-28 14:27:36,679 INFO o.a.j.t.JMeterThread: Thread finished: 流控效果，warm up 1-47
2024-12-28 14:27:36,692 INFO o.a.j.t.JMeterThread: Thread started: 流控效果，warm up 1-48
2024-12-28 14:27:36,699 INFO o.a.j.t.JMeterThread: Thread is done: 流控效果，warm up 1-48
2024-12-28 14:27:36,699 INFO o.a.j.t.JMeterThread: Thread finished: 流控效果，warm up 1-48
2024-12-28 14:27:36,717 INFO o.a.j.t.JMeterThread: Thread started: 流控效果，warm up 1-49
2024-12-28 14:27:36,725 INFO o.a.j.t.JMeterThread: Thread is done: 流控效果，warm up 1-49
2024-12-28 14:27:36,725 INFO o.a.j.t.JMeterThread: Thread finished: 流控效果，warm up 1-49
2024-12-28 14:27:36,742 INFO o.a.j.t.JMeterThread: Thread started: 流控效果，warm up 1-50
2024-12-28 14:27:36,751 INFO o.a.j.t.JMeterThread: Thread is done: 流控效果，warm up 1-50
2024-12-28 14:27:36,751 INFO o.a.j.t.JMeterThread: Thread finished: 流控效果，warm up 1-50
2024-12-28 14:27:36,767 INFO o.a.j.t.JMeterThread: Thread started: 流控效果，warm up 1-51
2024-12-28 14:27:36,776 INFO o.a.j.t.JMeterThread: Thread is done: 流控效果，warm up 1-51
2024-12-28 14:27:36,777 INFO o.a.j.t.JMeterThread: Thread finished: 流控效果，warm up 1-51
2024-12-28 14:27:36,792 INFO o.a.j.t.JMeterThread: Thread started: 流控效果，warm up 1-52
2024-12-28 14:27:36,802 INFO o.a.j.t.JMeterThread: Thread is done: 流控效果，warm up 1-52
2024-12-28 14:27:36,802 INFO o.a.j.t.JMeterThread: Thread finished: 流控效果，warm up 1-52
2024-12-28 14:27:36,817 INFO o.a.j.t.JMeterThread: Thread started: 流控效果，warm up 1-53
2024-12-28 14:27:36,825 INFO o.a.j.t.JMeterThread: Thread is done: 流控效果，warm up 1-53
2024-12-28 14:27:36,825 INFO o.a.j.t.JMeterThread: Thread finished: 流控效果，warm up 1-53
2024-12-28 14:27:36,843 INFO o.a.j.t.JMeterThread: Thread started: 流控效果，warm up 1-54
2024-12-28 14:27:36,850 INFO o.a.j.t.JMeterThread: Thread is done: 流控效果，warm up 1-54
2024-12-28 14:27:36,850 INFO o.a.j.t.JMeterThread: Thread finished: 流控效果，warm up 1-54
2024-12-28 14:27:36,870 INFO o.a.j.t.JMeterThread: Thread started: 流控效果，warm up 1-55
2024-12-28 14:27:36,877 INFO o.a.j.t.JMeterThread: Thread is done: 流控效果，warm up 1-55
2024-12-28 14:27:36,877 INFO o.a.j.t.JMeterThread: Thread finished: 流控效果，warm up 1-55
2024-12-28 14:27:36,892 INFO o.a.j.t.JMeterThread: Thread started: 流控效果，warm up 1-56
2024-12-28 14:27:36,900 INFO o.a.j.t.JMeterThread: Thread is done: 流控效果，warm up 1-56
2024-12-28 14:27:36,900 INFO o.a.j.t.JMeterThread: Thread finished: 流控效果，warm up 1-56
2024-12-28 14:27:36,917 INFO o.a.j.t.JMeterThread: Thread started: 流控效果，warm up 1-57
2024-12-28 14:27:36,924 INFO o.a.j.t.JMeterThread: Thread is done: 流控效果，warm up 1-57
2024-12-28 14:27:36,924 INFO o.a.j.t.JMeterThread: Thread finished: 流控效果，warm up 1-57
2024-12-28 14:27:36,942 INFO o.a.j.t.JMeterThread: Thread started: 流控效果，warm up 1-58
2024-12-28 14:27:36,949 INFO o.a.j.t.JMeterThread: Thread is done: 流控效果，warm up 1-58
2024-12-28 14:27:36,949 INFO o.a.j.t.JMeterThread: Thread finished: 流控效果，warm up 1-58
2024-12-28 14:27:36,967 INFO o.a.j.t.JMeterThread: Thread started: 流控效果，warm up 1-59
2024-12-28 14:27:36,974 INFO o.a.j.t.JMeterThread: Thread is done: 流控效果，warm up 1-59
2024-12-28 14:27:36,974 INFO o.a.j.t.JMeterThread: Thread finished: 流控效果，warm up 1-59
2024-12-28 14:27:36,992 INFO o.a.j.t.JMeterThread: Thread started: 流控效果，warm up 1-60
2024-12-28 14:27:37,000 INFO o.a.j.t.JMeterThread: Thread is done: 流控效果，warm up 1-60
2024-12-28 14:27:37,000 INFO o.a.j.t.JMeterThread: Thread finished: 流控效果，warm up 1-60
2024-12-28 14:27:37,017 INFO o.a.j.t.JMeterThread: Thread started: 流控效果，warm up 1-61
2024-12-28 14:27:37,025 INFO o.a.j.t.JMeterThread: Thread is done: 流控效果，warm up 1-61
2024-12-28 14:27:37,025 INFO o.a.j.t.JMeterThread: Thread finished: 流控效果，warm up 1-61
2024-12-28 14:27:37,043 INFO o.a.j.t.JMeterThread: Thread started: 流控效果，warm up 1-62
2024-12-28 14:27:37,051 INFO o.a.j.t.JMeterThread: Thread is done: 流控效果，warm up 1-62
2024-12-28 14:27:37,051 INFO o.a.j.t.JMeterThread: Thread finished: 流控效果，warm up 1-62
2024-12-28 14:27:37,071 INFO o.a.j.t.JMeterThread: Thread started: 流控效果，warm up 1-63
2024-12-28 14:27:37,080 INFO o.a.j.t.JMeterThread: Thread is done: 流控效果，warm up 1-63
2024-12-28 14:27:37,080 INFO o.a.j.t.JMeterThread: Thread finished: 流控效果，warm up 1-63
2024-12-28 14:27:37,093 INFO o.a.j.t.JMeterThread: Thread started: 流控效果，warm up 1-64
2024-12-28 14:27:37,103 INFO o.a.j.t.JMeterThread: Thread is done: 流控效果，warm up 1-64
2024-12-28 14:27:37,103 INFO o.a.j.t.JMeterThread: Thread finished: 流控效果，warm up 1-64
2024-12-28 14:27:37,118 INFO o.a.j.t.JMeterThread: Thread started: 流控效果，warm up 1-65
2024-12-28 14:27:37,127 INFO o.a.j.t.JMeterThread: Thread is done: 流控效果，warm up 1-65
2024-12-28 14:27:37,127 INFO o.a.j.t.JMeterThread: Thread finished: 流控效果，warm up 1-65
2024-12-28 14:27:37,143 INFO o.a.j.t.JMeterThread: Thread started: 流控效果，warm up 1-66
2024-12-28 14:27:37,152 INFO o.a.j.t.JMeterThread: Thread is done: 流控效果，warm up 1-66
2024-12-28 14:27:37,152 INFO o.a.j.t.JMeterThread: Thread finished: 流控效果，warm up 1-66
2024-12-28 14:27:37,167 INFO o.a.j.t.JMeterThread: Thread started: 流控效果，warm up 1-67
2024-12-28 14:27:37,174 INFO o.a.j.t.JMeterThread: Thread is done: 流控效果，warm up 1-67
2024-12-28 14:27:37,174 INFO o.a.j.t.JMeterThread: Thread finished: 流控效果，warm up 1-67
2024-12-28 14:27:37,193 INFO o.a.j.t.JMeterThread: Thread started: 流控效果，warm up 1-68
2024-12-28 14:27:37,201 INFO o.a.j.t.JMeterThread: Thread is done: 流控效果，warm up 1-68
2024-12-28 14:27:37,201 INFO o.a.j.t.JMeterThread: Thread finished: 流控效果，warm up 1-68
2024-12-28 14:27:37,221 INFO o.a.j.t.JMeterThread: Thread started: 流控效果，warm up 1-69
2024-12-28 14:27:37,229 INFO o.a.j.t.JMeterThread: Thread is done: 流控效果，warm up 1-69
2024-12-28 14:27:37,229 INFO o.a.j.t.JMeterThread: Thread finished: 流控效果，warm up 1-69
2024-12-28 14:27:37,243 INFO o.a.j.t.JMeterThread: Thread started: 流控效果，warm up 1-70
2024-12-28 14:27:37,251 INFO o.a.j.t.JMeterThread: Thread is done: 流控效果，warm up 1-70
2024-12-28 14:27:37,251 INFO o.a.j.t.JMeterThread: Thread finished: 流控效果，warm up 1-70
2024-12-28 14:27:37,267 INFO o.a.j.t.JMeterThread: Thread started: 流控效果，warm up 1-71
2024-12-28 14:27:37,275 INFO o.a.j.t.JMeterThread: Thread is done: 流控效果，warm up 1-71
2024-12-28 14:27:37,275 INFO o.a.j.t.JMeterThread: Thread finished: 流控效果，warm up 1-71
2024-12-28 14:27:37,292 INFO o.a.j.t.JMeterThread: Thread started: 流控效果，warm up 1-72
2024-12-28 14:27:37,299 INFO o.a.j.t.JMeterThread: Thread is done: 流控效果，warm up 1-72
2024-12-28 14:27:37,300 INFO o.a.j.t.JMeterThread: Thread finished: 流控效果，warm up 1-72
2024-12-28 14:27:37,317 INFO o.a.j.t.JMeterThread: Thread started: 流控效果，warm up 1-73
2024-12-28 14:27:37,324 INFO o.a.j.t.JMeterThread: Thread is done: 流控效果，warm up 1-73
2024-12-28 14:27:37,324 INFO o.a.j.t.JMeterThread: Thread finished: 流控效果，warm up 1-73
2024-12-28 14:27:37,343 INFO o.a.j.t.JMeterThread: Thread started: 流控效果，warm up 1-74
2024-12-28 14:27:37,350 INFO o.a.j.t.JMeterThread: Thread is done: 流控效果，warm up 1-74
2024-12-28 14:27:37,350 INFO o.a.j.t.JMeterThread: Thread finished: 流控效果，warm up 1-74
2024-12-28 14:27:37,368 INFO o.a.j.t.JMeterThread: Thread started: 流控效果，warm up 1-75
2024-12-28 14:27:37,374 INFO o.a.j.t.JMeterThread: Thread is done: 流控效果，warm up 1-75
2024-12-28 14:27:37,375 INFO o.a.j.t.JMeterThread: Thread finished: 流控效果，warm up 1-75
2024-12-28 14:27:37,392 INFO o.a.j.t.JMeterThread: Thread started: 流控效果，warm up 1-76
2024-12-28 14:27:37,399 INFO o.a.j.t.JMeterThread: Thread is done: 流控效果，warm up 1-76
2024-12-28 14:27:37,399 INFO o.a.j.t.JMeterThread: Thread finished: 流控效果，warm up 1-76
2024-12-28 14:27:37,417 INFO o.a.j.t.JMeterThread: Thread started: 流控效果，warm up 1-77
2024-12-28 14:27:37,424 INFO o.a.j.t.JMeterThread: Thread is done: 流控效果，warm up 1-77
2024-12-28 14:27:37,425 INFO o.a.j.t.JMeterThread: Thread finished: 流控效果，warm up 1-77
2024-12-28 14:27:37,442 INFO o.a.j.t.JMeterThread: Thread started: 流控效果，warm up 1-78
2024-12-28 14:27:37,449 INFO o.a.j.t.JMeterThread: Thread is done: 流控效果，warm up 1-78
2024-12-28 14:27:37,450 INFO o.a.j.t.JMeterThread: Thread finished: 流控效果，warm up 1-78
2024-12-28 14:27:37,467 INFO o.a.j.t.JMeterThread: Thread started: 流控效果，warm up 1-79
2024-12-28 14:27:37,474 INFO o.a.j.t.JMeterThread: Thread is done: 流控效果，warm up 1-79
2024-12-28 14:27:37,474 INFO o.a.j.t.JMeterThread: Thread finished: 流控效果，warm up 1-79
2024-12-28 14:27:37,492 INFO o.a.j.t.JMeterThread: Thread started: 流控效果，warm up 1-80
2024-12-28 14:27:37,500 INFO o.a.j.t.JMeterThread: Thread is done: 流控效果，warm up 1-80
2024-12-28 14:27:37,500 INFO o.a.j.t.JMeterThread: Thread finished: 流控效果，warm up 1-80
2024-12-28 14:27:37,518 INFO o.a.j.t.JMeterThread: Thread started: 流控效果，warm up 1-81
2024-12-28 14:27:37,526 INFO o.a.j.t.JMeterThread: Thread is done: 流控效果，warm up 1-81
2024-12-28 14:27:37,526 INFO o.a.j.t.JMeterThread: Thread finished: 流控效果，warm up 1-81
2024-12-28 14:27:37,543 INFO o.a.j.t.JMeterThread: Thread started: 流控效果，warm up 1-82
2024-12-28 14:27:37,543 INFO o.a.j.t.JMeterThread: Thread is done: 流控效果，warm up 1-82
2024-12-28 14:27:37,543 INFO o.a.j.t.JMeterThread: Thread finished: 流控效果，warm up 1-82
2024-12-28 14:27:37,569 INFO o.a.j.t.JMeterThread: Thread started: 流控效果，warm up 1-83
2024-12-28 14:27:37,577 INFO o.a.j.t.JMeterThread: Thread is done: 流控效果，warm up 1-83
2024-12-28 14:27:37,577 INFO o.a.j.t.JMeterThread: Thread finished: 流控效果，warm up 1-83
2024-12-28 14:27:37,592 INFO o.a.j.t.JMeterThread: Thread started: 流控效果，warm up 1-84
2024-12-28 14:27:37,600 INFO o.a.j.t.JMeterThread: Thread is done: 流控效果，warm up 1-84
2024-12-28 14:27:37,600 INFO o.a.j.t.JMeterThread: Thread finished: 流控效果，warm up 1-84
2024-12-28 14:27:37,617 INFO o.a.j.t.JMeterThread: Thread started: 流控效果，warm up 1-85
2024-12-28 14:27:37,626 INFO o.a.j.t.JMeterThread: Thread is done: 流控效果，warm up 1-85
2024-12-28 14:27:37,626 INFO o.a.j.t.JMeterThread: Thread finished: 流控效果，warm up 1-85
2024-12-28 14:27:37,642 INFO o.a.j.t.JMeterThread: Thread started: 流控效果，warm up 1-86
2024-12-28 14:27:37,654 INFO o.a.j.t.JMeterThread: Thread is done: 流控效果，warm up 1-86
2024-12-28 14:27:37,655 INFO o.a.j.t.JMeterThread: Thread finished: 流控效果，warm up 1-86
2024-12-28 14:27:37,667 INFO o.a.j.t.JMeterThread: Thread started: 流控效果，warm up 1-87
2024-12-28 14:27:37,678 INFO o.a.j.t.JMeterThread: Thread is done: 流控效果，warm up 1-87
2024-12-28 14:27:37,679 INFO o.a.j.t.JMeterThread: Thread finished: 流控效果，warm up 1-87
2024-12-28 14:27:37,692 INFO o.a.j.t.JMeterThread: Thread started: 流控效果，warm up 1-88
2024-12-28 14:27:37,699 INFO o.a.j.t.JMeterThread: Thread is done: 流控效果，warm up 1-88
2024-12-28 14:27:37,699 INFO o.a.j.t.JMeterThread: Thread finished: 流控效果，warm up 1-88
2024-12-28 14:27:37,718 INFO o.a.j.t.JMeterThread: Thread started: 流控效果，warm up 1-89
2024-12-28 14:27:37,727 INFO o.a.j.t.JMeterThread: Thread is done: 流控效果，warm up 1-89
2024-12-28 14:27:37,727 INFO o.a.j.t.JMeterThread: Thread finished: 流控效果，warm up 1-89
2024-12-28 14:27:37,743 INFO o.a.j.t.JMeterThread: Thread started: 流控效果，warm up 1-90
2024-12-28 14:27:37,754 INFO o.a.j.t.JMeterThread: Thread is done: 流控效果，warm up 1-90
2024-12-28 14:27:37,754 INFO o.a.j.t.JMeterThread: Thread finished: 流控效果，warm up 1-90
2024-12-28 14:27:37,767 INFO o.a.j.t.JMeterThread: Thread started: 流控效果，warm up 1-91
2024-12-28 14:27:37,778 INFO o.a.j.t.JMeterThread: Thread is done: 流控效果，warm up 1-91
2024-12-28 14:27:37,778 INFO o.a.j.t.JMeterThread: Thread finished: 流控效果，warm up 1-91
2024-12-28 14:27:37,792 INFO o.a.j.t.JMeterThread: Thread started: 流控效果，warm up 1-92
2024-12-28 14:27:37,802 INFO o.a.j.t.JMeterThread: Thread is done: 流控效果，warm up 1-92
2024-12-28 14:27:37,802 INFO o.a.j.t.JMeterThread: Thread finished: 流控效果，warm up 1-92
2024-12-28 14:27:37,817 INFO o.a.j.t.JMeterThread: Thread started: 流控效果，warm up 1-93
2024-12-28 14:27:37,825 INFO o.a.j.t.JMeterThread: Thread is done: 流控效果，warm up 1-93
2024-12-28 14:27:37,825 INFO o.a.j.t.JMeterThread: Thread finished: 流控效果，warm up 1-93
2024-12-28 14:27:37,842 INFO o.a.j.t.JMeterThread: Thread started: 流控效果，warm up 1-94
2024-12-28 14:27:37,849 INFO o.a.j.t.JMeterThread: Thread is done: 流控效果，warm up 1-94
2024-12-28 14:27:37,849 INFO o.a.j.t.JMeterThread: Thread finished: 流控效果，warm up 1-94
2024-12-28 14:27:37,867 INFO o.a.j.t.JMeterThread: Thread started: 流控效果，warm up 1-95
2024-12-28 14:27:37,877 INFO o.a.j.t.JMeterThread: Thread is done: 流控效果，warm up 1-95
2024-12-28 14:27:37,877 INFO o.a.j.t.JMeterThread: Thread finished: 流控效果，warm up 1-95
2024-12-28 14:27:37,893 INFO o.a.j.t.JMeterThread: Thread started: 流控效果，warm up 1-96
2024-12-28 14:27:37,901 INFO o.a.j.t.JMeterThread: Thread is done: 流控效果，warm up 1-96
2024-12-28 14:27:37,902 INFO o.a.j.t.JMeterThread: Thread finished: 流控效果，warm up 1-96
2024-12-28 14:27:37,918 INFO o.a.j.t.JMeterThread: Thread started: 流控效果，warm up 1-97
2024-12-28 14:27:37,928 INFO o.a.j.t.JMeterThread: Thread is done: 流控效果，warm up 1-97
2024-12-28 14:27:37,928 INFO o.a.j.t.JMeterThread: Thread finished: 流控效果，warm up 1-97
2024-12-28 14:27:37,942 INFO o.a.j.t.JMeterThread: Thread started: 流控效果，warm up 1-98
2024-12-28 14:27:37,950 INFO o.a.j.t.JMeterThread: Thread is done: 流控效果，warm up 1-98
2024-12-28 14:27:37,951 INFO o.a.j.t.JMeterThread: Thread finished: 流控效果，warm up 1-98
2024-12-28 14:27:37,967 INFO o.a.j.t.JMeterThread: Thread started: 流控效果，warm up 1-99
2024-12-28 14:27:37,976 INFO o.a.j.t.JMeterThread: Thread is done: 流控效果，warm up 1-99
2024-12-28 14:27:37,976 INFO o.a.j.t.JMeterThread: Thread finished: 流控效果，warm up 1-99
2024-12-28 14:27:37,992 INFO o.a.j.t.JMeterThread: Thread started: 流控效果，warm up 1-100
2024-12-28 14:27:38,001 INFO o.a.j.t.JMeterThread: Thread is done: 流控效果，warm up 1-100
2024-12-28 14:27:38,001 INFO o.a.j.t.JMeterThread: Thread finished: 流控效果，warm up 1-100
2024-12-28 14:27:38,017 INFO o.a.j.t.JMeterThread: Thread started: 流控效果，warm up 1-101
2024-12-28 14:27:38,025 INFO o.a.j.t.JMeterThread: Thread is done: 流控效果，warm up 1-101
2024-12-28 14:27:38,026 INFO o.a.j.t.JMeterThread: Thread finished: 流控效果，warm up 1-101
2024-12-28 14:27:38,043 INFO o.a.j.t.JMeterThread: Thread started: 流控效果，warm up 1-102
2024-12-28 14:27:38,051 INFO o.a.j.t.JMeterThread: Thread is done: 流控效果，warm up 1-102
2024-12-28 14:27:38,051 INFO o.a.j.t.JMeterThread: Thread finished: 流控效果，warm up 1-102
2024-12-28 14:27:38,068 INFO o.a.j.t.JMeterThread: Thread started: 流控效果，warm up 1-103
2024-12-28 14:27:38,082 INFO o.a.j.t.JMeterThread: Thread is done: 流控效果，warm up 1-103
2024-12-28 14:27:38,082 INFO o.a.j.t.JMeterThread: Thread finished: 流控效果，warm up 1-103
2024-12-28 14:27:38,093 INFO o.a.j.t.JMeterThread: Thread started: 流控效果，warm up 1-104
2024-12-28 14:27:38,101 INFO o.a.j.t.JMeterThread: Thread is done: 流控效果，warm up 1-104
2024-12-28 14:27:38,101 INFO o.a.j.t.JMeterThread: Thread finished: 流控效果，warm up 1-104
2024-12-28 14:27:38,117 INFO o.a.j.t.JMeterThread: Thread started: 流控效果，warm up 1-105
2024-12-28 14:27:38,127 INFO o.a.j.t.JMeterThread: Thread is done: 流控效果，warm up 1-105
2024-12-28 14:27:38,127 INFO o.a.j.t.JMeterThread: Thread finished: 流控效果，warm up 1-105
2024-12-28 14:27:38,142 INFO o.a.j.t.JMeterThread: Thread started: 流控效果，warm up 1-106
2024-12-28 14:27:38,150 INFO o.a.j.t.JMeterThread: Thread is done: 流控效果，warm up 1-106
2024-12-28 14:27:38,150 INFO o.a.j.t.JMeterThread: Thread finished: 流控效果，warm up 1-106
2024-12-28 14:27:38,167 INFO o.a.j.t.JMeterThread: Thread started: 流控效果，warm up 1-107
2024-12-28 14:27:38,176 INFO o.a.j.t.JMeterThread: Thread is done: 流控效果，warm up 1-107
2024-12-28 14:27:38,176 INFO o.a.j.t.JMeterThread: Thread finished: 流控效果，warm up 1-107
2024-12-28 14:27:38,189 INFO o.a.j.v.ViewResultsFullVisualizer: Add JavaFX to your Java installation if you want to use renderer: org.apache.jmeter.visualizers.RenderInBrowser
2024-12-28 14:27:38,192 INFO o.a.j.t.JMeterThread: Thread started: 流控效果，warm up 1-108
2024-12-28 14:27:38,200 INFO o.a.j.t.JMeterThread: Thread is done: 流控效果，warm up 1-108
2024-12-28 14:27:38,200 INFO o.a.j.t.JMeterThread: Thread finished: 流控效果，warm up 1-108
2024-12-28 14:27:38,217 INFO o.a.j.t.JMeterThread: Thread started: 流控效果，warm up 1-109
2024-12-28 14:27:38,226 INFO o.a.j.t.JMeterThread: Thread is done: 流控效果，warm up 1-109
2024-12-28 14:27:38,226 INFO o.a.j.t.JMeterThread: Thread finished: 流控效果，warm up 1-109
2024-12-28 14:27:38,243 INFO o.a.j.t.JMeterThread: Thread started: 流控效果，warm up 1-110
2024-12-28 14:27:38,253 INFO o.a.j.t.JMeterThread: Thread is done: 流控效果，warm up 1-110
2024-12-28 14:27:38,253 INFO o.a.j.t.JMeterThread: Thread finished: 流控效果，warm up 1-110
2024-12-28 14:27:38,268 INFO o.a.j.t.JMeterThread: Thread started: 流控效果，warm up 1-111
2024-12-28 14:27:38,278 INFO o.a.j.t.JMeterThread: Thread is done: 流控效果，warm up 1-111
2024-12-28 14:27:38,278 INFO o.a.j.t.JMeterThread: Thread finished: 流控效果，warm up 1-111
2024-12-28 14:27:38,292 INFO o.a.j.t.JMeterThread: Thread started: 流控效果，warm up 1-112
2024-12-28 14:27:38,300 INFO o.a.j.t.JMeterThread: Thread is done: 流控效果，warm up 1-112
2024-12-28 14:27:38,300 INFO o.a.j.t.JMeterThread: Thread finished: 流控效果，warm up 1-112
2024-12-28 14:27:38,317 INFO o.a.j.t.JMeterThread: Thread started: 流控效果，warm up 1-113
2024-12-28 14:27:38,324 INFO o.a.j.t.JMeterThread: Thread is done: 流控效果，warm up 1-113
2024-12-28 14:27:38,324 INFO o.a.j.t.JMeterThread: Thread finished: 流控效果，warm up 1-113
2024-12-28 14:27:38,342 INFO o.a.j.t.JMeterThread: Thread started: 流控效果，warm up 1-114
2024-12-28 14:27:38,349 INFO o.a.j.t.JMeterThread: Thread is done: 流控效果，warm up 1-114
2024-12-28 14:27:38,349 INFO o.a.j.t.JMeterThread: Thread finished: 流控效果，warm up 1-114
2024-12-28 14:27:38,367 INFO o.a.j.t.JMeterThread: Thread started: 流控效果，warm up 1-115
2024-12-28 14:27:38,374 INFO o.a.j.t.JMeterThread: Thread is done: 流控效果，warm up 1-115
2024-12-28 14:27:38,374 INFO o.a.j.t.JMeterThread: Thread finished: 流控效果，warm up 1-115
2024-12-28 14:27:38,394 INFO o.a.j.t.JMeterThread: Thread started: 流控效果，warm up 1-116
2024-12-28 14:27:38,400 INFO o.a.j.t.JMeterThread: Thread is done: 流控效果，warm up 1-116
2024-12-28 14:27:38,401 INFO o.a.j.t.JMeterThread: Thread finished: 流控效果，warm up 1-116
2024-12-28 14:27:38,418 INFO o.a.j.t.JMeterThread: Thread started: 流控效果，warm up 1-117
2024-12-28 14:27:38,425 INFO o.a.j.t.JMeterThread: Thread is done: 流控效果，warm up 1-117
2024-12-28 14:27:38,425 INFO o.a.j.t.JMeterThread: Thread finished: 流控效果，warm up 1-117
2024-12-28 14:27:38,442 INFO o.a.j.t.JMeterThread: Thread started: 流控效果，warm up 1-118
2024-12-28 14:27:38,449 INFO o.a.j.t.JMeterThread: Thread is done: 流控效果，warm up 1-118
2024-12-28 14:27:38,449 INFO o.a.j.t.JMeterThread: Thread finished: 流控效果，warm up 1-118
2024-12-28 14:27:38,468 INFO o.a.j.t.JMeterThread: Thread started: 流控效果，warm up 1-119
2024-12-28 14:27:38,475 INFO o.a.j.t.JMeterThread: Thread is done: 流控效果，warm up 1-119
2024-12-28 14:27:38,475 INFO o.a.j.t.JMeterThread: Thread finished: 流控效果，warm up 1-119
2024-12-28 14:27:38,492 INFO o.a.j.t.JMeterThread: Thread started: 流控效果，warm up 1-120
2024-12-28 14:27:38,499 INFO o.a.j.t.JMeterThread: Thread is done: 流控效果，warm up 1-120
2024-12-28 14:27:38,499 INFO o.a.j.t.JMeterThread: Thread finished: 流控效果，warm up 1-120
2024-12-28 14:27:38,518 INFO o.a.j.t.JMeterThread: Thread started: 流控效果，warm up 1-121
2024-12-28 14:27:38,524 INFO o.a.j.t.JMeterThread: Thread is done: 流控效果，warm up 1-121
2024-12-28 14:27:38,524 INFO o.a.j.t.JMeterThread: Thread finished: 流控效果，warm up 1-121
2024-12-28 14:27:38,543 INFO o.a.j.t.JMeterThread: Thread started: 流控效果，warm up 1-122
2024-12-28 14:27:38,543 INFO o.a.j.t.JMeterThread: Thread is done: 流控效果，warm up 1-122
2024-12-28 14:27:38,543 INFO o.a.j.t.JMeterThread: Thread finished: 流控效果，warm up 1-122
2024-12-28 14:27:38,575 INFO o.a.j.t.JMeterThread: Thread started: 流控效果，warm up 1-123
2024-12-28 14:27:38,582 INFO o.a.j.t.JMeterThread: Thread is done: 流控效果，warm up 1-123
2024-12-28 14:27:38,582 INFO o.a.j.t.JMeterThread: Thread finished: 流控效果，warm up 1-123
2024-12-28 14:27:38,593 INFO o.a.j.t.JMeterThread: Thread started: 流控效果，warm up 1-124
2024-12-28 14:27:38,600 INFO o.a.j.t.JMeterThread: Thread is done: 流控效果，warm up 1-124
2024-12-28 14:27:38,600 INFO o.a.j.t.JMeterThread: Thread finished: 流控效果，warm up 1-124
2024-12-28 14:27:38,617 INFO o.a.j.t.JMeterThread: Thread started: 流控效果，warm up 1-125
2024-12-28 14:27:38,625 INFO o.a.j.t.JMeterThread: Thread is done: 流控效果，warm up 1-125
2024-12-28 14:27:38,625 INFO o.a.j.t.JMeterThread: Thread finished: 流控效果，warm up 1-125
2024-12-28 14:27:38,642 INFO o.a.j.t.JMeterThread: Thread started: 流控效果，warm up 1-126
2024-12-28 14:27:38,649 INFO o.a.j.t.JMeterThread: Thread is done: 流控效果，warm up 1-126
2024-12-28 14:27:38,650 INFO o.a.j.t.JMeterThread: Thread finished: 流控效果，warm up 1-126
2024-12-28 14:27:38,667 INFO o.a.j.t.JMeterThread: Thread started: 流控效果，warm up 1-127
2024-12-28 14:27:38,674 INFO o.a.j.t.JMeterThread: Thread is done: 流控效果，warm up 1-127
2024-12-28 14:27:38,675 INFO o.a.j.t.JMeterThread: Thread finished: 流控效果，warm up 1-127
2024-12-28 14:27:38,693 INFO o.a.j.t.JMeterThread: Thread started: 流控效果，warm up 1-128
2024-12-28 14:27:38,703 INFO o.a.j.t.JMeterThread: Thread is done: 流控效果，warm up 1-128
2024-12-28 14:27:38,703 INFO o.a.j.t.JMeterThread: Thread finished: 流控效果，warm up 1-128
2024-12-28 14:27:38,718 INFO o.a.j.t.JMeterThread: Thread started: 流控效果，warm up 1-129
2024-12-28 14:27:38,729 INFO o.a.j.t.JMeterThread: Thread is done: 流控效果，warm up 1-129
2024-12-28 14:27:38,729 INFO o.a.j.t.JMeterThread: Thread finished: 流控效果，warm up 1-129
2024-12-28 14:27:38,742 INFO o.a.j.t.JMeterThread: Thread started: 流控效果，warm up 1-130
2024-12-28 14:27:38,751 INFO o.a.j.t.JMeterThread: Thread is done: 流控效果，warm up 1-130
2024-12-28 14:27:38,751 INFO o.a.j.t.JMeterThread: Thread finished: 流控效果，warm up 1-130
2024-12-28 14:27:38,767 INFO o.a.j.t.JMeterThread: Thread started: 流控效果，warm up 1-131
2024-12-28 14:27:38,775 INFO o.a.j.t.JMeterThread: Thread is done: 流控效果，warm up 1-131
2024-12-28 14:27:38,775 INFO o.a.j.t.JMeterThread: Thread finished: 流控效果，warm up 1-131
2024-12-28 14:27:38,792 INFO o.a.j.t.JMeterThread: Thread started: 流控效果，warm up 1-132
2024-12-28 14:27:38,801 INFO o.a.j.t.JMeterThread: Thread is done: 流控效果，warm up 1-132
2024-12-28 14:27:38,801 INFO o.a.j.t.JMeterThread: Thread finished: 流控效果，warm up 1-132
2024-12-28 14:27:38,817 INFO o.a.j.t.JMeterThread: Thread started: 流控效果，warm up 1-133
2024-12-28 14:27:38,824 INFO o.a.j.t.JMeterThread: Thread is done: 流控效果，warm up 1-133
2024-12-28 14:27:38,825 INFO o.a.j.t.JMeterThread: Thread finished: 流控效果，warm up 1-133
2024-12-28 14:27:38,843 INFO o.a.j.t.JMeterThread: Thread started: 流控效果，warm up 1-134
2024-12-28 14:27:38,851 INFO o.a.j.t.JMeterThread: Thread is done: 流控效果，warm up 1-134
2024-12-28 14:27:38,851 INFO o.a.j.t.JMeterThread: Thread finished: 流控效果，warm up 1-134
2024-12-28 14:27:38,868 INFO o.a.j.t.JMeterThread: Thread started: 流控效果，warm up 1-135
2024-12-28 14:27:38,875 INFO o.a.j.t.JMeterThread: Thread is done: 流控效果，warm up 1-135
2024-12-28 14:27:38,875 INFO o.a.j.t.JMeterThread: Thread finished: 流控效果，warm up 1-135
2024-12-28 14:27:38,892 INFO o.a.j.t.JMeterThread: Thread started: 流控效果，warm up 1-136
2024-12-28 14:27:38,898 INFO o.a.j.t.JMeterThread: Thread is done: 流控效果，warm up 1-136
2024-12-28 14:27:38,898 INFO o.a.j.t.JMeterThread: Thread finished: 流控效果，warm up 1-136
2024-12-28 14:27:38,917 INFO o.a.j.t.JMeterThread: Thread started: 流控效果，warm up 1-137
2024-12-28 14:27:38,924 INFO o.a.j.t.JMeterThread: Thread is done: 流控效果，warm up 1-137
2024-12-28 14:27:38,924 INFO o.a.j.t.JMeterThread: Thread finished: 流控效果，warm up 1-137
2024-12-28 14:27:38,942 INFO o.a.j.t.JMeterThread: Thread started: 流控效果，warm up 1-138
2024-12-28 14:27:38,948 INFO o.a.j.t.JMeterThread: Thread is done: 流控效果，warm up 1-138
2024-12-28 14:27:38,949 INFO o.a.j.t.JMeterThread: Thread finished: 流控效果，warm up 1-138
2024-12-28 14:27:38,968 INFO o.a.j.t.JMeterThread: Thread started: 流控效果，warm up 1-139
2024-12-28 14:27:38,974 INFO o.a.j.t.JMeterThread: Thread is done: 流控效果，warm up 1-139
2024-12-28 14:27:38,974 INFO o.a.j.t.JMeterThread: Thread finished: 流控效果，warm up 1-139
2024-12-28 14:27:38,993 INFO o.a.j.t.JMeterThread: Thread started: 流控效果，warm up 1-140
2024-12-28 14:27:39,000 INFO o.a.j.t.JMeterThread: Thread is done: 流控效果，warm up 1-140
2024-12-28 14:27:39,000 INFO o.a.j.t.JMeterThread: Thread finished: 流控效果，warm up 1-140
2024-12-28 14:27:39,017 INFO o.a.j.t.JMeterThread: Thread started: 流控效果，warm up 1-141
2024-12-28 14:27:39,023 INFO o.a.j.t.JMeterThread: Thread is done: 流控效果，warm up 1-141
2024-12-28 14:27:39,023 INFO o.a.j.t.JMeterThread: Thread finished: 流控效果，warm up 1-141
2024-12-28 14:27:39,042 INFO o.a.j.t.JMeterThread: Thread started: 流控效果，warm up 1-142
2024-12-28 14:27:39,049 INFO o.a.j.t.JMeterThread: Thread is done: 流控效果，warm up 1-142
2024-12-28 14:27:39,049 INFO o.a.j.t.JMeterThread: Thread finished: 流控效果，warm up 1-142
2024-12-28 14:27:39,067 INFO o.a.j.t.JMeterThread: Thread started: 流控效果，warm up 1-143
2024-12-28 14:27:39,074 INFO o.a.j.t.JMeterThread: Thread is done: 流控效果，warm up 1-143
2024-12-28 14:27:39,074 INFO o.a.j.t.JMeterThread: Thread finished: 流控效果，warm up 1-143
2024-12-28 14:27:39,093 INFO o.a.j.t.JMeterThread: Thread started: 流控效果，warm up 1-144
2024-12-28 14:27:39,100 INFO o.a.j.t.JMeterThread: Thread is done: 流控效果，warm up 1-144
2024-12-28 14:27:39,100 INFO o.a.j.t.JMeterThread: Thread finished: 流控效果，warm up 1-144
2024-12-28 14:27:39,118 INFO o.a.j.t.JMeterThread: Thread started: 流控效果，warm up 1-145
2024-12-28 14:27:39,125 INFO o.a.j.t.JMeterThread: Thread is done: 流控效果，warm up 1-145
2024-12-28 14:27:39,125 INFO o.a.j.t.JMeterThread: Thread finished: 流控效果，warm up 1-145
2024-12-28 14:27:39,143 INFO o.a.j.t.JMeterThread: Thread started: 流控效果，warm up 1-146
2024-12-28 14:27:39,150 INFO o.a.j.t.JMeterThread: Thread is done: 流控效果，warm up 1-146
2024-12-28 14:27:39,150 INFO o.a.j.t.JMeterThread: Thread finished: 流控效果，warm up 1-146
2024-12-28 14:27:39,167 INFO o.a.j.t.JMeterThread: Thread started: 流控效果，warm up 1-147
2024-12-28 14:27:39,173 INFO o.a.j.t.JMeterThread: Thread is done: 流控效果，warm up 1-147
2024-12-28 14:27:39,174 INFO o.a.j.t.JMeterThread: Thread finished: 流控效果，warm up 1-147
2024-12-28 14:27:39,192 INFO o.a.j.t.JMeterThread: Thread started: 流控效果，warm up 1-148
2024-12-28 14:27:39,198 INFO o.a.j.t.JMeterThread: Thread is done: 流控效果，warm up 1-148
2024-12-28 14:27:39,198 INFO o.a.j.t.JMeterThread: Thread finished: 流控效果，warm up 1-148
2024-12-28 14:27:39,217 INFO o.a.j.t.JMeterThread: Thread started: 流控效果，warm up 1-149
2024-12-28 14:27:39,225 INFO o.a.j.t.JMeterThread: Thread is done: 流控效果，warm up 1-149
2024-12-28 14:27:39,225 INFO o.a.j.t.JMeterThread: Thread finished: 流控效果，warm up 1-149
2024-12-28 14:27:39,242 INFO o.a.j.t.JMeterThread: Thread started: 流控效果，warm up 1-150
2024-12-28 14:27:39,248 INFO o.a.j.t.JMeterThread: Thread is done: 流控效果，warm up 1-150
2024-12-28 14:27:39,248 INFO o.a.j.t.JMeterThread: Thread finished: 流控效果，warm up 1-150
2024-12-28 14:27:39,267 INFO o.a.j.t.JMeterThread: Thread started: 流控效果，warm up 1-151
2024-12-28 14:27:39,273 INFO o.a.j.t.JMeterThread: Thread is done: 流控效果，warm up 1-151
2024-12-28 14:27:39,274 INFO o.a.j.t.JMeterThread: Thread finished: 流控效果，warm up 1-151
2024-12-28 14:27:39,293 INFO o.a.j.t.JMeterThread: Thread started: 流控效果，warm up 1-152
2024-12-28 14:27:39,300 INFO o.a.j.t.JMeterThread: Thread is done: 流控效果，warm up 1-152
2024-12-28 14:27:39,300 INFO o.a.j.t.JMeterThread: Thread finished: 流控效果，warm up 1-152
2024-12-28 14:27:39,318 INFO o.a.j.t.JMeterThread: Thread started: 流控效果，warm up 1-153
2024-12-28 14:27:39,325 INFO o.a.j.t.JMeterThread: Thread is done: 流控效果，warm up 1-153
2024-12-28 14:27:39,325 INFO o.a.j.t.JMeterThread: Thread finished: 流控效果，warm up 1-153
2024-12-28 14:27:39,342 INFO o.a.j.t.JMeterThread: Thread started: 流控效果，warm up 1-154
2024-12-28 14:27:39,349 INFO o.a.j.t.JMeterThread: Thread is done: 流控效果，warm up 1-154
2024-12-28 14:27:39,349 INFO o.a.j.t.JMeterThread: Thread finished: 流控效果，warm up 1-154
2024-12-28 14:27:39,367 INFO o.a.j.t.JMeterThread: Thread started: 流控效果，warm up 1-155
2024-12-28 14:27:39,375 INFO o.a.j.t.JMeterThread: Thread is done: 流控效果，warm up 1-155
2024-12-28 14:27:39,375 INFO o.a.j.t.JMeterThread: Thread finished: 流控效果，warm up 1-155
2024-12-28 14:27:39,392 INFO o.a.j.t.JMeterThread: Thread started: 流控效果，warm up 1-156
2024-12-28 14:27:39,399 INFO o.a.j.t.JMeterThread: Thread is done: 流控效果，warm up 1-156
2024-12-28 14:27:39,399 INFO o.a.j.t.JMeterThread: Thread finished: 流控效果，warm up 1-156
2024-12-28 14:27:39,417 INFO o.a.j.t.JMeterThread: Thread started: 流控效果，warm up 1-157
2024-12-28 14:27:39,424 INFO o.a.j.t.JMeterThread: Thread is done: 流控效果，warm up 1-157
2024-12-28 14:27:39,424 INFO o.a.j.t.JMeterThread: Thread finished: 流控效果，warm up 1-157
2024-12-28 14:27:39,442 INFO o.a.j.t.JMeterThread: Thread started: 流控效果，warm up 1-158
2024-12-28 14:27:39,448 INFO o.a.j.t.JMeterThread: Thread is done: 流控效果，warm up 1-158
2024-12-28 14:27:39,449 INFO o.a.j.t.JMeterThread: Thread finished: 流控效果，warm up 1-158
2024-12-28 14:27:39,468 INFO o.a.j.t.JMeterThread: Thread started: 流控效果，warm up 1-159
2024-12-28 14:27:39,475 INFO o.a.j.t.JMeterThread: Thread is done: 流控效果，warm up 1-159
2024-12-28 14:27:39,475 INFO o.a.j.t.JMeterThread: Thread finished: 流控效果，warm up 1-159
2024-12-28 14:27:39,493 INFO o.a.j.t.JMeterThread: Thread started: 流控效果，warm up 1-160
2024-12-28 14:27:39,500 INFO o.a.j.t.JMeterThread: Thread is done: 流控效果，warm up 1-160
2024-12-28 14:27:39,500 INFO o.a.j.t.JMeterThread: Thread finished: 流控效果，warm up 1-160
2024-12-28 14:27:39,518 INFO o.a.j.t.JMeterThread: Thread started: 流控效果，warm up 1-161
2024-12-28 14:27:39,525 INFO o.a.j.t.JMeterThread: Thread is done: 流控效果，warm up 1-161
2024-12-28 14:27:39,525 INFO o.a.j.t.JMeterThread: Thread finished: 流控效果，warm up 1-161
2024-12-28 14:27:39,542 INFO o.a.j.t.JMeterThread: Thread started: 流控效果，warm up 1-162
2024-12-28 14:27:39,549 INFO o.a.j.t.JMeterThread: Thread is done: 流控效果，warm up 1-162
2024-12-28 14:27:39,549 INFO o.a.j.t.JMeterThread: Thread finished: 流控效果，warm up 1-162
2024-12-28 14:27:39,567 INFO o.a.j.t.JMeterThread: Thread started: 流控效果，warm up 1-163
2024-12-28 14:27:39,567 INFO o.a.j.t.JMeterThread: Thread is done: 流控效果，warm up 1-163
2024-12-28 14:27:39,567 INFO o.a.j.t.JMeterThread: Thread finished: 流控效果，warm up 1-163
2024-12-28 14:27:39,592 INFO o.a.j.t.JMeterThread: Thread started: 流控效果，warm up 1-164
2024-12-28 14:27:39,598 INFO o.a.j.t.JMeterThread: Thread is done: 流控效果，warm up 1-164
2024-12-28 14:27:39,598 INFO o.a.j.t.JMeterThread: Thread finished: 流控效果，warm up 1-164
2024-12-28 14:27:39,617 INFO o.a.j.t.JMeterThread: Thread started: 流控效果，warm up 1-165
2024-12-28 14:27:39,623 INFO o.a.j.t.JMeterThread: Thread is done: 流控效果，warm up 1-165
2024-12-28 14:27:39,624 INFO o.a.j.t.JMeterThread: Thread finished: 流控效果，warm up 1-165
2024-12-28 14:27:39,644 INFO o.a.j.t.JMeterThread: Thread started: 流控效果，warm up 1-166
2024-12-28 14:27:39,650 INFO o.a.j.t.JMeterThread: Thread is done: 流控效果，warm up 1-166
2024-12-28 14:27:39,650 INFO o.a.j.t.JMeterThread: Thread finished: 流控效果，warm up 1-166
2024-12-28 14:27:39,668 INFO o.a.j.t.JMeterThread: Thread started: 流控效果，warm up 1-167
2024-12-28 14:27:39,675 INFO o.a.j.t.JMeterThread: Thread is done: 流控效果，warm up 1-167
2024-12-28 14:27:39,676 INFO o.a.j.t.JMeterThread: Thread finished: 流控效果，warm up 1-167
2024-12-28 14:27:39,693 INFO o.a.j.t.JMeterThread: Thread started: 流控效果，warm up 1-168
2024-12-28 14:27:39,702 INFO o.a.j.t.JMeterThread: Thread is done: 流控效果，warm up 1-168
2024-12-28 14:27:39,702 INFO o.a.j.t.JMeterThread: Thread finished: 流控效果，warm up 1-168
2024-12-28 14:27:39,718 INFO o.a.j.t.JMeterThread: Thread started: 流控效果，warm up 1-169
2024-12-28 14:27:39,727 INFO o.a.j.t.JMeterThread: Thread is done: 流控效果，warm up 1-169
2024-12-28 14:27:39,727 INFO o.a.j.t.JMeterThread: Thread finished: 流控效果，warm up 1-169
2024-12-28 14:27:39,743 INFO o.a.j.t.JMeterThread: Thread started: 流控效果，warm up 1-170
2024-12-28 14:27:39,754 INFO o.a.j.t.JMeterThread: Thread is done: 流控效果，warm up 1-170
2024-12-28 14:27:39,754 INFO o.a.j.t.JMeterThread: Thread finished: 流控效果，warm up 1-170
2024-12-28 14:27:39,768 INFO o.a.j.t.JMeterThread: Thread started: 流控效果，warm up 1-171
2024-12-28 14:27:39,779 INFO o.a.j.t.JMeterThread: Thread is done: 流控效果，warm up 1-171
2024-12-28 14:27:39,779 INFO o.a.j.t.JMeterThread: Thread finished: 流控效果，warm up 1-171
2024-12-28 14:27:39,794 INFO o.a.j.t.JMeterThread: Thread started: 流控效果，warm up 1-172
2024-12-28 14:27:39,801 INFO o.a.j.t.JMeterThread: Thread is done: 流控效果，warm up 1-172
2024-12-28 14:27:39,801 INFO o.a.j.t.JMeterThread: Thread finished: 流控效果，warm up 1-172
2024-12-28 14:27:39,818 INFO o.a.j.t.JMeterThread: Thread started: 流控效果，warm up 1-173
2024-12-28 14:27:39,826 INFO o.a.j.t.JMeterThread: Thread is done: 流控效果，warm up 1-173
2024-12-28 14:27:39,826 INFO o.a.j.t.JMeterThread: Thread finished: 流控效果，warm up 1-173
2024-12-28 14:27:39,842 INFO o.a.j.t.JMeterThread: Thread started: 流控效果，warm up 1-174
2024-12-28 14:27:39,849 INFO o.a.j.t.JMeterThread: Thread is done: 流控效果，warm up 1-174
2024-12-28 14:27:39,849 INFO o.a.j.t.JMeterThread: Thread finished: 流控效果，warm up 1-174
2024-12-28 14:27:39,867 INFO o.a.j.t.JMeterThread: Thread started: 流控效果，warm up 1-175
2024-12-28 14:27:39,875 INFO o.a.j.t.JMeterThread: Thread is done: 流控效果，warm up 1-175
2024-12-28 14:27:39,875 INFO o.a.j.t.JMeterThread: Thread finished: 流控效果，warm up 1-175
2024-12-28 14:27:39,892 INFO o.a.j.t.JMeterThread: Thread started: 流控效果，warm up 1-176
2024-12-28 14:27:39,899 INFO o.a.j.t.JMeterThread: Thread is done: 流控效果，warm up 1-176
2024-12-28 14:27:39,900 INFO o.a.j.t.JMeterThread: Thread finished: 流控效果，warm up 1-176
2024-12-28 14:27:39,918 INFO o.a.j.t.JMeterThread: Thread started: 流控效果，warm up 1-177
2024-12-28 14:27:39,924 INFO o.a.j.t.JMeterThread: Thread is done: 流控效果，warm up 1-177
2024-12-28 14:27:39,925 INFO o.a.j.t.JMeterThread: Thread finished: 流控效果，warm up 1-177
2024-12-28 14:27:39,946 INFO o.a.j.t.JMeterThread: Thread started: 流控效果，warm up 1-178
2024-12-28 14:27:39,952 INFO o.a.j.t.JMeterThread: Thread is done: 流控效果，warm up 1-178
2024-12-28 14:27:39,953 INFO o.a.j.t.JMeterThread: Thread finished: 流控效果，warm up 1-178
2024-12-28 14:27:39,968 INFO o.a.j.t.JMeterThread: Thread started: 流控效果，warm up 1-179
2024-12-28 14:27:39,975 INFO o.a.j.t.JMeterThread: Thread is done: 流控效果，warm up 1-179
2024-12-28 14:27:39,975 INFO o.a.j.t.JMeterThread: Thread finished: 流控效果，warm up 1-179
2024-12-28 14:27:39,993 INFO o.a.j.t.JMeterThread: Thread started: 流控效果，warm up 1-180
2024-12-28 14:27:39,999 INFO o.a.j.t.JMeterThread: Thread is done: 流控效果，warm up 1-180
2024-12-28 14:27:39,999 INFO o.a.j.t.JMeterThread: Thread finished: 流控效果，warm up 1-180
2024-12-28 14:27:40,017 INFO o.a.j.t.JMeterThread: Thread started: 流控效果，warm up 1-181
2024-12-28 14:27:40,024 INFO o.a.j.t.JMeterThread: Thread is done: 流控效果，warm up 1-181
2024-12-28 14:27:40,024 INFO o.a.j.t.JMeterThread: Thread finished: 流控效果，warm up 1-181
2024-12-28 14:27:40,043 INFO o.a.j.t.JMeterThread: Thread started: 流控效果，warm up 1-182
2024-12-28 14:27:40,050 INFO o.a.j.t.JMeterThread: Thread is done: 流控效果，warm up 1-182
2024-12-28 14:27:40,050 INFO o.a.j.t.JMeterThread: Thread finished: 流控效果，warm up 1-182
2024-12-28 14:27:40,067 INFO o.a.j.t.JMeterThread: Thread started: 流控效果，warm up 1-183
2024-12-28 14:27:40,075 INFO o.a.j.t.JMeterThread: Thread is done: 流控效果，warm up 1-183
2024-12-28 14:27:40,075 INFO o.a.j.t.JMeterThread: Thread finished: 流控效果，warm up 1-183
2024-12-28 14:27:40,099 INFO o.a.j.t.JMeterThread: Thread started: 流控效果，warm up 1-184
2024-12-28 14:27:40,109 INFO o.a.j.t.JMeterThread: Thread is done: 流控效果，warm up 1-184
2024-12-28 14:27:40,109 INFO o.a.j.t.JMeterThread: Thread finished: 流控效果，warm up 1-184
2024-12-28 14:27:40,118 INFO o.a.j.t.JMeterThread: Thread started: 流控效果，warm up 1-185
2024-12-28 14:27:40,125 INFO o.a.j.t.JMeterThread: Thread is done: 流控效果，warm up 1-185
2024-12-28 14:27:40,125 INFO o.a.j.t.JMeterThread: Thread finished: 流控效果，warm up 1-185
2024-12-28 14:27:40,143 INFO o.a.j.t.JMeterThread: Thread started: 流控效果，warm up 1-186
2024-12-28 14:27:40,151 INFO o.a.j.t.JMeterThread: Thread is done: 流控效果，warm up 1-186
2024-12-28 14:27:40,151 INFO o.a.j.t.JMeterThread: Thread finished: 流控效果，warm up 1-186
2024-12-28 14:27:40,167 INFO o.a.j.t.JMeterThread: Thread started: 流控效果，warm up 1-187
2024-12-28 14:27:40,173 INFO o.a.j.t.JMeterThread: Thread is done: 流控效果，warm up 1-187
2024-12-28 14:27:40,173 INFO o.a.j.t.JMeterThread: Thread finished: 流控效果，warm up 1-187
2024-12-28 14:27:40,193 INFO o.a.j.t.JMeterThread: Thread started: 流控效果，warm up 1-188
2024-12-28 14:27:40,200 INFO o.a.j.t.JMeterThread: Thread is done: 流控效果，warm up 1-188
2024-12-28 14:27:40,200 INFO o.a.j.t.JMeterThread: Thread finished: 流控效果，warm up 1-188
2024-12-28 14:27:40,218 INFO o.a.j.t.JMeterThread: Thread started: 流控效果，warm up 1-189
2024-12-28 14:27:40,224 INFO o.a.j.t.JMeterThread: Thread is done: 流控效果，warm up 1-189
2024-12-28 14:27:40,224 INFO o.a.j.t.JMeterThread: Thread finished: 流控效果，warm up 1-189
2024-12-28 14:27:40,242 INFO o.a.j.t.JMeterThread: Thread started: 流控效果，warm up 1-190
2024-12-28 14:27:40,248 INFO o.a.j.t.JMeterThread: Thread is done: 流控效果，warm up 1-190
2024-12-28 14:27:40,248 INFO o.a.j.t.JMeterThread: Thread finished: 流控效果，warm up 1-190
2024-12-28 14:27:40,269 INFO o.a.j.t.JMeterThread: Thread started: 流控效果，warm up 1-191
2024-12-28 14:27:40,275 INFO o.a.j.t.JMeterThread: Thread is done: 流控效果，warm up 1-191
2024-12-28 14:27:40,275 INFO o.a.j.t.JMeterThread: Thread finished: 流控效果，warm up 1-191
2024-12-28 14:27:40,294 INFO o.a.j.t.JMeterThread: Thread started: 流控效果，warm up 1-192
2024-12-28 14:27:40,301 INFO o.a.j.t.JMeterThread: Thread is done: 流控效果，warm up 1-192
2024-12-28 14:27:40,301 INFO o.a.j.t.JMeterThread: Thread finished: 流控效果，warm up 1-192
2024-12-28 14:27:40,317 INFO o.a.j.t.JMeterThread: Thread started: 流控效果，warm up 1-193
2024-12-28 14:27:40,324 INFO o.a.j.t.JMeterThread: Thread is done: 流控效果，warm up 1-193
2024-12-28 14:27:40,324 INFO o.a.j.t.JMeterThread: Thread finished: 流控效果，warm up 1-193
2024-12-28 14:27:40,346 INFO o.a.j.t.JMeterThread: Thread started: 流控效果，warm up 1-194
2024-12-28 14:27:40,352 INFO o.a.j.t.JMeterThread: Thread is done: 流控效果，warm up 1-194
2024-12-28 14:27:40,353 INFO o.a.j.t.JMeterThread: Thread finished: 流控效果，warm up 1-194
2024-12-28 14:27:40,369 INFO o.a.j.t.JMeterThread: Thread started: 流控效果，warm up 1-195
2024-12-28 14:27:40,376 INFO o.a.j.t.JMeterThread: Thread is done: 流控效果，warm up 1-195
2024-12-28 14:27:40,376 INFO o.a.j.t.JMeterThread: Thread finished: 流控效果，warm up 1-195
2024-12-28 14:27:40,392 INFO o.a.j.t.JMeterThread: Thread started: 流控效果，warm up 1-196
2024-12-28 14:27:40,399 INFO o.a.j.t.JMeterThread: Thread is done: 流控效果，warm up 1-196
2024-12-28 14:27:40,399 INFO o.a.j.t.JMeterThread: Thread finished: 流控效果，warm up 1-196
2024-12-28 14:27:40,418 INFO o.a.j.t.JMeterThread: Thread started: 流控效果，warm up 1-197
2024-12-28 14:27:40,425 INFO o.a.j.t.JMeterThread: Thread is done: 流控效果，warm up 1-197
2024-12-28 14:27:40,425 INFO o.a.j.t.JMeterThread: Thread finished: 流控效果，warm up 1-197
2024-12-28 14:27:40,445 INFO o.a.j.t.JMeterThread: Thread started: 流控效果，warm up 1-198
2024-12-28 14:27:40,452 INFO o.a.j.t.JMeterThread: Thread is done: 流控效果，warm up 1-198
2024-12-28 14:27:40,452 INFO o.a.j.t.JMeterThread: Thread finished: 流控效果，warm up 1-198
2024-12-28 14:27:40,469 INFO o.a.j.t.JMeterThread: Thread started: 流控效果，warm up 1-199
2024-12-28 14:27:40,476 INFO o.a.j.t.JMeterThread: Thread is done: 流控效果，warm up 1-199
2024-12-28 14:27:40,476 INFO o.a.j.t.JMeterThread: Thread finished: 流控效果，warm up 1-199
2024-12-28 14:27:40,492 INFO o.a.j.t.JMeterThread: Thread started: 流控效果，warm up 1-200
2024-12-28 14:27:40,492 INFO o.a.j.t.JMeterThread: Thread is done: 流控效果，warm up 1-200
2024-12-28 14:27:40,492 INFO o.a.j.t.JMeterThread: Thread finished: 流控效果，warm up 1-200
2024-12-28 14:27:40,492 INFO o.a.j.e.StandardJMeterEngine: Notifying test listeners of end of test
2024-12-28 14:27:40,492 INFO o.a.j.g.u.JMeterMenuBar: setRunning(false, *local*)
2024-12-28 14:28:03,156 INFO o.a.j.e.StandardJMeterEngine: Running the test!
2024-12-28 14:28:03,156 INFO o.a.j.s.SampleEvent: List of sample_variables: []
2024-12-28 14:28:03,156 INFO o.a.j.g.u.JMeterMenuBar: setRunning(true, *local*)
2024-12-28 14:28:03,203 INFO o.a.j.e.StandardJMeterEngine: Starting ThreadGroup: 1 : 流控效果，warm up
2024-12-28 14:28:03,203 INFO o.a.j.e.StandardJMeterEngine: Starting 200 threads for group 流控效果，warm up.
2024-12-28 14:28:03,203 INFO o.a.j.e.StandardJMeterEngine: Thread will continue on error
2024-12-28 14:28:03,203 INFO o.a.j.t.ThreadGroup: Starting thread group... number=1 threads=200 ramp-up=5 delayedStart=false
2024-12-28 14:28:03,203 INFO o.a.j.t.JMeterThread: Thread started: 流控效果，warm up 1-1
2024-12-28 14:28:03,216 INFO o.a.j.t.JMeterThread: Thread is done: 流控效果，warm up 1-1
2024-12-28 14:28:03,216 INFO o.a.j.t.JMeterThread: Thread finished: 流控效果，warm up 1-1
2024-12-28 14:28:03,225 INFO o.a.j.t.ThreadGroup: Started thread group number 1
2024-12-28 14:28:03,225 INFO o.a.j.e.StandardJMeterEngine: All thread groups have been started
2024-12-28 14:28:03,231 INFO o.a.j.t.JMeterThread: Thread started: 流控效果，warm up 1-2
2024-12-28 14:28:03,239 INFO o.a.j.t.JMeterThread: Thread is done: 流控效果，warm up 1-2
2024-12-28 14:28:03,239 INFO o.a.j.t.JMeterThread: Thread finished: 流控效果，warm up 1-2
2024-12-28 14:28:03,258 INFO o.a.j.t.JMeterThread: Thread started: 流控效果，warm up 1-3
2024-12-28 14:28:03,267 INFO o.a.j.t.JMeterThread: Thread is done: 流控效果，warm up 1-3
2024-12-28 14:28:03,267 INFO o.a.j.t.JMeterThread: Thread finished: 流控效果，warm up 1-3
2024-12-28 14:28:03,281 INFO o.a.j.t.JMeterThread: Thread started: 流控效果，warm up 1-4
2024-12-28 14:28:03,288 INFO o.a.j.t.JMeterThread: Thread is done: 流控效果，warm up 1-4
2024-12-28 14:28:03,288 INFO o.a.j.t.JMeterThread: Thread finished: 流控效果，warm up 1-4
2024-12-28 14:28:03,307 INFO o.a.j.t.JMeterThread: Thread started: 流控效果，warm up 1-5
2024-12-28 14:28:03,313 INFO o.a.j.t.JMeterThread: Thread is done: 流控效果，warm up 1-5
2024-12-28 14:28:03,313 INFO o.a.j.t.JMeterThread: Thread finished: 流控效果，warm up 1-5
2024-12-28 14:28:03,330 INFO o.a.j.t.JMeterThread: Thread started: 流控效果，warm up 1-6
2024-12-28 14:28:03,336 INFO o.a.j.t.JMeterThread: Thread is done: 流控效果，warm up 1-6
2024-12-28 14:28:03,336 INFO o.a.j.t.JMeterThread: Thread finished: 流控效果，warm up 1-6
2024-12-28 14:28:03,354 INFO o.a.j.t.JMeterThread: Thread started: 流控效果，warm up 1-7
2024-12-28 14:28:03,360 INFO o.a.j.t.JMeterThread: Thread is done: 流控效果，warm up 1-7
2024-12-28 14:28:03,360 INFO o.a.j.t.JMeterThread: Thread finished: 流控效果，warm up 1-7
2024-12-28 14:28:03,380 INFO o.a.j.t.JMeterThread: Thread started: 流控效果，warm up 1-8
2024-12-28 14:28:03,386 INFO o.a.j.t.JMeterThread: Thread is done: 流控效果，warm up 1-8
2024-12-28 14:28:03,387 INFO o.a.j.t.JMeterThread: Thread finished: 流控效果，warm up 1-8
2024-12-28 14:28:03,404 INFO o.a.j.t.JMeterThread: Thread started: 流控效果，warm up 1-9
2024-12-28 14:28:03,410 INFO o.a.j.t.JMeterThread: Thread is done: 流控效果，warm up 1-9
2024-12-28 14:28:03,410 INFO o.a.j.t.JMeterThread: Thread finished: 流控效果，warm up 1-9
2024-12-28 14:28:03,431 INFO o.a.j.t.JMeterThread: Thread started: 流控效果，warm up 1-10
2024-12-28 14:28:03,437 INFO o.a.j.t.JMeterThread: Thread is done: 流控效果，warm up 1-10
2024-12-28 14:28:03,437 INFO o.a.j.t.JMeterThread: Thread finished: 流控效果，warm up 1-10
2024-12-28 14:28:03,456 INFO o.a.j.t.JMeterThread: Thread started: 流控效果，warm up 1-11
2024-12-28 14:28:03,462 INFO o.a.j.t.JMeterThread: Thread is done: 流控效果，warm up 1-11
2024-12-28 14:28:03,462 INFO o.a.j.t.JMeterThread: Thread finished: 流控效果，warm up 1-11
2024-12-28 14:28:03,480 INFO o.a.j.t.JMeterThread: Thread started: 流控效果，warm up 1-12
2024-12-28 14:28:03,486 INFO o.a.j.t.JMeterThread: Thread is done: 流控效果，warm up 1-12
2024-12-28 14:28:03,486 INFO o.a.j.t.JMeterThread: Thread finished: 流控效果，warm up 1-12
2024-12-28 14:28:03,507 INFO o.a.j.t.JMeterThread: Thread started: 流控效果，warm up 1-13
2024-12-28 14:28:03,513 INFO o.a.j.t.JMeterThread: Thread is done: 流控效果，warm up 1-13
2024-12-28 14:28:03,513 INFO o.a.j.t.JMeterThread: Thread finished: 流控效果，warm up 1-13
2024-12-28 14:28:03,530 INFO o.a.j.t.JMeterThread: Thread started: 流控效果，warm up 1-14
2024-12-28 14:28:03,537 INFO o.a.j.t.JMeterThread: Thread is done: 流控效果，warm up 1-14
2024-12-28 14:28:03,537 INFO o.a.j.t.JMeterThread: Thread finished: 流控效果，warm up 1-14
2024-12-28 14:28:03,556 INFO o.a.j.t.JMeterThread: Thread started: 流控效果，warm up 1-15
2024-12-28 14:28:03,562 INFO o.a.j.t.JMeterThread: Thread is done: 流控效果，warm up 1-15
2024-12-28 14:28:03,562 INFO o.a.j.t.JMeterThread: Thread finished: 流控效果，warm up 1-15
2024-12-28 14:28:03,580 INFO o.a.j.t.JMeterThread: Thread started: 流控效果，warm up 1-16
2024-12-28 14:28:03,586 INFO o.a.j.t.JMeterThread: Thread is done: 流控效果，warm up 1-16
2024-12-28 14:28:03,586 INFO o.a.j.t.JMeterThread: Thread finished: 流控效果，warm up 1-16
2024-12-28 14:28:03,607 INFO o.a.j.t.JMeterThread: Thread started: 流控效果，warm up 1-17
2024-12-28 14:28:03,613 INFO o.a.j.t.JMeterThread: Thread is done: 流控效果，warm up 1-17
2024-12-28 14:28:03,613 INFO o.a.j.t.JMeterThread: Thread finished: 流控效果，warm up 1-17
2024-12-28 14:28:03,631 INFO o.a.j.t.JMeterThread: Thread started: 流控效果，warm up 1-18
2024-12-28 14:28:03,636 INFO o.a.j.t.JMeterThread: Thread is done: 流控效果，warm up 1-18
2024-12-28 14:28:03,636 INFO o.a.j.t.JMeterThread: Thread finished: 流控效果，warm up 1-18
2024-12-28 14:28:03,655 INFO o.a.j.t.JMeterThread: Thread started: 流控效果，warm up 1-19
2024-12-28 14:28:03,661 INFO o.a.j.t.JMeterThread: Thread is done: 流控效果，warm up 1-19
2024-12-28 14:28:03,661 INFO o.a.j.t.JMeterThread: Thread finished: 流控效果，warm up 1-19
2024-12-28 14:28:03,682 INFO o.a.j.t.JMeterThread: Thread started: 流控效果，warm up 1-20
2024-12-28 14:28:03,688 INFO o.a.j.t.JMeterThread: Thread is done: 流控效果，warm up 1-20
2024-12-28 14:28:03,688 INFO o.a.j.t.JMeterThread: Thread finished: 流控效果，warm up 1-20
2024-12-28 14:28:03,706 INFO o.a.j.t.JMeterThread: Thread started: 流控效果，warm up 1-21
2024-12-28 14:28:03,713 INFO o.a.j.t.JMeterThread: Thread is done: 流控效果，warm up 1-21
2024-12-28 14:28:03,713 INFO o.a.j.t.JMeterThread: Thread finished: 流控效果，warm up 1-21
2024-12-28 14:28:03,730 INFO o.a.j.t.JMeterThread: Thread started: 流控效果，warm up 1-22
2024-12-28 14:28:03,736 INFO o.a.j.t.JMeterThread: Thread is done: 流控效果，warm up 1-22
2024-12-28 14:28:03,737 INFO o.a.j.t.JMeterThread: Thread finished: 流控效果，warm up 1-22
2024-12-28 14:28:03,755 INFO o.a.j.t.JMeterThread: Thread started: 流控效果，warm up 1-23
2024-12-28 14:28:03,762 INFO o.a.j.t.JMeterThread: Thread is done: 流控效果，warm up 1-23
2024-12-28 14:28:03,762 INFO o.a.j.t.JMeterThread: Thread finished: 流控效果，warm up 1-23
2024-12-28 14:28:03,783 INFO o.a.j.t.JMeterThread: Thread started: 流控效果，warm up 1-24
2024-12-28 14:28:03,789 INFO o.a.j.t.JMeterThread: Thread is done: 流控效果，warm up 1-24
2024-12-28 14:28:03,789 INFO o.a.j.t.JMeterThread: Thread finished: 流控效果，warm up 1-24
2024-12-28 14:28:03,805 INFO o.a.j.t.JMeterThread: Thread started: 流控效果，warm up 1-25
2024-12-28 14:28:03,811 INFO o.a.j.t.JMeterThread: Thread is done: 流控效果，warm up 1-25
2024-12-28 14:28:03,811 INFO o.a.j.t.JMeterThread: Thread finished: 流控效果，warm up 1-25
2024-12-28 14:28:03,831 INFO o.a.j.t.JMeterThread: Thread started: 流控效果，warm up 1-26
2024-12-28 14:28:03,837 INFO o.a.j.t.JMeterThread: Thread is done: 流控效果，warm up 1-26
2024-12-28 14:28:03,837 INFO o.a.j.t.JMeterThread: Thread finished: 流控效果，warm up 1-26
2024-12-28 14:28:03,855 INFO o.a.j.t.JMeterThread: Thread started: 流控效果，warm up 1-27
2024-12-28 14:28:03,861 INFO o.a.j.t.JMeterThread: Thread is done: 流控效果，warm up 1-27
2024-12-28 14:28:03,861 INFO o.a.j.t.JMeterThread: Thread finished: 流控效果，warm up 1-27
2024-12-28 14:28:03,883 INFO o.a.j.t.JMeterThread: Thread started: 流控效果，warm up 1-28
2024-12-28 14:28:03,889 INFO o.a.j.t.JMeterThread: Thread is done: 流控效果，warm up 1-28
2024-12-28 14:28:03,889 INFO o.a.j.t.JMeterThread: Thread finished: 流控效果，warm up 1-28
2024-12-28 14:28:03,907 INFO o.a.j.t.JMeterThread: Thread started: 流控效果，warm up 1-29
2024-12-28 14:28:03,913 INFO o.a.j.t.JMeterThread: Thread is done: 流控效果，warm up 1-29
2024-12-28 14:28:03,913 INFO o.a.j.t.JMeterThread: Thread finished: 流控效果，warm up 1-29
2024-12-28 14:28:03,929 INFO o.a.j.t.JMeterThread: Thread started: 流控效果，warm up 1-30
2024-12-28 14:28:03,935 INFO o.a.j.t.JMeterThread: Thread is done: 流控效果，warm up 1-30
2024-12-28 14:28:03,936 INFO o.a.j.t.JMeterThread: Thread finished: 流控效果，warm up 1-30
2024-12-28 14:28:03,957 INFO o.a.j.t.JMeterThread: Thread started: 流控效果，warm up 1-31
2024-12-28 14:28:03,963 INFO o.a.j.t.JMeterThread: Thread is done: 流控效果，warm up 1-31
2024-12-28 14:28:03,963 INFO o.a.j.t.JMeterThread: Thread finished: 流控效果，warm up 1-31
2024-12-28 14:28:03,980 INFO o.a.j.t.JMeterThread: Thread started: 流控效果，warm up 1-32
2024-12-28 14:28:03,986 INFO o.a.j.t.JMeterThread: Thread is done: 流控效果，warm up 1-32
2024-12-28 14:28:03,986 INFO o.a.j.t.JMeterThread: Thread finished: 流控效果，warm up 1-32
2024-12-28 14:28:04,008 INFO o.a.j.t.JMeterThread: Thread started: 流控效果，warm up 1-33
2024-12-28 14:28:04,013 INFO o.a.j.t.JMeterThread: Thread is done: 流控效果，warm up 1-33
2024-12-28 14:28:04,014 INFO o.a.j.t.JMeterThread: Thread finished: 流控效果，warm up 1-33
2024-12-28 14:28:04,033 INFO o.a.j.t.JMeterThread: Thread started: 流控效果，warm up 1-34
2024-12-28 14:28:04,039 INFO o.a.j.t.JMeterThread: Thread is done: 流控效果，warm up 1-34
2024-12-28 14:28:04,039 INFO o.a.j.t.JMeterThread: Thread finished: 流控效果，warm up 1-34
2024-12-28 14:28:04,053 INFO o.a.j.t.JMeterThread: Thread started: 流控效果，warm up 1-35
2024-12-28 14:28:04,059 INFO o.a.j.t.JMeterThread: Thread is done: 流控效果，warm up 1-35
2024-12-28 14:28:04,059 INFO o.a.j.t.JMeterThread: Thread finished: 流控效果，warm up 1-35
2024-12-28 14:28:04,081 INFO o.a.j.t.JMeterThread: Thread started: 流控效果，warm up 1-36
2024-12-28 14:28:04,087 INFO o.a.j.t.JMeterThread: Thread is done: 流控效果，warm up 1-36
2024-12-28 14:28:04,088 INFO o.a.j.t.JMeterThread: Thread finished: 流控效果，warm up 1-36
2024-12-28 14:28:04,105 INFO o.a.j.t.JMeterThread: Thread started: 流控效果，warm up 1-37
2024-12-28 14:28:04,111 INFO o.a.j.t.JMeterThread: Thread is done: 流控效果，warm up 1-37
2024-12-28 14:28:04,111 INFO o.a.j.t.JMeterThread: Thread finished: 流控效果，warm up 1-37
2024-12-28 14:28:04,129 INFO o.a.j.t.JMeterThread: Thread started: 流控效果，warm up 1-38
2024-12-28 14:28:04,137 INFO o.a.j.t.JMeterThread: Thread is done: 流控效果，warm up 1-38
2024-12-28 14:28:04,137 INFO o.a.j.t.JMeterThread: Thread finished: 流控效果，warm up 1-38
2024-12-28 14:28:04,157 INFO o.a.j.t.JMeterThread: Thread started: 流控效果，warm up 1-39
2024-12-28 14:28:04,164 INFO o.a.j.t.JMeterThread: Thread is done: 流控效果，warm up 1-39
2024-12-28 14:28:04,165 INFO o.a.j.t.JMeterThread: Thread finished: 流控效果，warm up 1-39
2024-12-28 14:28:04,180 INFO o.a.j.t.JMeterThread: Thread started: 流控效果，warm up 1-40
2024-12-28 14:28:04,186 INFO o.a.j.t.JMeterThread: Thread is done: 流控效果，warm up 1-40
2024-12-28 14:28:04,186 INFO o.a.j.t.JMeterThread: Thread finished: 流控效果，warm up 1-40
2024-12-28 14:28:04,204 INFO o.a.j.t.JMeterThread: Thread started: 流控效果，warm up 1-41
2024-12-28 14:28:04,204 INFO o.a.j.t.JMeterThread: Thread is done: 流控效果，warm up 1-41
2024-12-28 14:28:04,204 INFO o.a.j.t.JMeterThread: Thread finished: 流控效果，warm up 1-41
2024-12-28 14:28:04,229 INFO o.a.j.t.JMeterThread: Thread started: 流控效果，warm up 1-42
2024-12-28 14:28:04,235 INFO o.a.j.t.JMeterThread: Thread is done: 流控效果，warm up 1-42
2024-12-28 14:28:04,235 INFO o.a.j.t.JMeterThread: Thread finished: 流控效果，warm up 1-42
2024-12-28 14:28:04,253 INFO o.a.j.t.JMeterThread: Thread started: 流控效果，warm up 1-43
2024-12-28 14:28:04,259 INFO o.a.j.t.JMeterThread: Thread is done: 流控效果，warm up 1-43
2024-12-28 14:28:04,259 INFO o.a.j.t.JMeterThread: Thread finished: 流控效果，warm up 1-43
2024-12-28 14:28:04,278 INFO o.a.j.t.JMeterThread: Thread started: 流控效果，warm up 1-44
2024-12-28 14:28:04,284 INFO o.a.j.t.JMeterThread: Thread is done: 流控效果，warm up 1-44
2024-12-28 14:28:04,284 INFO o.a.j.t.JMeterThread: Thread finished: 流控效果，warm up 1-44
2024-12-28 14:28:04,303 INFO o.a.j.t.JMeterThread: Thread started: 流控效果，warm up 1-45
2024-12-28 14:28:04,309 INFO o.a.j.t.JMeterThread: Thread is done: 流控效果，warm up 1-45
2024-12-28 14:28:04,309 INFO o.a.j.t.JMeterThread: Thread finished: 流控效果，warm up 1-45
2024-12-28 14:28:04,328 INFO o.a.j.t.JMeterThread: Thread started: 流控效果，warm up 1-46
2024-12-28 14:28:04,336 INFO o.a.j.t.JMeterThread: Thread is done: 流控效果，warm up 1-46
2024-12-28 14:28:04,336 INFO o.a.j.t.JMeterThread: Thread finished: 流控效果，warm up 1-46
2024-12-28 14:28:04,354 INFO o.a.j.t.JMeterThread: Thread started: 流控效果，warm up 1-47
2024-12-28 14:28:04,360 INFO o.a.j.t.JMeterThread: Thread is done: 流控效果，warm up 1-47
2024-12-28 14:28:04,360 INFO o.a.j.t.JMeterThread: Thread finished: 流控效果，warm up 1-47
2024-12-28 14:28:04,379 INFO o.a.j.t.JMeterThread: Thread started: 流控效果，warm up 1-48
2024-12-28 14:28:04,385 INFO o.a.j.t.JMeterThread: Thread is done: 流控效果，warm up 1-48
2024-12-28 14:28:04,385 INFO o.a.j.t.JMeterThread: Thread finished: 流控效果，warm up 1-48
2024-12-28 14:28:04,404 INFO o.a.j.t.JMeterThread: Thread started: 流控效果，warm up 1-49
2024-12-28 14:28:04,411 INFO o.a.j.t.JMeterThread: Thread is done: 流控效果，warm up 1-49
2024-12-28 14:28:04,411 INFO o.a.j.t.JMeterThread: Thread finished: 流控效果，warm up 1-49
2024-12-28 14:28:04,429 INFO o.a.j.t.JMeterThread: Thread started: 流控效果，warm up 1-50
2024-12-28 14:28:04,436 INFO o.a.j.t.JMeterThread: Thread is done: 流控效果，warm up 1-50
2024-12-28 14:28:04,437 INFO o.a.j.t.JMeterThread: Thread finished: 流控效果，warm up 1-50
2024-12-28 14:28:04,454 INFO o.a.j.t.JMeterThread: Thread started: 流控效果，warm up 1-51
2024-12-28 14:28:04,461 INFO o.a.j.t.JMeterThread: Thread is done: 流控效果，warm up 1-51
2024-12-28 14:28:04,461 INFO o.a.j.t.JMeterThread: Thread finished: 流控效果，warm up 1-51
2024-12-28 14:28:04,480 INFO o.a.j.t.JMeterThread: Thread started: 流控效果，warm up 1-52
2024-12-28 14:28:04,488 INFO o.a.j.t.JMeterThread: Thread is done: 流控效果，warm up 1-52
2024-12-28 14:28:04,488 INFO o.a.j.t.JMeterThread: Thread finished: 流控效果，warm up 1-52
2024-12-28 14:28:04,505 INFO o.a.j.t.JMeterThread: Thread started: 流控效果，warm up 1-53
2024-12-28 14:28:04,511 INFO o.a.j.t.JMeterThread: Thread is done: 流控效果，warm up 1-53
2024-12-28 14:28:04,511 INFO o.a.j.t.JMeterThread: Thread finished: 流控效果，warm up 1-53
2024-12-28 14:28:04,530 INFO o.a.j.t.JMeterThread: Thread started: 流控效果，warm up 1-54
2024-12-28 14:28:04,536 INFO o.a.j.t.JMeterThread: Thread is done: 流控效果，warm up 1-54
2024-12-28 14:28:04,536 INFO o.a.j.t.JMeterThread: Thread finished: 流控效果，warm up 1-54
2024-12-28 14:28:04,555 INFO o.a.j.t.JMeterThread: Thread started: 流控效果，warm up 1-55
2024-12-28 14:28:04,562 INFO o.a.j.t.JMeterThread: Thread is done: 流控效果，warm up 1-55
2024-12-28 14:28:04,562 INFO o.a.j.t.JMeterThread: Thread finished: 流控效果，warm up 1-55
2024-12-28 14:28:04,579 INFO o.a.j.t.JMeterThread: Thread started: 流控效果，warm up 1-56
2024-12-28 14:28:04,587 INFO o.a.j.t.JMeterThread: Thread is done: 流控效果，warm up 1-56
2024-12-28 14:28:04,587 INFO o.a.j.t.JMeterThread: Thread finished: 流控效果，warm up 1-56
2024-12-28 14:28:04,604 INFO o.a.j.t.JMeterThread: Thread started: 流控效果，warm up 1-57
2024-12-28 14:28:04,612 INFO o.a.j.t.JMeterThread: Thread is done: 流控效果，warm up 1-57
2024-12-28 14:28:04,612 INFO o.a.j.t.JMeterThread: Thread finished: 流控效果，warm up 1-57
2024-12-28 14:28:04,629 INFO o.a.j.t.JMeterThread: Thread started: 流控效果，warm up 1-58
2024-12-28 14:28:04,637 INFO o.a.j.t.JMeterThread: Thread is done: 流控效果，warm up 1-58
2024-12-28 14:28:04,637 INFO o.a.j.t.JMeterThread: Thread finished: 流控效果，warm up 1-58
2024-12-28 14:28:04,654 INFO o.a.j.t.JMeterThread: Thread started: 流控效果，warm up 1-59
2024-12-28 14:28:04,661 INFO o.a.j.t.JMeterThread: Thread is done: 流控效果，warm up 1-59
2024-12-28 14:28:04,661 INFO o.a.j.t.JMeterThread: Thread finished: 流控效果，warm up 1-59
2024-12-28 14:28:04,678 INFO o.a.j.t.JMeterThread: Thread started: 流控效果，warm up 1-60
2024-12-28 14:28:04,684 INFO o.a.j.t.JMeterThread: Thread is done: 流控效果，warm up 1-60
2024-12-28 14:28:04,684 INFO o.a.j.t.JMeterThread: Thread finished: 流控效果，warm up 1-60
2024-12-28 14:28:04,703 INFO o.a.j.t.JMeterThread: Thread started: 流控效果，warm up 1-61
2024-12-28 14:28:04,709 INFO o.a.j.t.JMeterThread: Thread is done: 流控效果，warm up 1-61
2024-12-28 14:28:04,709 INFO o.a.j.t.JMeterThread: Thread finished: 流控效果，warm up 1-61
2024-12-28 14:28:04,728 INFO o.a.j.t.JMeterThread: Thread started: 流控效果，warm up 1-62
2024-12-28 14:28:04,734 INFO o.a.j.t.JMeterThread: Thread is done: 流控效果，warm up 1-62
2024-12-28 14:28:04,734 INFO o.a.j.t.JMeterThread: Thread finished: 流控效果，warm up 1-62
2024-12-28 14:28:04,753 INFO o.a.j.t.JMeterThread: Thread started: 流控效果，warm up 1-63
2024-12-28 14:28:04,759 INFO o.a.j.t.JMeterThread: Thread is done: 流控效果，warm up 1-63
2024-12-28 14:28:04,759 INFO o.a.j.t.JMeterThread: Thread finished: 流控效果，warm up 1-63
2024-12-28 14:28:04,779 INFO o.a.j.t.JMeterThread: Thread started: 流控效果，warm up 1-64
2024-12-28 14:28:04,786 INFO o.a.j.t.JMeterThread: Thread is done: 流控效果，warm up 1-64
2024-12-28 14:28:04,786 INFO o.a.j.t.JMeterThread: Thread finished: 流控效果，warm up 1-64
2024-12-28 14:28:04,804 INFO o.a.j.t.JMeterThread: Thread started: 流控效果，warm up 1-65
2024-12-28 14:28:04,809 INFO o.a.j.t.JMeterThread: Thread is done: 流控效果，warm up 1-65
2024-12-28 14:28:04,809 INFO o.a.j.t.JMeterThread: Thread finished: 流控效果，warm up 1-65
2024-12-28 14:28:04,828 INFO o.a.j.t.JMeterThread: Thread started: 流控效果，warm up 1-66
2024-12-28 14:28:04,835 INFO o.a.j.t.JMeterThread: Thread is done: 流控效果，warm up 1-66
2024-12-28 14:28:04,835 INFO o.a.j.t.JMeterThread: Thread finished: 流控效果，warm up 1-66
2024-12-28 14:28:04,853 INFO o.a.j.t.JMeterThread: Thread started: 流控效果，warm up 1-67
2024-12-28 14:28:04,858 INFO o.a.j.t.JMeterThread: Thread is done: 流控效果，warm up 1-67
2024-12-28 14:28:04,858 INFO o.a.j.t.JMeterThread: Thread finished: 流控效果，warm up 1-67
2024-12-28 14:28:04,879 INFO o.a.j.t.JMeterThread: Thread started: 流控效果，warm up 1-68
2024-12-28 14:28:04,884 INFO o.a.j.t.JMeterThread: Thread is done: 流控效果，warm up 1-68
2024-12-28 14:28:04,884 INFO o.a.j.t.JMeterThread: Thread finished: 流控效果，warm up 1-68
2024-12-28 14:28:04,903 INFO o.a.j.t.JMeterThread: Thread started: 流控效果，warm up 1-69
2024-12-28 14:28:04,909 INFO o.a.j.t.JMeterThread: Thread is done: 流控效果，warm up 1-69
2024-12-28 14:28:04,909 INFO o.a.j.t.JMeterThread: Thread finished: 流控效果，warm up 1-69
2024-12-28 14:28:04,928 INFO o.a.j.t.JMeterThread: Thread started: 流控效果，warm up 1-70
2024-12-28 14:28:04,934 INFO o.a.j.t.JMeterThread: Thread is done: 流控效果，warm up 1-70
2024-12-28 14:28:04,934 INFO o.a.j.t.JMeterThread: Thread finished: 流控效果，warm up 1-70
2024-12-28 14:28:04,953 INFO o.a.j.t.JMeterThread: Thread started: 流控效果，warm up 1-71
2024-12-28 14:28:04,958 INFO o.a.j.t.JMeterThread: Thread is done: 流控效果，warm up 1-71
2024-12-28 14:28:04,959 INFO o.a.j.t.JMeterThread: Thread finished: 流控效果，warm up 1-71
2024-12-28 14:28:04,978 INFO o.a.j.t.JMeterThread: Thread started: 流控效果，warm up 1-72
2024-12-28 14:28:04,984 INFO o.a.j.t.JMeterThread: Thread is done: 流控效果，warm up 1-72
2024-12-28 14:28:04,984 INFO o.a.j.t.JMeterThread: Thread finished: 流控效果，warm up 1-72
2024-12-28 14:28:05,003 INFO o.a.j.t.JMeterThread: Thread started: 流控效果，warm up 1-73
2024-12-28 14:28:05,008 INFO o.a.j.t.JMeterThread: Thread is done: 流控效果，warm up 1-73
2024-12-28 14:28:05,008 INFO o.a.j.t.JMeterThread: Thread finished: 流控效果，warm up 1-73
2024-12-28 14:28:05,028 INFO o.a.j.t.JMeterThread: Thread started: 流控效果，warm up 1-74
2024-12-28 14:28:05,035 INFO o.a.j.t.JMeterThread: Thread is done: 流控效果，warm up 1-74
2024-12-28 14:28:05,035 INFO o.a.j.t.JMeterThread: Thread finished: 流控效果，warm up 1-74
2024-12-28 14:28:05,054 INFO o.a.j.t.JMeterThread: Thread started: 流控效果，warm up 1-75
2024-12-28 14:28:05,059 INFO o.a.j.t.JMeterThread: Thread is done: 流控效果，warm up 1-75
2024-12-28 14:28:05,059 INFO o.a.j.t.JMeterThread: Thread finished: 流控效果，warm up 1-75
2024-12-28 14:28:05,080 INFO o.a.j.t.JMeterThread: Thread started: 流控效果，warm up 1-76
2024-12-28 14:28:05,087 INFO o.a.j.t.JMeterThread: Thread is done: 流控效果，warm up 1-76
2024-12-28 14:28:05,087 INFO o.a.j.t.JMeterThread: Thread finished: 流控效果，warm up 1-76
2024-12-28 14:28:05,105 INFO o.a.j.t.JMeterThread: Thread started: 流控效果，warm up 1-77
2024-12-28 14:28:05,110 INFO o.a.j.t.JMeterThread: Thread is done: 流控效果，warm up 1-77
2024-12-28 14:28:05,111 INFO o.a.j.t.JMeterThread: Thread finished: 流控效果，warm up 1-77
2024-12-28 14:28:05,129 INFO o.a.j.t.JMeterThread: Thread started: 流控效果，warm up 1-78
2024-12-28 14:28:05,134 INFO o.a.j.t.JMeterThread: Thread is done: 流控效果，warm up 1-78
2024-12-28 14:28:05,134 INFO o.a.j.t.JMeterThread: Thread finished: 流控效果，warm up 1-78
2024-12-28 14:28:05,154 INFO o.a.j.t.JMeterThread: Thread started: 流控效果，warm up 1-79
2024-12-28 14:28:05,160 INFO o.a.j.t.JMeterThread: Thread is done: 流控效果，warm up 1-79
2024-12-28 14:28:05,160 INFO o.a.j.t.JMeterThread: Thread finished: 流控效果，warm up 1-79
2024-12-28 14:28:05,178 INFO o.a.j.t.JMeterThread: Thread started: 流控效果，warm up 1-80
2024-12-28 14:28:05,183 INFO o.a.j.t.JMeterThread: Thread is done: 流控效果，warm up 1-80
2024-12-28 14:28:05,183 INFO o.a.j.t.JMeterThread: Thread finished: 流控效果，warm up 1-80
2024-12-28 14:28:05,203 INFO o.a.j.t.JMeterThread: Thread started: 流控效果，warm up 1-81
2024-12-28 14:28:05,203 INFO o.a.j.t.JMeterThread: Thread is done: 流控效果，warm up 1-81
2024-12-28 14:28:05,203 INFO o.a.j.t.JMeterThread: Thread finished: 流控效果，warm up 1-81
2024-12-28 14:28:05,234 INFO o.a.j.t.JMeterThread: Thread started: 流控效果，warm up 1-82
2024-12-28 14:28:05,243 INFO o.a.j.t.JMeterThread: Thread is done: 流控效果，warm up 1-82
2024-12-28 14:28:05,243 INFO o.a.j.t.JMeterThread: Thread finished: 流控效果，warm up 1-82
2024-12-28 14:28:05,254 INFO o.a.j.t.JMeterThread: Thread started: 流控效果，warm up 1-83
2024-12-28 14:28:05,260 INFO o.a.j.t.JMeterThread: Thread is done: 流控效果，warm up 1-83
2024-12-28 14:28:05,260 INFO o.a.j.t.JMeterThread: Thread finished: 流控效果，warm up 1-83
2024-12-28 14:28:05,279 INFO o.a.j.t.JMeterThread: Thread started: 流控效果，warm up 1-84
2024-12-28 14:28:05,286 INFO o.a.j.t.JMeterThread: Thread is done: 流控效果，warm up 1-84
2024-12-28 14:28:05,287 INFO o.a.j.t.JMeterThread: Thread finished: 流控效果，warm up 1-84
2024-12-28 14:28:05,305 INFO o.a.j.t.JMeterThread: Thread started: 流控效果，warm up 1-85
2024-12-28 14:28:05,310 INFO o.a.j.t.JMeterThread: Thread is done: 流控效果，warm up 1-85
2024-12-28 14:28:05,310 INFO o.a.j.t.JMeterThread: Thread finished: 流控效果，warm up 1-85
2024-12-28 14:28:05,330 INFO o.a.j.t.JMeterThread: Thread started: 流控效果，warm up 1-86
2024-12-28 14:28:05,336 INFO o.a.j.t.JMeterThread: Thread is done: 流控效果，warm up 1-86
2024-12-28 14:28:05,336 INFO o.a.j.t.JMeterThread: Thread finished: 流控效果，warm up 1-86
2024-12-28 14:28:05,355 INFO o.a.j.t.JMeterThread: Thread started: 流控效果，warm up 1-87
2024-12-28 14:28:05,361 INFO o.a.j.t.JMeterThread: Thread is done: 流控效果，warm up 1-87
2024-12-28 14:28:05,361 INFO o.a.j.t.JMeterThread: Thread finished: 流控效果，warm up 1-87
2024-12-28 14:28:05,380 INFO o.a.j.t.JMeterThread: Thread started: 流控效果，warm up 1-88
2024-12-28 14:28:05,387 INFO o.a.j.t.JMeterThread: Thread is done: 流控效果，warm up 1-88
2024-12-28 14:28:05,387 INFO o.a.j.t.JMeterThread: Thread finished: 流控效果，warm up 1-88
2024-12-28 14:28:05,404 INFO o.a.j.t.JMeterThread: Thread started: 流控效果，warm up 1-89
2024-12-28 14:28:05,410 INFO o.a.j.t.JMeterThread: Thread is done: 流控效果，warm up 1-89
2024-12-28 14:28:05,410 INFO o.a.j.t.JMeterThread: Thread finished: 流控效果，warm up 1-89
2024-12-28 14:28:05,429 INFO o.a.j.t.JMeterThread: Thread started: 流控效果，warm up 1-90
2024-12-28 14:28:05,435 INFO o.a.j.t.JMeterThread: Thread is done: 流控效果，warm up 1-90
2024-12-28 14:28:05,435 INFO o.a.j.t.JMeterThread: Thread finished: 流控效果，warm up 1-90
2024-12-28 14:28:05,454 INFO o.a.j.t.JMeterThread: Thread started: 流控效果，warm up 1-91
2024-12-28 14:28:05,461 INFO o.a.j.t.JMeterThread: Thread is done: 流控效果，warm up 1-91
2024-12-28 14:28:05,461 INFO o.a.j.t.JMeterThread: Thread finished: 流控效果，warm up 1-91
2024-12-28 14:28:05,479 INFO o.a.j.t.JMeterThread: Thread started: 流控效果，warm up 1-92
2024-12-28 14:28:05,487 INFO o.a.j.t.JMeterThread: Thread is done: 流控效果，warm up 1-92
2024-12-28 14:28:05,487 INFO o.a.j.t.JMeterThread: Thread finished: 流控效果，warm up 1-92
2024-12-28 14:28:05,504 INFO o.a.j.t.JMeterThread: Thread started: 流控效果，warm up 1-93
2024-12-28 14:28:05,510 INFO o.a.j.t.JMeterThread: Thread is done: 流控效果，warm up 1-93
2024-12-28 14:28:05,510 INFO o.a.j.t.JMeterThread: Thread finished: 流控效果，warm up 1-93
2024-12-28 14:28:05,529 INFO o.a.j.t.JMeterThread: Thread started: 流控效果，warm up 1-94
2024-12-28 14:28:05,535 INFO o.a.j.t.JMeterThread: Thread is done: 流控效果，warm up 1-94
2024-12-28 14:28:05,536 INFO o.a.j.t.JMeterThread: Thread finished: 流控效果，warm up 1-94
2024-12-28 14:28:05,554 INFO o.a.j.t.JMeterThread: Thread started: 流控效果，warm up 1-95
2024-12-28 14:28:05,560 INFO o.a.j.t.JMeterThread: Thread is done: 流控效果，warm up 1-95
2024-12-28 14:28:05,560 INFO o.a.j.t.JMeterThread: Thread finished: 流控效果，warm up 1-95
2024-12-28 14:28:05,580 INFO o.a.j.t.JMeterThread: Thread started: 流控效果，warm up 1-96
2024-12-28 14:28:05,585 INFO o.a.j.t.JMeterThread: Thread is done: 流控效果，warm up 1-96
2024-12-28 14:28:05,585 INFO o.a.j.t.JMeterThread: Thread finished: 流控效果，warm up 1-96
2024-12-28 14:28:05,604 INFO o.a.j.t.JMeterThread: Thread started: 流控效果，warm up 1-97
2024-12-28 14:28:05,609 INFO o.a.j.t.JMeterThread: Thread is done: 流控效果，warm up 1-97
2024-12-28 14:28:05,609 INFO o.a.j.t.JMeterThread: Thread finished: 流控效果，warm up 1-97
2024-12-28 14:28:05,631 INFO o.a.j.t.JMeterThread: Thread started: 流控效果，warm up 1-98
2024-12-28 14:28:05,637 INFO o.a.j.t.JMeterThread: Thread is done: 流控效果，warm up 1-98
2024-12-28 14:28:05,637 INFO o.a.j.t.JMeterThread: Thread finished: 流控效果，warm up 1-98
2024-12-28 14:28:05,655 INFO o.a.j.t.JMeterThread: Thread started: 流控效果，warm up 1-99
2024-12-28 14:28:05,661 INFO o.a.j.t.JMeterThread: Thread is done: 流控效果，warm up 1-99
2024-12-28 14:28:05,661 INFO o.a.j.t.JMeterThread: Thread finished: 流控效果，warm up 1-99
2024-12-28 14:28:05,680 INFO o.a.j.t.JMeterThread: Thread started: 流控效果，warm up 1-100
2024-12-28 14:28:05,686 INFO o.a.j.t.JMeterThread: Thread is done: 流控效果，warm up 1-100
2024-12-28 14:28:05,686 INFO o.a.j.t.JMeterThread: Thread finished: 流控效果，warm up 1-100
2024-12-28 14:28:05,704 INFO o.a.j.t.JMeterThread: Thread started: 流控效果，warm up 1-101
2024-12-28 14:28:05,710 INFO o.a.j.t.JMeterThread: Thread is done: 流控效果，warm up 1-101
2024-12-28 14:28:05,710 INFO o.a.j.t.JMeterThread: Thread finished: 流控效果，warm up 1-101
2024-12-28 14:28:05,729 INFO o.a.j.t.JMeterThread: Thread started: 流控效果，warm up 1-102
2024-12-28 14:28:05,734 INFO o.a.j.t.JMeterThread: Thread is done: 流控效果，warm up 1-102
2024-12-28 14:28:05,734 INFO o.a.j.t.JMeterThread: Thread finished: 流控效果，warm up 1-102
2024-12-28 14:28:05,754 INFO o.a.j.t.JMeterThread: Thread started: 流控效果，warm up 1-103
2024-12-28 14:28:05,759 INFO o.a.j.t.JMeterThread: Thread is done: 流控效果，warm up 1-103
2024-12-28 14:28:05,759 INFO o.a.j.t.JMeterThread: Thread finished: 流控效果，warm up 1-103
2024-12-28 14:28:05,779 INFO o.a.j.t.JMeterThread: Thread started: 流控效果，warm up 1-104
2024-12-28 14:28:05,786 INFO o.a.j.t.JMeterThread: Thread is done: 流控效果，warm up 1-104
2024-12-28 14:28:05,786 INFO o.a.j.t.JMeterThread: Thread finished: 流控效果，warm up 1-104
2024-12-28 14:28:05,804 INFO o.a.j.t.JMeterThread: Thread started: 流控效果，warm up 1-105
2024-12-28 14:28:05,809 INFO o.a.j.t.JMeterThread: Thread is done: 流控效果，warm up 1-105
2024-12-28 14:28:05,809 INFO o.a.j.t.JMeterThread: Thread finished: 流控效果，warm up 1-105
2024-12-28 14:28:05,829 INFO o.a.j.t.JMeterThread: Thread started: 流控效果，warm up 1-106
2024-12-28 14:28:05,834 INFO o.a.j.t.JMeterThread: Thread is done: 流控效果，warm up 1-106
2024-12-28 14:28:05,834 INFO o.a.j.t.JMeterThread: Thread finished: 流控效果，warm up 1-106
2024-12-28 14:28:05,854 INFO o.a.j.t.JMeterThread: Thread started: 流控效果，warm up 1-107
2024-12-28 14:28:05,859 INFO o.a.j.t.JMeterThread: Thread is done: 流控效果，warm up 1-107
2024-12-28 14:28:05,859 INFO o.a.j.t.JMeterThread: Thread finished: 流控效果，warm up 1-107
2024-12-28 14:28:05,879 INFO o.a.j.t.JMeterThread: Thread started: 流控效果，warm up 1-108
2024-12-28 14:28:05,884 INFO o.a.j.t.JMeterThread: Thread is done: 流控效果，warm up 1-108
2024-12-28 14:28:05,885 INFO o.a.j.t.JMeterThread: Thread finished: 流控效果，warm up 1-108
2024-12-28 14:28:05,905 INFO o.a.j.t.JMeterThread: Thread started: 流控效果，warm up 1-109
2024-12-28 14:28:05,910 INFO o.a.j.t.JMeterThread: Thread is done: 流控效果，warm up 1-109
2024-12-28 14:28:05,910 INFO o.a.j.t.JMeterThread: Thread finished: 流控效果，warm up 1-109
2024-12-28 14:28:05,930 INFO o.a.j.t.JMeterThread: Thread started: 流控效果，warm up 1-110
2024-12-28 14:28:05,937 INFO o.a.j.t.JMeterThread: Thread is done: 流控效果，warm up 1-110
2024-12-28 14:28:05,937 INFO o.a.j.t.JMeterThread: Thread finished: 流控效果，warm up 1-110
2024-12-28 14:28:05,954 INFO o.a.j.t.JMeterThread: Thread started: 流控效果，warm up 1-111
2024-12-28 14:28:05,959 INFO o.a.j.t.JMeterThread: Thread is done: 流控效果，warm up 1-111
2024-12-28 14:28:05,959 INFO o.a.j.t.JMeterThread: Thread finished: 流控效果，warm up 1-111
2024-12-28 14:28:05,979 INFO o.a.j.t.JMeterThread: Thread started: 流控效果，warm up 1-112
2024-12-28 14:28:05,986 INFO o.a.j.t.JMeterThread: Thread is done: 流控效果，warm up 1-112
2024-12-28 14:28:05,986 INFO o.a.j.t.JMeterThread: Thread finished: 流控效果，warm up 1-112
2024-12-28 14:28:06,004 INFO o.a.j.t.JMeterThread: Thread started: 流控效果，warm up 1-113
2024-12-28 14:28:06,009 INFO o.a.j.t.JMeterThread: Thread is done: 流控效果，warm up 1-113
2024-12-28 14:28:06,009 INFO o.a.j.t.JMeterThread: Thread finished: 流控效果，warm up 1-113
2024-12-28 14:28:06,029 INFO o.a.j.t.JMeterThread: Thread started: 流控效果，warm up 1-114
2024-12-28 14:28:06,034 INFO o.a.j.t.JMeterThread: Thread is done: 流控效果，warm up 1-114
2024-12-28 14:28:06,034 INFO o.a.j.t.JMeterThread: Thread finished: 流控效果，warm up 1-114
2024-12-28 14:28:06,056 INFO o.a.j.t.JMeterThread: Thread started: 流控效果，warm up 1-115
2024-12-28 14:28:06,062 INFO o.a.j.t.JMeterThread: Thread is done: 流控效果，warm up 1-115
2024-12-28 14:28:06,062 INFO o.a.j.t.JMeterThread: Thread finished: 流控效果，warm up 1-115
2024-12-28 14:28:06,081 INFO o.a.j.t.JMeterThread: Thread started: 流控效果，warm up 1-116
2024-12-28 14:28:06,086 INFO o.a.j.t.JMeterThread: Thread is done: 流控效果，warm up 1-116
2024-12-28 14:28:06,086 INFO o.a.j.t.JMeterThread: Thread finished: 流控效果，warm up 1-116
2024-12-28 14:28:06,106 INFO o.a.j.t.JMeterThread: Thread started: 流控效果，warm up 1-117
2024-12-28 14:28:06,111 INFO o.a.j.t.JMeterThread: Thread is done: 流控效果，warm up 1-117
2024-12-28 14:28:06,111 INFO o.a.j.t.JMeterThread: Thread finished: 流控效果，warm up 1-117
2024-12-28 14:28:06,131 INFO o.a.j.t.JMeterThread: Thread started: 流控效果，warm up 1-118
2024-12-28 14:28:06,138 INFO o.a.j.t.JMeterThread: Thread is done: 流控效果，warm up 1-118
2024-12-28 14:28:06,138 INFO o.a.j.t.JMeterThread: Thread finished: 流控效果，warm up 1-118
2024-12-28 14:28:06,154 INFO o.a.j.t.JMeterThread: Thread started: 流控效果，warm up 1-119
2024-12-28 14:28:06,159 INFO o.a.j.t.JMeterThread: Thread is done: 流控效果，warm up 1-119
2024-12-28 14:28:06,159 INFO o.a.j.t.JMeterThread: Thread finished: 流控效果，warm up 1-119
2024-12-28 14:28:06,179 INFO o.a.j.t.JMeterThread: Thread started: 流控效果，warm up 1-120
2024-12-28 14:28:06,185 INFO o.a.j.t.JMeterThread: Thread is done: 流控效果，warm up 1-120
2024-12-28 14:28:06,185 INFO o.a.j.t.JMeterThread: Thread finished: 流控效果，warm up 1-120
2024-12-28 14:28:06,204 INFO o.a.j.t.JMeterThread: Thread started: 流控效果，warm up 1-121
2024-12-28 14:28:06,209 INFO o.a.j.t.JMeterThread: Thread is done: 流控效果，warm up 1-121
2024-12-28 14:28:06,209 INFO o.a.j.t.JMeterThread: Thread finished: 流控效果，warm up 1-121
2024-12-28 14:28:06,229 INFO o.a.j.t.JMeterThread: Thread started: 流控效果，warm up 1-122
2024-12-28 14:28:06,229 INFO o.a.j.t.JMeterThread: Thread is done: 流控效果，warm up 1-122
2024-12-28 14:28:06,229 INFO o.a.j.t.JMeterThread: Thread finished: 流控效果，warm up 1-122
2024-12-28 14:28:06,254 INFO o.a.j.t.JMeterThread: Thread started: 流控效果，warm up 1-123
2024-12-28 14:28:06,259 INFO o.a.j.t.JMeterThread: Thread is done: 流控效果，warm up 1-123
2024-12-28 14:28:06,259 INFO o.a.j.t.JMeterThread: Thread finished: 流控效果，warm up 1-123
2024-12-28 14:28:06,278 INFO o.a.j.t.JMeterThread: Thread started: 流控效果，warm up 1-124
2024-12-28 14:28:06,285 INFO o.a.j.t.JMeterThread: Thread is done: 流控效果，warm up 1-124
2024-12-28 14:28:06,285 INFO o.a.j.t.JMeterThread: Thread finished: 流控效果，warm up 1-124
2024-12-28 14:28:06,303 INFO o.a.j.t.JMeterThread: Thread started: 流控效果，warm up 1-125
2024-12-28 14:28:06,310 INFO o.a.j.t.JMeterThread: Thread is done: 流控效果，warm up 1-125
2024-12-28 14:28:06,310 INFO o.a.j.t.JMeterThread: Thread finished: 流控效果，warm up 1-125
2024-12-28 14:28:06,328 INFO o.a.j.t.JMeterThread: Thread started: 流控效果，warm up 1-126
2024-12-28 14:28:06,334 INFO o.a.j.t.JMeterThread: Thread is done: 流控效果，warm up 1-126
2024-12-28 14:28:06,334 INFO o.a.j.t.JMeterThread: Thread finished: 流控效果，warm up 1-126
2024-12-28 14:28:06,353 INFO o.a.j.t.JMeterThread: Thread started: 流控效果，warm up 1-127
2024-12-28 14:28:06,359 INFO o.a.j.t.JMeterThread: Thread is done: 流控效果，warm up 1-127
2024-12-28 14:28:06,360 INFO o.a.j.t.JMeterThread: Thread finished: 流控效果，warm up 1-127
2024-12-28 14:28:06,378 INFO o.a.j.t.JMeterThread: Thread started: 流控效果，warm up 1-128
2024-12-28 14:28:06,383 INFO o.a.j.t.JMeterThread: Thread is done: 流控效果，warm up 1-128
2024-12-28 14:28:06,384 INFO o.a.j.t.JMeterThread: Thread finished: 流控效果，warm up 1-128
2024-12-28 14:28:06,403 INFO o.a.j.t.JMeterThread: Thread started: 流控效果，warm up 1-129
2024-12-28 14:28:06,409 INFO o.a.j.t.JMeterThread: Thread is done: 流控效果，warm up 1-129
2024-12-28 14:28:06,409 INFO o.a.j.t.JMeterThread: Thread finished: 流控效果，warm up 1-129
2024-12-28 14:28:06,428 INFO o.a.j.t.JMeterThread: Thread started: 流控效果，warm up 1-130
2024-12-28 14:28:06,434 INFO o.a.j.t.JMeterThread: Thread is done: 流控效果，warm up 1-130
2024-12-28 14:28:06,435 INFO o.a.j.t.JMeterThread: Thread finished: 流控效果，warm up 1-130
2024-12-28 14:28:06,453 INFO o.a.j.t.JMeterThread: Thread started: 流控效果，warm up 1-131
2024-12-28 14:28:06,458 INFO o.a.j.t.JMeterThread: Thread is done: 流控效果，warm up 1-131
2024-12-28 14:28:06,458 INFO o.a.j.t.JMeterThread: Thread finished: 流控效果，warm up 1-131
2024-12-28 14:28:06,478 INFO o.a.j.t.JMeterThread: Thread started: 流控效果，warm up 1-132
2024-12-28 14:28:06,484 INFO o.a.j.t.JMeterThread: Thread is done: 流控效果，warm up 1-132
2024-12-28 14:28:06,484 INFO o.a.j.t.JMeterThread: Thread finished: 流控效果，warm up 1-132
2024-12-28 14:28:06,505 INFO o.a.j.t.JMeterThread: Thread started: 流控效果，warm up 1-133
2024-12-28 14:28:06,510 INFO o.a.j.t.JMeterThread: Thread is done: 流控效果，warm up 1-133
2024-12-28 14:28:06,510 INFO o.a.j.t.JMeterThread: Thread finished: 流控效果，warm up 1-133
2024-12-28 14:28:06,530 INFO o.a.j.t.JMeterThread: Thread started: 流控效果，warm up 1-134
2024-12-28 14:28:06,536 INFO o.a.j.t.JMeterThread: Thread is done: 流控效果，warm up 1-134
2024-12-28 14:28:06,536 INFO o.a.j.t.JMeterThread: Thread finished: 流控效果，warm up 1-134
2024-12-28 14:28:06,553 INFO o.a.j.t.JMeterThread: Thread started: 流控效果，warm up 1-135
2024-12-28 14:28:06,559 INFO o.a.j.t.JMeterThread: Thread is done: 流控效果，warm up 1-135
2024-12-28 14:28:06,559 INFO o.a.j.t.JMeterThread: Thread finished: 流控效果，warm up 1-135
2024-12-28 14:28:06,578 INFO o.a.j.t.JMeterThread: Thread started: 流控效果，warm up 1-136
2024-12-28 14:28:06,583 INFO o.a.j.t.JMeterThread: Thread is done: 流控效果，warm up 1-136
2024-12-28 14:28:06,583 INFO o.a.j.t.JMeterThread: Thread finished: 流控效果，warm up 1-136
2024-12-28 14:28:06,603 INFO o.a.j.t.JMeterThread: Thread started: 流控效果，warm up 1-137
2024-12-28 14:28:06,608 INFO o.a.j.t.JMeterThread: Thread is done: 流控效果，warm up 1-137
2024-12-28 14:28:06,609 INFO o.a.j.t.JMeterThread: Thread finished: 流控效果，warm up 1-137
2024-12-28 14:28:06,628 INFO o.a.j.t.JMeterThread: Thread started: 流控效果，warm up 1-138
2024-12-28 14:28:06,634 INFO o.a.j.t.JMeterThread: Thread is done: 流控效果，warm up 1-138
2024-12-28 14:28:06,634 INFO o.a.j.t.JMeterThread: Thread finished: 流控效果，warm up 1-138
2024-12-28 14:28:06,653 INFO o.a.j.t.JMeterThread: Thread started: 流控效果，warm up 1-139
2024-12-28 14:28:06,658 INFO o.a.j.t.JMeterThread: Thread is done: 流控效果，warm up 1-139
2024-12-28 14:28:06,658 INFO o.a.j.t.JMeterThread: Thread finished: 流控效果，warm up 1-139
2024-12-28 14:28:06,678 INFO o.a.j.t.JMeterThread: Thread started: 流控效果，warm up 1-140
2024-12-28 14:28:06,686 INFO o.a.j.t.JMeterThread: Thread is done: 流控效果，warm up 1-140
2024-12-28 14:28:06,686 INFO o.a.j.t.JMeterThread: Thread finished: 流控效果，warm up 1-140
2024-12-28 14:28:06,703 INFO o.a.j.t.JMeterThread: Thread started: 流控效果，warm up 1-141
2024-12-28 14:28:06,708 INFO o.a.j.t.JMeterThread: Thread is done: 流控效果，warm up 1-141
2024-12-28 14:28:06,708 INFO o.a.j.t.JMeterThread: Thread finished: 流控效果，warm up 1-141
2024-12-28 14:28:06,728 INFO o.a.j.t.JMeterThread: Thread started: 流控效果，warm up 1-142
2024-12-28 14:28:06,733 INFO o.a.j.t.JMeterThread: Thread is done: 流控效果，warm up 1-142
2024-12-28 14:28:06,733 INFO o.a.j.t.JMeterThread: Thread finished: 流控效果，warm up 1-142
2024-12-28 14:28:06,753 INFO o.a.j.t.JMeterThread: Thread started: 流控效果，warm up 1-143
2024-12-28 14:28:06,758 INFO o.a.j.t.JMeterThread: Thread is done: 流控效果，warm up 1-143
2024-12-28 14:28:06,758 INFO o.a.j.t.JMeterThread: Thread finished: 流控效果，warm up 1-143
2024-12-28 14:28:06,778 INFO o.a.j.t.JMeterThread: Thread started: 流控效果，warm up 1-144
2024-12-28 14:28:06,783 INFO o.a.j.t.JMeterThread: Thread is done: 流控效果，warm up 1-144
2024-12-28 14:28:06,783 INFO o.a.j.t.JMeterThread: Thread finished: 流控效果，warm up 1-144
2024-12-28 14:28:06,803 INFO o.a.j.t.JMeterThread: Thread started: 流控效果，warm up 1-145
2024-12-28 14:28:06,808 INFO o.a.j.t.JMeterThread: Thread is done: 流控效果，warm up 1-145
2024-12-28 14:28:06,808 INFO o.a.j.t.JMeterThread: Thread finished: 流控效果，warm up 1-145
2024-12-28 14:28:06,828 INFO o.a.j.t.JMeterThread: Thread started: 流控效果，warm up 1-146
2024-12-28 14:28:06,833 INFO o.a.j.t.JMeterThread: Thread is done: 流控效果，warm up 1-146
2024-12-28 14:28:06,833 INFO o.a.j.t.JMeterThread: Thread finished: 流控效果，warm up 1-146
2024-12-28 14:28:06,853 INFO o.a.j.t.JMeterThread: Thread started: 流控效果，warm up 1-147
2024-12-28 14:28:06,859 INFO o.a.j.t.JMeterThread: Thread is done: 流控效果，warm up 1-147
2024-12-28 14:28:06,859 INFO o.a.j.t.JMeterThread: Thread finished: 流控效果，warm up 1-147
2024-12-28 14:28:06,880 INFO o.a.j.t.JMeterThread: Thread started: 流控效果，warm up 1-148
2024-12-28 14:28:06,886 INFO o.a.j.t.JMeterThread: Thread is done: 流控效果，warm up 1-148
2024-12-28 14:28:06,886 INFO o.a.j.t.JMeterThread: Thread finished: 流控效果，warm up 1-148
2024-12-28 14:28:06,905 INFO o.a.j.t.JMeterThread: Thread started: 流控效果，warm up 1-149
2024-12-28 14:28:06,910 INFO o.a.j.t.JMeterThread: Thread is done: 流控效果，warm up 1-149
2024-12-28 14:28:06,910 INFO o.a.j.t.JMeterThread: Thread finished: 流控效果，warm up 1-149
2024-12-28 14:28:06,930 INFO o.a.j.t.JMeterThread: Thread started: 流控效果，warm up 1-150
2024-12-28 14:28:06,935 INFO o.a.j.t.JMeterThread: Thread is done: 流控效果，warm up 1-150
2024-12-28 14:28:06,936 INFO o.a.j.t.JMeterThread: Thread finished: 流控效果，warm up 1-150
2024-12-28 14:28:06,955 INFO o.a.j.t.JMeterThread: Thread started: 流控效果，warm up 1-151
2024-12-28 14:28:06,960 INFO o.a.j.t.JMeterThread: Thread is done: 流控效果，warm up 1-151
2024-12-28 14:28:06,960 INFO o.a.j.t.JMeterThread: Thread finished: 流控效果，warm up 1-151
2024-12-28 14:28:06,978 INFO o.a.j.t.JMeterThread: Thread started: 流控效果，warm up 1-152
2024-12-28 14:28:06,983 INFO o.a.j.t.JMeterThread: Thread is done: 流控效果，warm up 1-152
2024-12-28 14:28:06,983 INFO o.a.j.t.JMeterThread: Thread finished: 流控效果，warm up 1-152
2024-12-28 14:28:07,003 INFO o.a.j.t.JMeterThread: Thread started: 流控效果，warm up 1-153
2024-12-28 14:28:07,009 INFO o.a.j.t.JMeterThread: Thread is done: 流控效果，warm up 1-153
2024-12-28 14:28:07,009 INFO o.a.j.t.JMeterThread: Thread finished: 流控效果，warm up 1-153
2024-12-28 14:28:07,028 INFO o.a.j.t.JMeterThread: Thread started: 流控效果，warm up 1-154
2024-12-28 14:28:07,033 INFO o.a.j.t.JMeterThread: Thread is done: 流控效果，warm up 1-154
2024-12-28 14:28:07,033 INFO o.a.j.t.JMeterThread: Thread finished: 流控效果，warm up 1-154
2024-12-28 14:28:07,053 INFO o.a.j.t.JMeterThread: Thread started: 流控效果，warm up 1-155
2024-12-28 14:28:07,059 INFO o.a.j.t.JMeterThread: Thread is done: 流控效果，warm up 1-155
2024-12-28 14:28:07,059 INFO o.a.j.t.JMeterThread: Thread finished: 流控效果，warm up 1-155
2024-12-28 14:28:07,079 INFO o.a.j.t.JMeterThread: Thread started: 流控效果，warm up 1-156
2024-12-28 14:28:07,084 INFO o.a.j.t.JMeterThread: Thread is done: 流控效果，warm up 1-156
2024-12-28 14:28:07,084 INFO o.a.j.t.JMeterThread: Thread finished: 流控效果，warm up 1-156
2024-12-28 14:28:07,104 INFO o.a.j.t.JMeterThread: Thread started: 流控效果，warm up 1-157
2024-12-28 14:28:07,109 INFO o.a.j.t.JMeterThread: Thread is done: 流控效果，warm up 1-157
2024-12-28 14:28:07,109 INFO o.a.j.t.JMeterThread: Thread finished: 流控效果，warm up 1-157
2024-12-28 14:28:07,129 INFO o.a.j.t.JMeterThread: Thread started: 流控效果，warm up 1-158
2024-12-28 14:28:07,135 INFO o.a.j.t.JMeterThread: Thread is done: 流控效果，warm up 1-158
2024-12-28 14:28:07,135 INFO o.a.j.t.JMeterThread: Thread finished: 流控效果，warm up 1-158
2024-12-28 14:28:07,154 INFO o.a.j.t.JMeterThread: Thread started: 流控效果，warm up 1-159
2024-12-28 14:28:07,159 INFO o.a.j.t.JMeterThread: Thread is done: 流控效果，warm up 1-159
2024-12-28 14:28:07,159 INFO o.a.j.t.JMeterThread: Thread finished: 流控效果，warm up 1-159
2024-12-28 14:28:07,179 INFO o.a.j.t.JMeterThread: Thread started: 流控效果，warm up 1-160
2024-12-28 14:28:07,184 INFO o.a.j.t.JMeterThread: Thread is done: 流控效果，warm up 1-160
2024-12-28 14:28:07,184 INFO o.a.j.t.JMeterThread: Thread finished: 流控效果，warm up 1-160
2024-12-28 14:28:07,204 INFO o.a.j.t.JMeterThread: Thread started: 流控效果，warm up 1-161
2024-12-28 14:28:07,209 INFO o.a.j.t.JMeterThread: Thread is done: 流控效果，warm up 1-161
2024-12-28 14:28:07,209 INFO o.a.j.t.JMeterThread: Thread finished: 流控效果，warm up 1-161
2024-12-28 14:28:07,229 INFO o.a.j.t.JMeterThread: Thread started: 流控效果，warm up 1-162
2024-12-28 14:28:07,229 INFO o.a.j.t.JMeterThread: Thread is done: 流控效果，warm up 1-162
2024-12-28 14:28:07,229 INFO o.a.j.t.JMeterThread: Thread finished: 流控效果，warm up 1-162
2024-12-28 14:28:07,260 INFO o.a.j.t.JMeterThread: Thread started: 流控效果，warm up 1-163
2024-12-28 14:28:07,266 INFO o.a.j.t.JMeterThread: Thread is done: 流控效果，warm up 1-163
2024-12-28 14:28:07,266 INFO o.a.j.t.JMeterThread: Thread finished: 流控效果，warm up 1-163
2024-12-28 14:28:07,278 INFO o.a.j.t.JMeterThread: Thread started: 流控效果，warm up 1-164
2024-12-28 14:28:07,283 INFO o.a.j.t.JMeterThread: Thread is done: 流控效果，warm up 1-164
2024-12-28 14:28:07,283 INFO o.a.j.t.JMeterThread: Thread finished: 流控效果，warm up 1-164
2024-12-28 14:28:07,304 INFO o.a.j.t.JMeterThread: Thread started: 流控效果，warm up 1-165
2024-12-28 14:28:07,310 INFO o.a.j.t.JMeterThread: Thread is done: 流控效果，warm up 1-165
2024-12-28 14:28:07,310 INFO o.a.j.t.JMeterThread: Thread finished: 流控效果，warm up 1-165
2024-12-28 14:28:07,330 INFO o.a.j.t.JMeterThread: Thread started: 流控效果，warm up 1-166
2024-12-28 14:28:07,335 INFO o.a.j.t.JMeterThread: Thread is done: 流控效果，warm up 1-166
2024-12-28 14:28:07,335 INFO o.a.j.t.JMeterThread: Thread finished: 流控效果，warm up 1-166
2024-12-28 14:28:07,353 INFO o.a.j.t.JMeterThread: Thread started: 流控效果，warm up 1-167
2024-12-28 14:28:07,359 INFO o.a.j.t.JMeterThread: Thread is done: 流控效果，warm up 1-167
2024-12-28 14:28:07,359 INFO o.a.j.t.JMeterThread: Thread finished: 流控效果，warm up 1-167
2024-12-28 14:28:07,380 INFO o.a.j.t.JMeterThread: Thread started: 流控效果，warm up 1-168
2024-12-28 14:28:07,385 INFO o.a.j.t.JMeterThread: Thread is done: 流控效果，warm up 1-168
2024-12-28 14:28:07,385 INFO o.a.j.t.JMeterThread: Thread finished: 流控效果，warm up 1-168
2024-12-28 14:28:07,406 INFO o.a.j.t.JMeterThread: Thread started: 流控效果，warm up 1-169
2024-12-28 14:28:07,412 INFO o.a.j.t.JMeterThread: Thread is done: 流控效果，warm up 1-169
2024-12-28 14:28:07,412 INFO o.a.j.t.JMeterThread: Thread finished: 流控效果，warm up 1-169
2024-12-28 14:28:07,430 INFO o.a.j.t.JMeterThread: Thread started: 流控效果，warm up 1-170
2024-12-28 14:28:07,435 INFO o.a.j.t.JMeterThread: Thread is done: 流控效果，warm up 1-170
2024-12-28 14:28:07,435 INFO o.a.j.t.JMeterThread: Thread finished: 流控效果，warm up 1-170
2024-12-28 14:28:07,457 INFO o.a.j.t.JMeterThread: Thread started: 流控效果，warm up 1-171
2024-12-28 14:28:07,463 INFO o.a.j.t.JMeterThread: Thread is done: 流控效果，warm up 1-171
2024-12-28 14:28:07,463 INFO o.a.j.t.JMeterThread: Thread finished: 流控效果，warm up 1-171
2024-12-28 14:28:07,478 INFO o.a.j.t.JMeterThread: Thread started: 流控效果，warm up 1-172
2024-12-28 14:28:07,484 INFO o.a.j.t.JMeterThread: Thread is done: 流控效果，warm up 1-172
2024-12-28 14:28:07,484 INFO o.a.j.t.JMeterThread: Thread finished: 流控效果，warm up 1-172
2024-12-28 14:28:07,504 INFO o.a.j.t.JMeterThread: Thread started: 流控效果，warm up 1-173
2024-12-28 14:28:07,510 INFO o.a.j.t.JMeterThread: Thread is done: 流控效果，warm up 1-173
2024-12-28 14:28:07,510 INFO o.a.j.t.JMeterThread: Thread finished: 流控效果，warm up 1-173
2024-12-28 14:28:07,531 INFO o.a.j.t.JMeterThread: Thread started: 流控效果，warm up 1-174
2024-12-28 14:28:07,537 INFO o.a.j.t.JMeterThread: Thread is done: 流控效果，warm up 1-174
2024-12-28 14:28:07,537 INFO o.a.j.t.JMeterThread: Thread finished: 流控效果，warm up 1-174
2024-12-28 14:28:07,554 INFO o.a.j.t.JMeterThread: Thread started: 流控效果，warm up 1-175
2024-12-28 14:28:07,560 INFO o.a.j.t.JMeterThread: Thread is done: 流控效果，warm up 1-175
2024-12-28 14:28:07,560 INFO o.a.j.t.JMeterThread: Thread finished: 流控效果，warm up 1-175
2024-12-28 14:28:07,580 INFO o.a.j.t.JMeterThread: Thread started: 流控效果，warm up 1-176
2024-12-28 14:28:07,585 INFO o.a.j.t.JMeterThread: Thread is done: 流控效果，warm up 1-176
2024-12-28 14:28:07,585 INFO o.a.j.t.JMeterThread: Thread finished: 流控效果，warm up 1-176
2024-12-28 14:28:07,603 INFO o.a.j.t.JMeterThread: Thread started: 流控效果，warm up 1-177
2024-12-28 14:28:07,608 INFO o.a.j.t.JMeterThread: Thread is done: 流控效果，warm up 1-177
2024-12-28 14:28:07,608 INFO o.a.j.t.JMeterThread: Thread finished: 流控效果，warm up 1-177
2024-12-28 14:28:07,629 INFO o.a.j.t.JMeterThread: Thread started: 流控效果，warm up 1-178
2024-12-28 14:28:07,635 INFO o.a.j.t.JMeterThread: Thread is done: 流控效果，warm up 1-178
2024-12-28 14:28:07,635 INFO o.a.j.t.JMeterThread: Thread finished: 流控效果，warm up 1-178
2024-12-28 14:28:07,657 INFO o.a.j.t.JMeterThread: Thread started: 流控效果，warm up 1-179
2024-12-28 14:28:07,662 INFO o.a.j.t.JMeterThread: Thread is done: 流控效果，warm up 1-179
2024-12-28 14:28:07,662 INFO o.a.j.t.JMeterThread: Thread finished: 流控效果，warm up 1-179
2024-12-28 14:28:07,680 INFO o.a.j.t.JMeterThread: Thread started: 流控效果，warm up 1-180
2024-12-28 14:28:07,685 INFO o.a.j.t.JMeterThread: Thread is done: 流控效果，warm up 1-180
2024-12-28 14:28:07,685 INFO o.a.j.t.JMeterThread: Thread finished: 流控效果，warm up 1-180
2024-12-28 14:28:07,705 INFO o.a.j.t.JMeterThread: Thread started: 流控效果，warm up 1-181
2024-12-28 14:28:07,710 INFO o.a.j.t.JMeterThread: Thread is done: 流控效果，warm up 1-181
2024-12-28 14:28:07,710 INFO o.a.j.t.JMeterThread: Thread finished: 流控效果，warm up 1-181
2024-12-28 14:28:07,730 INFO o.a.j.t.JMeterThread: Thread started: 流控效果，warm up 1-182
2024-12-28 14:28:07,736 INFO o.a.j.t.JMeterThread: Thread is done: 流控效果，warm up 1-182
2024-12-28 14:28:07,736 INFO o.a.j.t.JMeterThread: Thread finished: 流控效果，warm up 1-182
2024-12-28 14:28:07,756 INFO o.a.j.t.JMeterThread: Thread started: 流控效果，warm up 1-183
2024-12-28 14:28:07,763 INFO o.a.j.t.JMeterThread: Thread is done: 流控效果，warm up 1-183
2024-12-28 14:28:07,763 INFO o.a.j.t.JMeterThread: Thread finished: 流控效果，warm up 1-183
2024-12-28 14:28:07,778 INFO o.a.j.t.JMeterThread: Thread started: 流控效果，warm up 1-184
2024-12-28 14:28:07,788 INFO o.a.j.t.JMeterThread: Thread is done: 流控效果，warm up 1-184
2024-12-28 14:28:07,788 INFO o.a.j.t.JMeterThread: Thread finished: 流控效果，warm up 1-184
2024-12-28 14:28:07,803 INFO o.a.j.t.JMeterThread: Thread started: 流控效果，warm up 1-185
2024-12-28 14:28:07,812 INFO o.a.j.t.JMeterThread: Thread is done: 流控效果，warm up 1-185
2024-12-28 14:28:07,812 INFO o.a.j.t.JMeterThread: Thread finished: 流控效果，warm up 1-185
2024-12-28 14:28:07,828 INFO o.a.j.t.JMeterThread: Thread started: 流控效果，warm up 1-186
2024-12-28 14:28:07,835 INFO o.a.j.t.JMeterThread: Thread is done: 流控效果，warm up 1-186
2024-12-28 14:28:07,835 INFO o.a.j.t.JMeterThread: Thread finished: 流控效果，warm up 1-186
2024-12-28 14:28:07,854 INFO o.a.j.t.JMeterThread: Thread started: 流控效果，warm up 1-187
2024-12-28 14:28:07,861 INFO o.a.j.t.JMeterThread: Thread is done: 流控效果，warm up 1-187
2024-12-28 14:28:07,861 INFO o.a.j.t.JMeterThread: Thread finished: 流控效果，warm up 1-187
2024-12-28 14:28:07,879 INFO o.a.j.t.JMeterThread: Thread started: 流控效果，warm up 1-188
2024-12-28 14:28:07,885 INFO o.a.j.t.JMeterThread: Thread is done: 流控效果，warm up 1-188
2024-12-28 14:28:07,885 INFO o.a.j.t.JMeterThread: Thread finished: 流控效果，warm up 1-188
2024-12-28 14:28:07,903 INFO o.a.j.t.JMeterThread: Thread started: 流控效果，warm up 1-189
2024-12-28 14:28:07,908 INFO o.a.j.t.JMeterThread: Thread is done: 流控效果，warm up 1-189
2024-12-28 14:28:07,909 INFO o.a.j.t.JMeterThread: Thread finished: 流控效果，warm up 1-189
2024-12-28 14:28:07,931 INFO o.a.j.t.JMeterThread: Thread started: 流控效果，warm up 1-190
2024-12-28 14:28:07,938 INFO o.a.j.t.JMeterThread: Thread is done: 流控效果，warm up 1-190
2024-12-28 14:28:07,938 INFO o.a.j.t.JMeterThread: Thread finished: 流控效果，warm up 1-190
2024-12-28 14:28:07,956 INFO o.a.j.t.JMeterThread: Thread started: 流控效果，warm up 1-191
2024-12-28 14:28:07,961 INFO o.a.j.t.JMeterThread: Thread is done: 流控效果，warm up 1-191
2024-12-28 14:28:07,961 INFO o.a.j.t.JMeterThread: Thread finished: 流控效果，warm up 1-191
2024-12-28 14:28:07,979 INFO o.a.j.t.JMeterThread: Thread started: 流控效果，warm up 1-192
2024-12-28 14:28:07,985 INFO o.a.j.t.JMeterThread: Thread is done: 流控效果，warm up 1-192
2024-12-28 14:28:07,985 INFO o.a.j.t.JMeterThread: Thread finished: 流控效果，warm up 1-192
2024-12-28 14:28:08,005 INFO o.a.j.t.JMeterThread: Thread started: 流控效果，warm up 1-193
2024-12-28 14:28:08,010 INFO o.a.j.t.JMeterThread: Thread is done: 流控效果，warm up 1-193
2024-12-28 14:28:08,010 INFO o.a.j.t.JMeterThread: Thread finished: 流控效果，warm up 1-193
2024-12-28 14:28:08,029 INFO o.a.j.t.JMeterThread: Thread started: 流控效果，warm up 1-194
2024-12-28 14:28:08,034 INFO o.a.j.t.JMeterThread: Thread is done: 流控效果，warm up 1-194
2024-12-28 14:28:08,034 INFO o.a.j.t.JMeterThread: Thread finished: 流控效果，warm up 1-194
2024-12-28 14:28:08,057 INFO o.a.j.t.JMeterThread: Thread started: 流控效果，warm up 1-195
2024-12-28 14:28:08,062 INFO o.a.j.t.JMeterThread: Thread is done: 流控效果，warm up 1-195
2024-12-28 14:28:08,062 INFO o.a.j.t.JMeterThread: Thread finished: 流控效果，warm up 1-195
2024-12-28 14:28:08,079 INFO o.a.j.t.JMeterThread: Thread started: 流控效果，warm up 1-196
2024-12-28 14:28:08,084 INFO o.a.j.t.JMeterThread: Thread is done: 流控效果，warm up 1-196
2024-12-28 14:28:08,084 INFO o.a.j.t.JMeterThread: Thread finished: 流控效果，warm up 1-196
2024-12-28 14:28:08,104 INFO o.a.j.t.JMeterThread: Thread started: 流控效果，warm up 1-197
2024-12-28 14:28:08,109 INFO o.a.j.t.JMeterThread: Thread is done: 流控效果，warm up 1-197
2024-12-28 14:28:08,109 INFO o.a.j.t.JMeterThread: Thread finished: 流控效果，warm up 1-197
2024-12-28 14:28:08,129 INFO o.a.j.t.JMeterThread: Thread started: 流控效果，warm up 1-198
2024-12-28 14:28:08,134 INFO o.a.j.t.JMeterThread: Thread is done: 流控效果，warm up 1-198
2024-12-28 14:28:08,134 INFO o.a.j.t.JMeterThread: Thread finished: 流控效果，warm up 1-198
2024-12-28 14:28:08,154 INFO o.a.j.t.JMeterThread: Thread started: 流控效果，warm up 1-199
2024-12-28 14:28:08,159 INFO o.a.j.t.JMeterThread: Thread is done: 流控效果，warm up 1-199
2024-12-28 14:28:08,160 INFO o.a.j.t.JMeterThread: Thread finished: 流控效果，warm up 1-199
2024-12-28 14:28:08,179 INFO o.a.j.t.JMeterThread: Thread started: 流控效果，warm up 1-200
2024-12-28 14:28:08,179 INFO o.a.j.t.JMeterThread: Thread is done: 流控效果，warm up 1-200
2024-12-28 14:28:08,179 INFO o.a.j.t.JMeterThread: Thread finished: 流控效果，warm up 1-200
2024-12-28 14:28:08,179 INFO o.a.j.e.StandardJMeterEngine: Notifying test listeners of end of test
2024-12-28 14:28:08,179 INFO o.a.j.g.u.JMeterMenuBar: setRunning(false, *local*)
2024-12-28 14:28:42,706 INFO o.a.j.e.StandardJMeterEngine: Running the test!
2024-12-28 14:28:42,706 INFO o.a.j.s.SampleEvent: List of sample_variables: []
2024-12-28 14:28:42,707 INFO o.a.j.g.u.JMeterMenuBar: setRunning(true, *local*)
2024-12-28 14:28:42,738 INFO o.a.j.e.StandardJMeterEngine: Starting ThreadGroup: 1 : 流控效果，warm up
2024-12-28 14:28:42,739 INFO o.a.j.e.StandardJMeterEngine: Starting 200 threads for group 流控效果，warm up.
2024-12-28 14:28:42,739 INFO o.a.j.e.StandardJMeterEngine: Thread will continue on error
2024-12-28 14:28:42,739 INFO o.a.j.t.ThreadGroup: Starting thread group... number=1 threads=200 ramp-up=5 delayedStart=false
2024-12-28 14:28:42,739 INFO o.a.j.t.JMeterThread: Thread started: 流控效果，warm up 1-1
2024-12-28 14:28:42,749 INFO o.a.j.t.JMeterThread: Thread is done: 流控效果，warm up 1-1
2024-12-28 14:28:42,749 INFO o.a.j.t.JMeterThread: Thread finished: 流控效果，warm up 1-1
2024-12-28 14:28:42,755 INFO o.a.j.t.ThreadGroup: Started thread group number 1
2024-12-28 14:28:42,755 INFO o.a.j.e.StandardJMeterEngine: All thread groups have been started
2024-12-28 14:28:42,778 INFO o.a.j.t.JMeterThread: Thread started: 流控效果，warm up 1-2
2024-12-28 14:28:42,788 INFO o.a.j.t.JMeterThread: Thread is done: 流控效果，warm up 1-2
2024-12-28 14:28:42,788 INFO o.a.j.t.JMeterThread: Thread finished: 流控效果，warm up 1-2
2024-12-28 14:28:42,794 INFO o.a.j.t.JMeterThread: Thread started: 流控效果，warm up 1-3
2024-12-28 14:28:42,801 INFO o.a.j.t.JMeterThread: Thread is done: 流控效果，warm up 1-3
2024-12-28 14:28:42,801 INFO o.a.j.t.JMeterThread: Thread finished: 流控效果，warm up 1-3
2024-12-28 14:28:42,826 INFO o.a.j.t.JMeterThread: Thread started: 流控效果，warm up 1-4
2024-12-28 14:28:42,841 INFO o.a.j.t.JMeterThread: Thread started: 流控效果，warm up 1-5
2024-12-28 14:28:42,841 INFO o.a.j.t.JMeterThread: Thread is done: 流控效果，warm up 1-4
2024-12-28 14:28:42,841 INFO o.a.j.t.JMeterThread: Thread finished: 流控效果，warm up 1-4
2024-12-28 14:28:42,843 INFO o.a.j.t.JMeterThread: Thread is done: 流控效果，warm up 1-5
2024-12-28 14:28:42,843 INFO o.a.j.t.JMeterThread: Thread finished: 流控效果，warm up 1-5
2024-12-28 14:28:42,877 INFO o.a.j.t.JMeterThread: Thread started: 流控效果，warm up 1-6
2024-12-28 14:28:42,878 INFO o.a.j.t.JMeterThread: Thread is done: 流控效果，warm up 1-6
2024-12-28 14:28:42,879 INFO o.a.j.t.JMeterThread: Thread finished: 流控效果，warm up 1-6
2024-12-28 14:28:42,893 INFO o.a.j.t.JMeterThread: Thread started: 流控效果，warm up 1-7
2024-12-28 14:28:42,896 INFO o.a.j.t.JMeterThread: Thread is done: 流控效果，warm up 1-7
2024-12-28 14:28:42,896 INFO o.a.j.t.JMeterThread: Thread finished: 流控效果，warm up 1-7
2024-12-28 14:28:42,927 INFO o.a.j.t.JMeterThread: Thread started: 流控效果，warm up 1-8
2024-12-28 14:28:42,929 INFO o.a.j.t.JMeterThread: Thread is done: 流控效果，warm up 1-8
2024-12-28 14:28:42,929 INFO o.a.j.t.JMeterThread: Thread finished: 流控效果，warm up 1-8
2024-12-28 14:28:42,943 INFO o.a.j.t.JMeterThread: Thread started: 流控效果，warm up 1-9
2024-12-28 14:28:42,946 INFO o.a.j.t.JMeterThread: Thread is done: 流控效果，warm up 1-9
2024-12-28 14:28:42,946 INFO o.a.j.t.JMeterThread: Thread finished: 流控效果，warm up 1-9
2024-12-28 14:28:42,978 INFO o.a.j.t.JMeterThread: Thread started: 流控效果，warm up 1-10
2024-12-28 14:28:42,980 INFO o.a.j.t.JMeterThread: Thread is done: 流控效果，warm up 1-10
2024-12-28 14:28:42,980 INFO o.a.j.t.JMeterThread: Thread finished: 流控效果，warm up 1-10
2024-12-28 14:28:42,994 INFO o.a.j.t.JMeterThread: Thread started: 流控效果，warm up 1-11
2024-12-28 14:28:42,997 INFO o.a.j.t.JMeterThread: Thread is done: 流控效果，warm up 1-11
2024-12-28 14:28:42,997 INFO o.a.j.t.JMeterThread: Thread finished: 流控效果，warm up 1-11
2024-12-28 14:28:43,026 INFO o.a.j.t.JMeterThread: Thread started: 流控效果，warm up 1-12
2024-12-28 14:28:43,028 INFO o.a.j.t.JMeterThread: Thread is done: 流控效果，warm up 1-12
2024-12-28 14:28:43,028 INFO o.a.j.t.JMeterThread: Thread finished: 流控效果，warm up 1-12
2024-12-28 14:28:43,043 INFO o.a.j.t.JMeterThread: Thread started: 流控效果，warm up 1-13
2024-12-28 14:28:43,046 INFO o.a.j.t.JMeterThread: Thread is done: 流控效果，warm up 1-13
2024-12-28 14:28:43,046 INFO o.a.j.t.JMeterThread: Thread finished: 流控效果，warm up 1-13
2024-12-28 14:28:43,077 INFO o.a.j.t.JMeterThread: Thread started: 流控效果，warm up 1-14
2024-12-28 14:28:43,080 INFO o.a.j.t.JMeterThread: Thread is done: 流控效果，warm up 1-14
2024-12-28 14:28:43,080 INFO o.a.j.t.JMeterThread: Thread finished: 流控效果，warm up 1-14
2024-12-28 14:28:43,094 INFO o.a.j.t.JMeterThread: Thread started: 流控效果，warm up 1-15
2024-12-28 14:28:43,096 INFO o.a.j.t.JMeterThread: Thread is done: 流控效果，warm up 1-15
2024-12-28 14:28:43,096 INFO o.a.j.t.JMeterThread: Thread finished: 流控效果，warm up 1-15
2024-12-28 14:28:43,126 INFO o.a.j.t.JMeterThread: Thread started: 流控效果，warm up 1-16
2024-12-28 14:28:43,128 INFO o.a.j.t.JMeterThread: Thread is done: 流控效果，warm up 1-16
2024-12-28 14:28:43,128 INFO o.a.j.t.JMeterThread: Thread finished: 流控效果，warm up 1-16
2024-12-28 14:28:43,144 INFO o.a.j.t.JMeterThread: Thread started: 流控效果，warm up 1-17
2024-12-28 14:28:43,146 INFO o.a.j.t.JMeterThread: Thread is done: 流控效果，warm up 1-17
2024-12-28 14:28:43,146 INFO o.a.j.t.JMeterThread: Thread finished: 流控效果，warm up 1-17
2024-12-28 14:28:43,177 INFO o.a.j.t.JMeterThread: Thread started: 流控效果，warm up 1-18
2024-12-28 14:28:43,179 INFO o.a.j.t.JMeterThread: Thread is done: 流控效果，warm up 1-18
2024-12-28 14:28:43,179 INFO o.a.j.t.JMeterThread: Thread finished: 流控效果，warm up 1-18
2024-12-28 14:28:43,193 INFO o.a.j.t.JMeterThread: Thread started: 流控效果，warm up 1-19
2024-12-28 14:28:43,195 INFO o.a.j.t.JMeterThread: Thread is done: 流控效果，warm up 1-19
2024-12-28 14:28:43,195 INFO o.a.j.t.JMeterThread: Thread finished: 流控效果，warm up 1-19
2024-12-28 14:28:43,227 INFO o.a.j.t.JMeterThread: Thread started: 流控效果，warm up 1-20
2024-12-28 14:28:43,231 INFO o.a.j.t.JMeterThread: Thread is done: 流控效果，warm up 1-20
2024-12-28 14:28:43,231 INFO o.a.j.t.JMeterThread: Thread finished: 流控效果，warm up 1-20
2024-12-28 14:28:43,243 INFO o.a.j.t.JMeterThread: Thread started: 流控效果，warm up 1-21
2024-12-28 14:28:43,246 INFO o.a.j.t.JMeterThread: Thread is done: 流控效果，warm up 1-21
2024-12-28 14:28:43,246 INFO o.a.j.t.JMeterThread: Thread finished: 流控效果，warm up 1-21
2024-12-28 14:28:43,277 INFO o.a.j.t.JMeterThread: Thread started: 流控效果，warm up 1-22
2024-12-28 14:28:43,280 INFO o.a.j.t.JMeterThread: Thread is done: 流控效果，warm up 1-22
2024-12-28 14:28:43,280 INFO o.a.j.t.JMeterThread: Thread finished: 流控效果，warm up 1-22
2024-12-28 14:28:43,294 INFO o.a.j.t.JMeterThread: Thread started: 流控效果，warm up 1-23
2024-12-28 14:28:43,296 INFO o.a.j.t.JMeterThread: Thread is done: 流控效果，warm up 1-23
2024-12-28 14:28:43,296 INFO o.a.j.t.JMeterThread: Thread finished: 流控效果，warm up 1-23
2024-12-28 14:28:43,327 INFO o.a.j.t.JMeterThread: Thread started: 流控效果，warm up 1-24
2024-12-28 14:28:43,331 INFO o.a.j.t.JMeterThread: Thread is done: 流控效果，warm up 1-24
2024-12-28 14:28:43,331 INFO o.a.j.t.JMeterThread: Thread finished: 流控效果，warm up 1-24
2024-12-28 14:28:43,345 INFO o.a.j.t.JMeterThread: Thread started: 流控效果，warm up 1-25
2024-12-28 14:28:43,348 INFO o.a.j.t.JMeterThread: Thread is done: 流控效果，warm up 1-25
2024-12-28 14:28:43,348 INFO o.a.j.t.JMeterThread: Thread finished: 流控效果，warm up 1-25
2024-12-28 14:28:43,377 INFO o.a.j.t.JMeterThread: Thread started: 流控效果，warm up 1-26
2024-12-28 14:28:43,381 INFO o.a.j.t.JMeterThread: Thread is done: 流控效果，warm up 1-26
2024-12-28 14:28:43,381 INFO o.a.j.t.JMeterThread: Thread finished: 流控效果，warm up 1-26
2024-12-28 14:28:43,394 INFO o.a.j.t.JMeterThread: Thread started: 流控效果，warm up 1-27
2024-12-28 14:28:43,397 INFO o.a.j.t.JMeterThread: Thread is done: 流控效果，warm up 1-27
2024-12-28 14:28:43,397 INFO o.a.j.t.JMeterThread: Thread finished: 流控效果，warm up 1-27
2024-12-28 14:28:43,428 INFO o.a.j.t.JMeterThread: Thread started: 流控效果，warm up 1-28
2024-12-28 14:28:43,431 INFO o.a.j.t.JMeterThread: Thread is done: 流控效果，warm up 1-28
2024-12-28 14:28:43,431 INFO o.a.j.t.JMeterThread: Thread finished: 流控效果，warm up 1-28
2024-12-28 14:28:43,443 INFO o.a.j.t.JMeterThread: Thread started: 流控效果，warm up 1-29
2024-12-28 14:28:43,446 INFO o.a.j.t.JMeterThread: Thread is done: 流控效果，warm up 1-29
2024-12-28 14:28:43,446 INFO o.a.j.t.JMeterThread: Thread finished: 流控效果，warm up 1-29
2024-12-28 14:28:43,474 INFO o.a.j.t.JMeterThread: Thread started: 流控效果，warm up 1-30
2024-12-28 14:28:43,477 INFO o.a.j.t.JMeterThread: Thread is done: 流控效果，warm up 1-30
2024-12-28 14:28:43,477 INFO o.a.j.t.JMeterThread: Thread finished: 流控效果，warm up 1-30
2024-12-28 14:28:43,504 INFO o.a.j.t.JMeterThread: Thread started: 流控效果，warm up 1-31
2024-12-28 14:28:43,510 INFO o.a.j.t.JMeterThread: Thread is done: 流控效果，warm up 1-31
2024-12-28 14:28:43,510 INFO o.a.j.t.JMeterThread: Thread finished: 流控效果，warm up 1-31
2024-12-28 14:28:43,520 INFO o.a.j.t.JMeterThread: Thread started: 流控效果，warm up 1-32
2024-12-28 14:28:43,525 INFO o.a.j.t.JMeterThread: Thread is done: 流控效果，warm up 1-32
2024-12-28 14:28:43,525 INFO o.a.j.t.JMeterThread: Thread finished: 流控效果，warm up 1-32
2024-12-28 14:28:43,550 INFO o.a.j.t.JMeterThread: Thread started: 流控效果，warm up 1-33
2024-12-28 14:28:43,555 INFO o.a.j.t.JMeterThread: Thread is done: 流控效果，warm up 1-33
2024-12-28 14:28:43,555 INFO o.a.j.t.JMeterThread: Thread finished: 流控效果，warm up 1-33
2024-12-28 14:28:43,566 INFO o.a.j.t.JMeterThread: Thread started: 流控效果，warm up 1-34
2024-12-28 14:28:43,568 INFO o.a.j.t.JMeterThread: Thread is done: 流控效果，warm up 1-34
2024-12-28 14:28:43,568 INFO o.a.j.t.JMeterThread: Thread finished: 流控效果，warm up 1-34
2024-12-28 14:28:43,598 INFO o.a.j.t.JMeterThread: Thread started: 流控效果，warm up 1-35
2024-12-28 14:28:43,600 INFO o.a.j.t.JMeterThread: Thread is done: 流控效果，warm up 1-35
2024-12-28 14:28:43,600 INFO o.a.j.t.JMeterThread: Thread finished: 流控效果，warm up 1-35
2024-12-28 14:28:43,628 INFO o.a.j.t.JMeterThread: Thread started: 流控效果，warm up 1-36
2024-12-28 14:28:43,631 INFO o.a.j.t.JMeterThread: Thread is done: 流控效果，warm up 1-36
2024-12-28 14:28:43,631 INFO o.a.j.t.JMeterThread: Thread finished: 流控效果，warm up 1-36
2024-12-28 14:28:43,644 INFO o.a.j.t.JMeterThread: Thread started: 流控效果，warm up 1-37
2024-12-28 14:28:43,646 INFO o.a.j.t.JMeterThread: Thread is done: 流控效果，warm up 1-37
2024-12-28 14:28:43,646 INFO o.a.j.t.JMeterThread: Thread finished: 流控效果，warm up 1-37
2024-12-28 14:28:43,675 INFO o.a.j.t.JMeterThread: Thread started: 流控效果，warm up 1-38
2024-12-28 14:28:43,678 INFO o.a.j.t.JMeterThread: Thread is done: 流控效果，warm up 1-38
2024-12-28 14:28:43,678 INFO o.a.j.t.JMeterThread: Thread finished: 流控效果，warm up 1-38
2024-12-28 14:28:43,705 INFO o.a.j.t.JMeterThread: Thread started: 流控效果，warm up 1-39
2024-12-28 14:28:43,707 INFO o.a.j.t.JMeterThread: Thread is done: 流控效果，warm up 1-39
2024-12-28 14:28:43,707 INFO o.a.j.t.JMeterThread: Thread finished: 流控效果，warm up 1-39
2024-12-28 14:28:43,720 INFO o.a.j.t.JMeterThread: Thread started: 流控效果，warm up 1-40
2024-12-28 14:28:43,721 INFO o.a.j.t.JMeterThread: Thread is done: 流控效果，warm up 1-40
2024-12-28 14:28:43,722 INFO o.a.j.t.JMeterThread: Thread finished: 流控效果，warm up 1-40
2024-12-28 14:28:43,750 INFO o.a.j.t.JMeterThread: Thread started: 流控效果，warm up 1-41
2024-12-28 14:28:43,752 INFO o.a.j.t.JMeterThread: Thread is done: 流控效果，warm up 1-41
2024-12-28 14:28:43,752 INFO o.a.j.t.JMeterThread: Thread finished: 流控效果，warm up 1-41
2024-12-28 14:28:43,766 INFO o.a.j.t.JMeterThread: Thread started: 流控效果，warm up 1-42
2024-12-28 14:28:43,768 INFO o.a.j.t.JMeterThread: Thread is done: 流控效果，warm up 1-42
2024-12-28 14:28:43,768 INFO o.a.j.t.JMeterThread: Thread finished: 流控效果，warm up 1-42
2024-12-28 14:28:43,791 INFO o.a.j.t.JMeterThread: Thread started: 流控效果，warm up 1-43
2024-12-28 14:28:43,792 INFO o.a.j.t.JMeterThread: Thread is done: 流控效果，warm up 1-43
2024-12-28 14:28:43,793 INFO o.a.j.t.JMeterThread: Thread finished: 流控效果，warm up 1-43
2024-12-28 14:28:43,816 INFO o.a.j.t.JMeterThread: Thread started: 流控效果，warm up 1-44
2024-12-28 14:28:43,817 INFO o.a.j.t.JMeterThread: Thread is done: 流控效果，warm up 1-44
2024-12-28 14:28:43,818 INFO o.a.j.t.JMeterThread: Thread finished: 流控效果，warm up 1-44
2024-12-28 14:28:43,839 INFO o.a.j.t.JMeterThread: Thread started: 流控效果，warm up 1-45
2024-12-28 14:28:43,843 INFO o.a.j.t.JMeterThread: Thread is done: 流控效果，warm up 1-45
2024-12-28 14:28:43,843 INFO o.a.j.t.JMeterThread: Thread finished: 流控效果，warm up 1-45
2024-12-28 14:28:43,865 INFO o.a.j.t.JMeterThread: Thread started: 流控效果，warm up 1-46
2024-12-28 14:28:43,867 INFO o.a.j.t.JMeterThread: Thread is done: 流控效果，warm up 1-46
2024-12-28 14:28:43,867 INFO o.a.j.t.JMeterThread: Thread finished: 流控效果，warm up 1-46
2024-12-28 14:28:43,892 INFO o.a.j.t.JMeterThread: Thread started: 流控效果，warm up 1-47
2024-12-28 14:28:43,893 INFO o.a.j.t.JMeterThread: Thread is done: 流控效果，warm up 1-47
2024-12-28 14:28:43,894 INFO o.a.j.t.JMeterThread: Thread finished: 流控效果，warm up 1-47
2024-12-28 14:28:43,915 INFO o.a.j.t.JMeterThread: Thread started: 流控效果，warm up 1-48
2024-12-28 14:28:43,917 INFO o.a.j.t.JMeterThread: Thread is done: 流控效果，warm up 1-48
2024-12-28 14:28:43,917 INFO o.a.j.t.JMeterThread: Thread finished: 流控效果，warm up 1-48
2024-12-28 14:28:43,940 INFO o.a.j.t.JMeterThread: Thread started: 流控效果，warm up 1-49
2024-12-28 14:28:43,942 INFO o.a.j.t.JMeterThread: Thread is done: 流控效果，warm up 1-49
2024-12-28 14:28:43,942 INFO o.a.j.t.JMeterThread: Thread finished: 流控效果，warm up 1-49
2024-12-28 14:28:43,965 INFO o.a.j.t.JMeterThread: Thread started: 流控效果，warm up 1-50
2024-12-28 14:28:43,967 INFO o.a.j.t.JMeterThread: Thread is done: 流控效果，warm up 1-50
2024-12-28 14:28:43,967 INFO o.a.j.t.JMeterThread: Thread finished: 流控效果，warm up 1-50
2024-12-28 14:28:43,991 INFO o.a.j.t.JMeterThread: Thread started: 流控效果，warm up 1-51
2024-12-28 14:28:43,993 INFO o.a.j.t.JMeterThread: Thread is done: 流控效果，warm up 1-51
2024-12-28 14:28:43,993 INFO o.a.j.t.JMeterThread: Thread finished: 流控效果，warm up 1-51
2024-12-28 14:28:44,016 INFO o.a.j.t.JMeterThread: Thread started: 流控效果，warm up 1-52
2024-12-28 14:28:44,020 INFO o.a.j.t.JMeterThread: Thread is done: 流控效果，warm up 1-52
2024-12-28 14:28:44,020 INFO o.a.j.t.JMeterThread: Thread finished: 流控效果，warm up 1-52
2024-12-28 14:28:44,041 INFO o.a.j.t.JMeterThread: Thread started: 流控效果，warm up 1-53
2024-12-28 14:28:44,043 INFO o.a.j.t.JMeterThread: Thread is done: 流控效果，warm up 1-53
2024-12-28 14:28:44,043 INFO o.a.j.t.JMeterThread: Thread finished: 流控效果，warm up 1-53
2024-12-28 14:28:44,065 INFO o.a.j.t.JMeterThread: Thread started: 流控效果，warm up 1-54
2024-12-28 14:28:44,066 INFO o.a.j.t.JMeterThread: Thread is done: 流控效果，warm up 1-54
2024-12-28 14:28:44,066 INFO o.a.j.t.JMeterThread: Thread finished: 流控效果，warm up 1-54
2024-12-28 14:28:44,090 INFO o.a.j.t.JMeterThread: Thread started: 流控效果，warm up 1-55
2024-12-28 14:28:44,091 INFO o.a.j.t.JMeterThread: Thread is done: 流控效果，warm up 1-55
2024-12-28 14:28:44,091 INFO o.a.j.t.JMeterThread: Thread finished: 流控效果，warm up 1-55
2024-12-28 14:28:44,115 INFO o.a.j.t.JMeterThread: Thread started: 流控效果，warm up 1-56
2024-12-28 14:28:44,116 INFO o.a.j.t.JMeterThread: Thread is done: 流控效果，warm up 1-56
2024-12-28 14:28:44,117 INFO o.a.j.t.JMeterThread: Thread finished: 流控效果，warm up 1-56
2024-12-28 14:28:44,140 INFO o.a.j.t.JMeterThread: Thread started: 流控效果，warm up 1-57
2024-12-28 14:28:44,142 INFO o.a.j.t.JMeterThread: Thread is done: 流控效果，warm up 1-57
2024-12-28 14:28:44,142 INFO o.a.j.t.JMeterThread: Thread finished: 流控效果，warm up 1-57
2024-12-28 14:28:44,165 INFO o.a.j.t.JMeterThread: Thread started: 流控效果，warm up 1-58
2024-12-28 14:28:44,167 INFO o.a.j.t.JMeterThread: Thread is done: 流控效果，warm up 1-58
2024-12-28 14:28:44,167 INFO o.a.j.t.JMeterThread: Thread finished: 流控效果，warm up 1-58
2024-12-28 14:28:44,190 INFO o.a.j.t.JMeterThread: Thread started: 流控效果，warm up 1-59
2024-12-28 14:28:44,191 INFO o.a.j.t.JMeterThread: Thread is done: 流控效果，warm up 1-59
2024-12-28 14:28:44,191 INFO o.a.j.t.JMeterThread: Thread finished: 流控效果，warm up 1-59
2024-12-28 14:28:44,216 INFO o.a.j.t.JMeterThread: Thread started: 流控效果，warm up 1-60
2024-12-28 14:28:44,218 INFO o.a.j.t.JMeterThread: Thread is done: 流控效果，warm up 1-60
2024-12-28 14:28:44,218 INFO o.a.j.t.JMeterThread: Thread finished: 流控效果，warm up 1-60
2024-12-28 14:28:44,242 INFO o.a.j.t.JMeterThread: Thread started: 流控效果，warm up 1-61
2024-12-28 14:28:44,243 INFO o.a.j.t.JMeterThread: Thread is done: 流控效果，warm up 1-61
2024-12-28 14:28:44,243 INFO o.a.j.t.JMeterThread: Thread finished: 流控效果，warm up 1-61
2024-12-28 14:28:44,265 INFO o.a.j.t.JMeterThread: Thread started: 流控效果，warm up 1-62
2024-12-28 14:28:44,267 INFO o.a.j.t.JMeterThread: Thread is done: 流控效果，warm up 1-62
2024-12-28 14:28:44,267 INFO o.a.j.t.JMeterThread: Thread finished: 流控效果，warm up 1-62
2024-12-28 14:28:44,290 INFO o.a.j.t.JMeterThread: Thread started: 流控效果，warm up 1-63
2024-12-28 14:28:44,292 INFO o.a.j.t.JMeterThread: Thread is done: 流控效果，warm up 1-63
2024-12-28 14:28:44,292 INFO o.a.j.t.JMeterThread: Thread finished: 流控效果，warm up 1-63
2024-12-28 14:28:44,317 INFO o.a.j.t.JMeterThread: Thread started: 流控效果，warm up 1-64
2024-12-28 14:28:44,318 INFO o.a.j.t.JMeterThread: Thread is done: 流控效果，warm up 1-64
2024-12-28 14:28:44,318 INFO o.a.j.t.JMeterThread: Thread finished: 流控效果，warm up 1-64
2024-12-28 14:28:44,341 INFO o.a.j.t.JMeterThread: Thread started: 流控效果，warm up 1-65
2024-12-28 14:28:44,344 INFO o.a.j.t.JMeterThread: Thread is done: 流控效果，warm up 1-65
2024-12-28 14:28:44,344 INFO o.a.j.t.JMeterThread: Thread finished: 流控效果，warm up 1-65
2024-12-28 14:28:44,368 INFO o.a.j.t.JMeterThread: Thread started: 流控效果，warm up 1-66
2024-12-28 14:28:44,369 INFO o.a.j.t.JMeterThread: Thread is done: 流控效果，warm up 1-66
2024-12-28 14:28:44,369 INFO o.a.j.t.JMeterThread: Thread finished: 流控效果，warm up 1-66
2024-12-28 14:28:44,391 INFO o.a.j.t.JMeterThread: Thread started: 流控效果，warm up 1-67
2024-12-28 14:28:44,393 INFO o.a.j.t.JMeterThread: Thread is done: 流控效果，warm up 1-67
2024-12-28 14:28:44,393 INFO o.a.j.t.JMeterThread: Thread finished: 流控效果，warm up 1-67
2024-12-28 14:28:44,416 INFO o.a.j.t.JMeterThread: Thread started: 流控效果，warm up 1-68
2024-12-28 14:28:44,418 INFO o.a.j.t.JMeterThread: Thread is done: 流控效果，warm up 1-68
2024-12-28 14:28:44,418 INFO o.a.j.t.JMeterThread: Thread finished: 流控效果，warm up 1-68
2024-12-28 14:28:44,442 INFO o.a.j.t.JMeterThread: Thread started: 流控效果，warm up 1-69
2024-12-28 14:28:44,444 INFO o.a.j.t.JMeterThread: Thread is done: 流控效果，warm up 1-69
2024-12-28 14:28:44,444 INFO o.a.j.t.JMeterThread: Thread finished: 流控效果，warm up 1-69
2024-12-28 14:28:44,466 INFO o.a.j.t.JMeterThread: Thread started: 流控效果，warm up 1-70
2024-12-28 14:28:44,468 INFO o.a.j.t.JMeterThread: Thread is done: 流控效果，warm up 1-70
2024-12-28 14:28:44,468 INFO o.a.j.t.JMeterThread: Thread finished: 流控效果，warm up 1-70
2024-12-28 14:28:44,490 INFO o.a.j.t.JMeterThread: Thread started: 流控效果，warm up 1-71
2024-12-28 14:28:44,492 INFO o.a.j.t.JMeterThread: Thread is done: 流控效果，warm up 1-71
2024-12-28 14:28:44,492 INFO o.a.j.t.JMeterThread: Thread finished: 流控效果，warm up 1-71
2024-12-28 14:28:44,515 INFO o.a.j.t.JMeterThread: Thread started: 流控效果，warm up 1-72
2024-12-28 14:28:44,520 INFO o.a.j.t.JMeterThread: Thread is done: 流控效果，warm up 1-72
2024-12-28 14:28:44,520 INFO o.a.j.t.JMeterThread: Thread finished: 流控效果，warm up 1-72
2024-12-28 14:28:44,542 INFO o.a.j.t.JMeterThread: Thread started: 流控效果，warm up 1-73
2024-12-28 14:28:44,547 INFO o.a.j.t.JMeterThread: Thread is done: 流控效果，warm up 1-73
2024-12-28 14:28:44,547 INFO o.a.j.t.JMeterThread: Thread finished: 流控效果，warm up 1-73
2024-12-28 14:28:44,565 INFO o.a.j.t.JMeterThread: Thread started: 流控效果，warm up 1-74
2024-12-28 14:28:44,570 INFO o.a.j.t.JMeterThread: Thread is done: 流控效果，warm up 1-74
2024-12-28 14:28:44,570 INFO o.a.j.t.JMeterThread: Thread finished: 流控效果，warm up 1-74
2024-12-28 14:28:44,590 INFO o.a.j.t.JMeterThread: Thread started: 流控效果，warm up 1-75
2024-12-28 14:28:44,591 INFO o.a.j.t.JMeterThread: Thread is done: 流控效果，warm up 1-75
2024-12-28 14:28:44,592 INFO o.a.j.t.JMeterThread: Thread finished: 流控效果，warm up 1-75
2024-12-28 14:28:44,617 INFO o.a.j.t.JMeterThread: Thread started: 流控效果，warm up 1-76
2024-12-28 14:28:44,618 INFO o.a.j.t.JMeterThread: Thread is done: 流控效果，warm up 1-76
2024-12-28 14:28:44,619 INFO o.a.j.t.JMeterThread: Thread finished: 流控效果，warm up 1-76
2024-12-28 14:28:44,642 INFO o.a.j.t.JMeterThread: Thread started: 流控效果，warm up 1-77
2024-12-28 14:28:44,643 INFO o.a.j.t.JMeterThread: Thread is done: 流控效果，warm up 1-77
2024-12-28 14:28:44,643 INFO o.a.j.t.JMeterThread: Thread finished: 流控效果，warm up 1-77
2024-12-28 14:28:44,666 INFO o.a.j.t.JMeterThread: Thread started: 流控效果，warm up 1-78
2024-12-28 14:28:44,667 INFO o.a.j.t.JMeterThread: Thread is done: 流控效果，warm up 1-78
2024-12-28 14:28:44,667 INFO o.a.j.t.JMeterThread: Thread finished: 流控效果，warm up 1-78
2024-12-28 14:28:44,691 INFO o.a.j.t.JMeterThread: Thread started: 流控效果，warm up 1-79
2024-12-28 14:28:44,692 INFO o.a.j.t.JMeterThread: Thread is done: 流控效果，warm up 1-79
2024-12-28 14:28:44,693 INFO o.a.j.t.JMeterThread: Thread finished: 流控效果，warm up 1-79
2024-12-28 14:28:44,716 INFO o.a.j.t.JMeterThread: Thread started: 流控效果，warm up 1-80
2024-12-28 14:28:44,717 INFO o.a.j.t.JMeterThread: Thread is done: 流控效果，warm up 1-80
2024-12-28 14:28:44,717 INFO o.a.j.t.JMeterThread: Thread finished: 流控效果，warm up 1-80
2024-12-28 14:28:44,741 INFO o.a.j.t.JMeterThread: Thread started: 流控效果，warm up 1-81
2024-12-28 14:28:44,742 INFO o.a.j.t.JMeterThread: Thread is done: 流控效果，warm up 1-81
2024-12-28 14:28:44,742 INFO o.a.j.t.JMeterThread: Thread finished: 流控效果，warm up 1-81
2024-12-28 14:28:44,766 INFO o.a.j.t.JMeterThread: Thread started: 流控效果，warm up 1-82
2024-12-28 14:28:44,768 INFO o.a.j.t.JMeterThread: Thread is done: 流控效果，warm up 1-82
2024-12-28 14:28:44,768 INFO o.a.j.t.JMeterThread: Thread finished: 流控效果，warm up 1-82
2024-12-28 14:28:44,790 INFO o.a.j.t.JMeterThread: Thread started: 流控效果，warm up 1-83
2024-12-28 14:28:44,791 INFO o.a.j.t.JMeterThread: Thread is done: 流控效果，warm up 1-83
2024-12-28 14:28:44,791 INFO o.a.j.t.JMeterThread: Thread finished: 流控效果，warm up 1-83
2024-12-28 14:28:44,815 INFO o.a.j.t.JMeterThread: Thread started: 流控效果，warm up 1-84
2024-12-28 14:28:44,817 INFO o.a.j.t.JMeterThread: Thread is done: 流控效果，warm up 1-84
2024-12-28 14:28:44,817 INFO o.a.j.t.JMeterThread: Thread finished: 流控效果，warm up 1-84
2024-12-28 14:28:44,842 INFO o.a.j.t.JMeterThread: Thread started: 流控效果，warm up 1-85
2024-12-28 14:28:44,843 INFO o.a.j.t.JMeterThread: Thread is done: 流控效果，warm up 1-85
2024-12-28 14:28:44,843 INFO o.a.j.t.JMeterThread: Thread finished: 流控效果，warm up 1-85
2024-12-28 14:28:44,868 INFO o.a.j.t.JMeterThread: Thread started: 流控效果，warm up 1-86
2024-12-28 14:28:44,869 INFO o.a.j.t.JMeterThread: Thread is done: 流控效果，warm up 1-86
2024-12-28 14:28:44,869 INFO o.a.j.t.JMeterThread: Thread finished: 流控效果，warm up 1-86
2024-12-28 14:28:44,889 INFO o.a.j.t.JMeterThread: Thread started: 流控效果，warm up 1-87
2024-12-28 14:28:44,890 INFO o.a.j.t.JMeterThread: Thread is done: 流控效果，warm up 1-87
2024-12-28 14:28:44,890 INFO o.a.j.t.JMeterThread: Thread finished: 流控效果，warm up 1-87
2024-12-28 14:28:44,914 INFO o.a.j.t.JMeterThread: Thread started: 流控效果，warm up 1-88
2024-12-28 14:28:44,915 INFO o.a.j.t.JMeterThread: Thread is done: 流控效果，warm up 1-88
2024-12-28 14:28:44,916 INFO o.a.j.t.JMeterThread: Thread finished: 流控效果，warm up 1-88
2024-12-28 14:28:44,939 INFO o.a.j.t.JMeterThread: Thread started: 流控效果，warm up 1-89
2024-12-28 14:28:44,941 INFO o.a.j.t.JMeterThread: Thread is done: 流控效果，warm up 1-89
2024-12-28 14:28:44,941 INFO o.a.j.t.JMeterThread: Thread finished: 流控效果，warm up 1-89
2024-12-28 14:28:44,964 INFO o.a.j.t.JMeterThread: Thread started: 流控效果，warm up 1-90
2024-12-28 14:28:44,965 INFO o.a.j.t.JMeterThread: Thread is done: 流控效果，warm up 1-90
2024-12-28 14:28:44,965 INFO o.a.j.t.JMeterThread: Thread finished: 流控效果，warm up 1-90
2024-12-28 14:28:44,991 INFO o.a.j.t.JMeterThread: Thread started: 流控效果，warm up 1-91
2024-12-28 14:28:44,992 INFO o.a.j.t.JMeterThread: Thread is done: 流控效果，warm up 1-91
2024-12-28 14:28:44,992 INFO o.a.j.t.JMeterThread: Thread finished: 流控效果，warm up 1-91
2024-12-28 14:28:45,014 INFO o.a.j.t.JMeterThread: Thread started: 流控效果，warm up 1-92
2024-12-28 14:28:45,019 INFO o.a.j.t.JMeterThread: Thread is done: 流控效果，warm up 1-92
2024-12-28 14:28:45,019 INFO o.a.j.t.JMeterThread: Thread finished: 流控效果，warm up 1-92
2024-12-28 14:28:45,041 INFO o.a.j.t.JMeterThread: Thread started: 流控效果，warm up 1-93
2024-12-28 14:28:45,043 INFO o.a.j.t.JMeterThread: Thread is done: 流控效果，warm up 1-93
2024-12-28 14:28:45,043 INFO o.a.j.t.JMeterThread: Thread finished: 流控效果，warm up 1-93
2024-12-28 14:28:45,064 INFO o.a.j.t.JMeterThread: Thread started: 流控效果，warm up 1-94
2024-12-28 14:28:45,065 INFO o.a.j.t.JMeterThread: Thread is done: 流控效果，warm up 1-94
2024-12-28 14:28:45,065 INFO o.a.j.t.JMeterThread: Thread finished: 流控效果，warm up 1-94
2024-12-28 14:28:45,089 INFO o.a.j.t.JMeterThread: Thread started: 流控效果，warm up 1-95
2024-12-28 14:28:45,090 INFO o.a.j.t.JMeterThread: Thread is done: 流控效果，warm up 1-95
2024-12-28 14:28:45,090 INFO o.a.j.t.JMeterThread: Thread finished: 流控效果，warm up 1-95
2024-12-28 14:28:45,115 INFO o.a.j.t.JMeterThread: Thread started: 流控效果，warm up 1-96
2024-12-28 14:28:45,116 INFO o.a.j.t.JMeterThread: Thread is done: 流控效果，warm up 1-96
2024-12-28 14:28:45,116 INFO o.a.j.t.JMeterThread: Thread finished: 流控效果，warm up 1-96
2024-12-28 14:28:45,140 INFO o.a.j.t.JMeterThread: Thread started: 流控效果，warm up 1-97
2024-12-28 14:28:45,142 INFO o.a.j.t.JMeterThread: Thread is done: 流控效果，warm up 1-97
2024-12-28 14:28:45,142 INFO o.a.j.t.JMeterThread: Thread finished: 流控效果，warm up 1-97
2024-12-28 14:28:45,169 INFO o.a.j.t.JMeterThread: Thread started: 流控效果，warm up 1-98
2024-12-28 14:28:45,171 INFO o.a.j.t.JMeterThread: Thread is done: 流控效果，warm up 1-98
2024-12-28 14:28:45,171 INFO o.a.j.t.JMeterThread: Thread finished: 流控效果，warm up 1-98
2024-12-28 14:28:45,191 INFO o.a.j.t.JMeterThread: Thread started: 流控效果，warm up 1-99
2024-12-28 14:28:45,193 INFO o.a.j.t.JMeterThread: Thread is done: 流控效果，warm up 1-99
2024-12-28 14:28:45,193 INFO o.a.j.t.JMeterThread: Thread finished: 流控效果，warm up 1-99
2024-12-28 14:28:45,214 INFO o.a.j.t.JMeterThread: Thread started: 流控效果，warm up 1-100
2024-12-28 14:28:45,215 INFO o.a.j.t.JMeterThread: Thread is done: 流控效果，warm up 1-100
2024-12-28 14:28:45,215 INFO o.a.j.t.JMeterThread: Thread finished: 流控效果，warm up 1-100
2024-12-28 14:28:45,242 INFO o.a.j.t.JMeterThread: Thread started: 流控效果，warm up 1-101
2024-12-28 14:28:45,243 INFO o.a.j.t.JMeterThread: Thread is done: 流控效果，warm up 1-101
2024-12-28 14:28:45,244 INFO o.a.j.t.JMeterThread: Thread finished: 流控效果，warm up 1-101
2024-12-28 14:28:45,266 INFO o.a.j.t.JMeterThread: Thread started: 流控效果，warm up 1-102
2024-12-28 14:28:45,267 INFO o.a.j.t.JMeterThread: Thread is done: 流控效果，warm up 1-102
2024-12-28 14:28:45,267 INFO o.a.j.t.JMeterThread: Thread finished: 流控效果，warm up 1-102
2024-12-28 14:28:45,291 INFO o.a.j.t.JMeterThread: Thread started: 流控效果，warm up 1-103
2024-12-28 14:28:45,293 INFO o.a.j.t.JMeterThread: Thread is done: 流控效果，warm up 1-103
2024-12-28 14:28:45,293 INFO o.a.j.t.JMeterThread: Thread finished: 流控效果，warm up 1-103
2024-12-28 14:28:45,315 INFO o.a.j.t.JMeterThread: Thread started: 流控效果，warm up 1-104
2024-12-28 14:28:45,317 INFO o.a.j.t.JMeterThread: Thread is done: 流控效果，warm up 1-104
2024-12-28 14:28:45,317 INFO o.a.j.t.JMeterThread: Thread finished: 流控效果，warm up 1-104
2024-12-28 14:28:45,339 INFO o.a.j.t.JMeterThread: Thread started: 流控效果，warm up 1-105
2024-12-28 14:28:45,341 INFO o.a.j.t.JMeterThread: Thread is done: 流控效果，warm up 1-105
2024-12-28 14:28:45,341 INFO o.a.j.t.JMeterThread: Thread finished: 流控效果，warm up 1-105
2024-12-28 14:28:45,364 INFO o.a.j.t.JMeterThread: Thread started: 流控效果，warm up 1-106
2024-12-28 14:28:45,366 INFO o.a.j.t.JMeterThread: Thread is done: 流控效果，warm up 1-106
2024-12-28 14:28:45,366 INFO o.a.j.t.JMeterThread: Thread finished: 流控效果，warm up 1-106
2024-12-28 14:28:45,389 INFO o.a.j.t.JMeterThread: Thread started: 流控效果，warm up 1-107
2024-12-28 14:28:45,391 INFO o.a.j.t.JMeterThread: Thread is done: 流控效果，warm up 1-107
2024-12-28 14:28:45,391 INFO o.a.j.t.JMeterThread: Thread finished: 流控效果，warm up 1-107
2024-12-28 14:28:45,415 INFO o.a.j.t.JMeterThread: Thread started: 流控效果，warm up 1-108
2024-12-28 14:28:45,417 INFO o.a.j.t.JMeterThread: Thread is done: 流控效果，warm up 1-108
2024-12-28 14:28:45,417 INFO o.a.j.t.JMeterThread: Thread finished: 流控效果，warm up 1-108
2024-12-28 14:28:45,441 INFO o.a.j.t.JMeterThread: Thread started: 流控效果，warm up 1-109
2024-12-28 14:28:45,442 INFO o.a.j.t.JMeterThread: Thread is done: 流控效果，warm up 1-109
2024-12-28 14:28:45,442 INFO o.a.j.t.JMeterThread: Thread finished: 流控效果，warm up 1-109
2024-12-28 14:28:45,466 INFO o.a.j.t.JMeterThread: Thread started: 流控效果，warm up 1-110
2024-12-28 14:28:45,468 INFO o.a.j.t.JMeterThread: Thread is done: 流控效果，warm up 1-110
2024-12-28 14:28:45,468 INFO o.a.j.t.JMeterThread: Thread finished: 流控效果，warm up 1-110
2024-12-28 14:28:45,489 INFO o.a.j.t.JMeterThread: Thread started: 流控效果，warm up 1-111
2024-12-28 14:28:45,491 INFO o.a.j.t.JMeterThread: Thread is done: 流控效果，warm up 1-111
2024-12-28 14:28:45,491 INFO o.a.j.t.JMeterThread: Thread finished: 流控效果，warm up 1-111
2024-12-28 14:28:45,514 INFO o.a.j.t.JMeterThread: Thread started: 流控效果，warm up 1-112
2024-12-28 14:28:45,521 INFO o.a.j.t.JMeterThread: Thread is done: 流控效果，warm up 1-112
2024-12-28 14:28:45,521 INFO o.a.j.t.JMeterThread: Thread finished: 流控效果，warm up 1-112
2024-12-28 14:28:45,539 INFO o.a.j.t.JMeterThread: Thread started: 流控效果，warm up 1-113
2024-12-28 14:28:45,545 INFO o.a.j.t.JMeterThread: Thread is done: 流控效果，warm up 1-113
2024-12-28 14:28:45,545 INFO o.a.j.t.JMeterThread: Thread finished: 流控效果，warm up 1-113
2024-12-28 14:28:45,566 INFO o.a.j.t.JMeterThread: Thread started: 流控效果，warm up 1-114
2024-12-28 14:28:45,571 INFO o.a.j.t.JMeterThread: Thread is done: 流控效果，warm up 1-114
2024-12-28 14:28:45,571 INFO o.a.j.t.JMeterThread: Thread finished: 流控效果，warm up 1-114
2024-12-28 14:28:45,590 INFO o.a.j.t.JMeterThread: Thread started: 流控效果，warm up 1-115
2024-12-28 14:28:45,591 INFO o.a.j.t.JMeterThread: Thread is done: 流控效果，warm up 1-115
2024-12-28 14:28:45,591 INFO o.a.j.t.JMeterThread: Thread finished: 流控效果，warm up 1-115
2024-12-28 14:28:45,618 INFO o.a.j.t.JMeterThread: Thread started: 流控效果，warm up 1-116
2024-12-28 14:28:45,619 INFO o.a.j.t.JMeterThread: Thread is done: 流控效果，warm up 1-116
2024-12-28 14:28:45,620 INFO o.a.j.t.JMeterThread: Thread finished: 流控效果，warm up 1-116
2024-12-28 14:28:45,642 INFO o.a.j.t.JMeterThread: Thread started: 流控效果，warm up 1-117
2024-12-28 14:28:45,643 INFO o.a.j.t.JMeterThread: Thread is done: 流控效果，warm up 1-117
2024-12-28 14:28:45,643 INFO o.a.j.t.JMeterThread: Thread finished: 流控效果，warm up 1-117
2024-12-28 14:28:45,667 INFO o.a.j.t.JMeterThread: Thread started: 流控效果，warm up 1-118
2024-12-28 14:28:45,668 INFO o.a.j.t.JMeterThread: Thread is done: 流控效果，warm up 1-118
2024-12-28 14:28:45,669 INFO o.a.j.t.JMeterThread: Thread finished: 流控效果，warm up 1-118
2024-12-28 14:28:45,692 INFO o.a.j.t.JMeterThread: Thread started: 流控效果，warm up 1-119
2024-12-28 14:28:45,693 INFO o.a.j.t.JMeterThread: Thread is done: 流控效果，warm up 1-119
2024-12-28 14:28:45,693 INFO o.a.j.t.JMeterThread: Thread finished: 流控效果，warm up 1-119
2024-12-28 14:28:45,718 INFO o.a.j.t.JMeterThread: Thread started: 流控效果，warm up 1-120
2024-12-28 14:28:45,719 INFO o.a.j.t.JMeterThread: Thread is done: 流控效果，warm up 1-120
2024-12-28 14:28:45,719 INFO o.a.j.t.JMeterThread: Thread finished: 流控效果，warm up 1-120
2024-12-28 14:28:45,742 INFO o.a.j.t.JMeterThread: Thread started: 流控效果，warm up 1-121
2024-12-28 14:28:45,743 INFO o.a.j.t.JMeterThread: Thread is done: 流控效果，warm up 1-121
2024-12-28 14:28:45,743 INFO o.a.j.t.JMeterThread: Thread finished: 流控效果，warm up 1-121
2024-12-28 14:28:45,767 INFO o.a.j.t.JMeterThread: Thread started: 流控效果，warm up 1-122
2024-12-28 14:28:45,769 INFO o.a.j.t.JMeterThread: Thread is done: 流控效果，warm up 1-122
2024-12-28 14:28:45,769 INFO o.a.j.t.JMeterThread: Thread finished: 流控效果，warm up 1-122
2024-12-28 14:28:45,789 INFO o.a.j.t.JMeterThread: Thread started: 流控效果，warm up 1-123
2024-12-28 14:28:45,791 INFO o.a.j.t.JMeterThread: Thread is done: 流控效果，warm up 1-123
2024-12-28 14:28:45,791 INFO o.a.j.t.JMeterThread: Thread finished: 流控效果，warm up 1-123
2024-12-28 14:28:45,817 INFO o.a.j.t.JMeterThread: Thread started: 流控效果，warm up 1-124
2024-12-28 14:28:45,818 INFO o.a.j.t.JMeterThread: Thread is done: 流控效果，warm up 1-124
2024-12-28 14:28:45,818 INFO o.a.j.t.JMeterThread: Thread finished: 流控效果，warm up 1-124
2024-12-28 14:28:45,840 INFO o.a.j.t.JMeterThread: Thread started: 流控效果，warm up 1-125
2024-12-28 14:28:45,841 INFO o.a.j.t.JMeterThread: Thread is done: 流控效果，warm up 1-125
2024-12-28 14:28:45,841 INFO o.a.j.t.JMeterThread: Thread finished: 流控效果，warm up 1-125
2024-12-28 14:28:45,866 INFO o.a.j.t.JMeterThread: Thread started: 流控效果，warm up 1-126
2024-12-28 14:28:45,867 INFO o.a.j.t.JMeterThread: Thread is done: 流控效果，warm up 1-126
2024-12-28 14:28:45,867 INFO o.a.j.t.JMeterThread: Thread finished: 流控效果，warm up 1-126
2024-12-28 14:28:45,892 INFO o.a.j.t.JMeterThread: Thread started: 流控效果，warm up 1-127
2024-12-28 14:28:45,894 INFO o.a.j.t.JMeterThread: Thread is done: 流控效果，warm up 1-127
2024-12-28 14:28:45,894 INFO o.a.j.t.JMeterThread: Thread finished: 流控效果，warm up 1-127
2024-12-28 14:28:45,916 INFO o.a.j.t.JMeterThread: Thread started: 流控效果，warm up 1-128
2024-12-28 14:28:45,918 INFO o.a.j.t.JMeterThread: Thread is done: 流控效果，warm up 1-128
2024-12-28 14:28:45,918 INFO o.a.j.t.JMeterThread: Thread finished: 流控效果，warm up 1-128
2024-12-28 14:28:45,939 INFO o.a.j.t.JMeterThread: Thread started: 流控效果，warm up 1-129
2024-12-28 14:28:45,940 INFO o.a.j.t.JMeterThread: Thread is done: 流控效果，warm up 1-129
2024-12-28 14:28:45,940 INFO o.a.j.t.JMeterThread: Thread finished: 流控效果，warm up 1-129
2024-12-28 14:28:45,964 INFO o.a.j.t.JMeterThread: Thread started: 流控效果，warm up 1-130
2024-12-28 14:28:45,965 INFO o.a.j.t.JMeterThread: Thread is done: 流控效果，warm up 1-130
2024-12-28 14:28:45,965 INFO o.a.j.t.JMeterThread: Thread finished: 流控效果，warm up 1-130
2024-12-28 14:28:45,993 INFO o.a.j.t.JMeterThread: Thread started: 流控效果，warm up 1-131
2024-12-28 14:28:45,994 INFO o.a.j.t.JMeterThread: Thread is done: 流控效果，warm up 1-131
2024-12-28 14:28:45,994 INFO o.a.j.t.JMeterThread: Thread finished: 流控效果，warm up 1-131
2024-12-28 14:28:46,015 INFO o.a.j.t.JMeterThread: Thread started: 流控效果，warm up 1-132
2024-12-28 14:28:46,020 INFO o.a.j.t.JMeterThread: Thread is done: 流控效果，warm up 1-132
2024-12-28 14:28:46,020 INFO o.a.j.t.JMeterThread: Thread finished: 流控效果，warm up 1-132
2024-12-28 14:28:46,043 INFO o.a.j.t.JMeterThread: Thread started: 流控效果，warm up 1-133
2024-12-28 14:28:46,048 INFO o.a.j.t.JMeterThread: Thread is done: 流控效果，warm up 1-133
2024-12-28 14:28:46,048 INFO o.a.j.t.JMeterThread: Thread finished: 流控效果，warm up 1-133
2024-12-28 14:28:46,065 INFO o.a.j.t.JMeterThread: Thread started: 流控效果，warm up 1-134
2024-12-28 14:28:46,066 INFO o.a.j.t.JMeterThread: Thread is done: 流控效果，warm up 1-134
2024-12-28 14:28:46,066 INFO o.a.j.t.JMeterThread: Thread finished: 流控效果，warm up 1-134
2024-12-28 14:28:46,089 INFO o.a.j.t.JMeterThread: Thread started: 流控效果，warm up 1-135
2024-12-28 14:28:46,090 INFO o.a.j.t.JMeterThread: Thread is done: 流控效果，warm up 1-135
2024-12-28 14:28:46,090 INFO o.a.j.t.JMeterThread: Thread finished: 流控效果，warm up 1-135
2024-12-28 14:28:46,114 INFO o.a.j.t.JMeterThread: Thread started: 流控效果，warm up 1-136
2024-12-28 14:28:46,115 INFO o.a.j.t.JMeterThread: Thread is done: 流控效果，warm up 1-136
2024-12-28 14:28:46,115 INFO o.a.j.t.JMeterThread: Thread finished: 流控效果，warm up 1-136
2024-12-28 14:28:46,139 INFO o.a.j.t.JMeterThread: Thread started: 流控效果，warm up 1-137
2024-12-28 14:28:46,141 INFO o.a.j.t.JMeterThread: Thread is done: 流控效果，warm up 1-137
2024-12-28 14:28:46,141 INFO o.a.j.t.JMeterThread: Thread finished: 流控效果，warm up 1-137
2024-12-28 14:28:46,164 INFO o.a.j.t.JMeterThread: Thread started: 流控效果，warm up 1-138
2024-12-28 14:28:46,165 INFO o.a.j.t.JMeterThread: Thread is done: 流控效果，warm up 1-138
2024-12-28 14:28:46,165 INFO o.a.j.t.JMeterThread: Thread finished: 流控效果，warm up 1-138
2024-12-28 14:28:46,189 INFO o.a.j.t.JMeterThread: Thread started: 流控效果，warm up 1-139
2024-12-28 14:28:46,191 INFO o.a.j.t.JMeterThread: Thread is done: 流控效果，warm up 1-139
2024-12-28 14:28:46,191 INFO o.a.j.t.JMeterThread: Thread finished: 流控效果，warm up 1-139
2024-12-28 14:28:46,214 INFO o.a.j.t.JMeterThread: Thread started: 流控效果，warm up 1-140
2024-12-28 14:28:46,215 INFO o.a.j.t.JMeterThread: Thread is done: 流控效果，warm up 1-140
2024-12-28 14:28:46,215 INFO o.a.j.t.JMeterThread: Thread finished: 流控效果，warm up 1-140
2024-12-28 14:28:46,239 INFO o.a.j.t.JMeterThread: Thread started: 流控效果，warm up 1-141
2024-12-28 14:28:46,241 INFO o.a.j.t.JMeterThread: Thread is done: 流控效果，warm up 1-141
2024-12-28 14:28:46,241 INFO o.a.j.t.JMeterThread: Thread finished: 流控效果，warm up 1-141
2024-12-28 14:28:46,264 INFO o.a.j.t.JMeterThread: Thread started: 流控效果，warm up 1-142
2024-12-28 14:28:46,265 INFO o.a.j.t.JMeterThread: Thread is done: 流控效果，warm up 1-142
2024-12-28 14:28:46,265 INFO o.a.j.t.JMeterThread: Thread finished: 流控效果，warm up 1-142
2024-12-28 14:28:46,293 INFO o.a.j.t.JMeterThread: Thread started: 流控效果，warm up 1-143
2024-12-28 14:28:46,295 INFO o.a.j.t.JMeterThread: Thread is done: 流控效果，warm up 1-143
2024-12-28 14:28:46,295 INFO o.a.j.t.JMeterThread: Thread finished: 流控效果，warm up 1-143
2024-12-28 14:28:46,316 INFO o.a.j.t.JMeterThread: Thread started: 流控效果，warm up 1-144
2024-12-28 14:28:46,317 INFO o.a.j.t.JMeterThread: Thread is done: 流控效果，warm up 1-144
2024-12-28 14:28:46,317 INFO o.a.j.t.JMeterThread: Thread finished: 流控效果，warm up 1-144
2024-12-28 14:28:46,340 INFO o.a.j.t.JMeterThread: Thread started: 流控效果，warm up 1-145
2024-12-28 14:28:46,341 INFO o.a.j.t.JMeterThread: Thread is done: 流控效果，warm up 1-145
2024-12-28 14:28:46,341 INFO o.a.j.t.JMeterThread: Thread finished: 流控效果，warm up 1-145
2024-12-28 14:28:46,365 INFO o.a.j.t.JMeterThread: Thread started: 流控效果，warm up 1-146
2024-12-28 14:28:46,366 INFO o.a.j.t.JMeterThread: Thread is done: 流控效果，warm up 1-146
2024-12-28 14:28:46,366 INFO o.a.j.t.JMeterThread: Thread finished: 流控效果，warm up 1-146
2024-12-28 14:28:46,391 INFO o.a.j.t.JMeterThread: Thread started: 流控效果，warm up 1-147
2024-12-28 14:28:46,392 INFO o.a.j.t.JMeterThread: Thread is done: 流控效果，warm up 1-147
2024-12-28 14:28:46,392 INFO o.a.j.t.JMeterThread: Thread finished: 流控效果，warm up 1-147
2024-12-28 14:28:46,415 INFO o.a.j.t.JMeterThread: Thread started: 流控效果，warm up 1-148
2024-12-28 14:28:46,416 INFO o.a.j.t.JMeterThread: Thread is done: 流控效果，warm up 1-148
2024-12-28 14:28:46,416 INFO o.a.j.t.JMeterThread: Thread finished: 流控效果，warm up 1-148
2024-12-28 14:28:46,442 INFO o.a.j.t.JMeterThread: Thread started: 流控效果，warm up 1-149
2024-12-28 14:28:46,443 INFO o.a.j.t.JMeterThread: Thread is done: 流控效果，warm up 1-149
2024-12-28 14:28:46,443 INFO o.a.j.t.JMeterThread: Thread finished: 流控效果，warm up 1-149
2024-12-28 14:28:46,464 INFO o.a.j.t.JMeterThread: Thread started: 流控效果，warm up 1-150
2024-12-28 14:28:46,465 INFO o.a.j.t.JMeterThread: Thread is done: 流控效果，warm up 1-150
2024-12-28 14:28:46,465 INFO o.a.j.t.JMeterThread: Thread finished: 流控效果，warm up 1-150
2024-12-28 14:28:46,492 INFO o.a.j.t.JMeterThread: Thread started: 流控效果，warm up 1-151
2024-12-28 14:28:46,493 INFO o.a.j.t.JMeterThread: Thread is done: 流控效果，warm up 1-151
2024-12-28 14:28:46,493 INFO o.a.j.t.JMeterThread: Thread finished: 流控效果，warm up 1-151
2024-12-28 14:28:46,514 INFO o.a.j.t.JMeterThread: Thread started: 流控效果，warm up 1-152
2024-12-28 14:28:46,519 INFO o.a.j.t.JMeterThread: Thread is done: 流控效果，warm up 1-152
2024-12-28 14:28:46,519 INFO o.a.j.t.JMeterThread: Thread finished: 流控效果，warm up 1-152
2024-12-28 14:28:46,539 INFO o.a.j.t.JMeterThread: Thread started: 流控效果，warm up 1-153
2024-12-28 14:28:46,544 INFO o.a.j.t.JMeterThread: Thread is done: 流控效果，warm up 1-153
2024-12-28 14:28:46,544 INFO o.a.j.t.JMeterThread: Thread finished: 流控效果，warm up 1-153
2024-12-28 14:28:46,567 INFO o.a.j.t.JMeterThread: Thread started: 流控效果，warm up 1-154
2024-12-28 14:28:46,571 INFO o.a.j.t.JMeterThread: Thread is done: 流控效果，warm up 1-154
2024-12-28 14:28:46,571 INFO o.a.j.t.JMeterThread: Thread finished: 流控效果，warm up 1-154
2024-12-28 14:28:46,592 INFO o.a.j.t.JMeterThread: Thread started: 流控效果，warm up 1-155
2024-12-28 14:28:46,593 INFO o.a.j.t.JMeterThread: Thread is done: 流控效果，warm up 1-155
2024-12-28 14:28:46,593 INFO o.a.j.t.JMeterThread: Thread finished: 流控效果，warm up 1-155
2024-12-28 14:28:46,615 INFO o.a.j.t.JMeterThread: Thread started: 流控效果，warm up 1-156
2024-12-28 14:28:46,617 INFO o.a.j.t.JMeterThread: Thread is done: 流控效果，warm up 1-156
2024-12-28 14:28:46,617 INFO o.a.j.t.JMeterThread: Thread finished: 流控效果，warm up 1-156
2024-12-28 14:28:46,640 INFO o.a.j.t.JMeterThread: Thread started: 流控效果，warm up 1-157
2024-12-28 14:28:46,641 INFO o.a.j.t.JMeterThread: Thread is done: 流控效果，warm up 1-157
2024-12-28 14:28:46,641 INFO o.a.j.t.JMeterThread: Thread finished: 流控效果，warm up 1-157
2024-12-28 14:28:46,668 INFO o.a.j.t.JMeterThread: Thread started: 流控效果，warm up 1-158
2024-12-28 14:28:46,669 INFO o.a.j.t.JMeterThread: Thread is done: 流控效果，warm up 1-158
2024-12-28 14:28:46,669 INFO o.a.j.t.JMeterThread: Thread finished: 流控效果，warm up 1-158
2024-12-28 14:28:46,689 INFO o.a.j.t.JMeterThread: Thread started: 流控效果，warm up 1-159
2024-12-28 14:28:46,690 INFO o.a.j.t.JMeterThread: Thread is done: 流控效果，warm up 1-159
2024-12-28 14:28:46,690 INFO o.a.j.t.JMeterThread: Thread finished: 流控效果，warm up 1-159
2024-12-28 14:28:46,714 INFO o.a.j.t.JMeterThread: Thread started: 流控效果，warm up 1-160
2024-12-28 14:28:46,716 INFO o.a.j.t.JMeterThread: Thread is done: 流控效果，warm up 1-160
2024-12-28 14:28:46,716 INFO o.a.j.t.JMeterThread: Thread finished: 流控效果，warm up 1-160
2024-12-28 14:28:46,739 INFO o.a.j.t.JMeterThread: Thread started: 流控效果，warm up 1-161
2024-12-28 14:28:46,740 INFO o.a.j.t.JMeterThread: Thread is done: 流控效果，warm up 1-161
2024-12-28 14:28:46,740 INFO o.a.j.t.JMeterThread: Thread finished: 流控效果，warm up 1-161
2024-12-28 14:28:46,764 INFO o.a.j.t.JMeterThread: Thread started: 流控效果，warm up 1-162
2024-12-28 14:28:46,766 INFO o.a.j.t.JMeterThread: Thread is done: 流控效果，warm up 1-162
2024-12-28 14:28:46,766 INFO o.a.j.t.JMeterThread: Thread finished: 流控效果，warm up 1-162
2024-12-28 14:28:46,792 INFO o.a.j.t.JMeterThread: Thread started: 流控效果，warm up 1-163
2024-12-28 14:28:46,794 INFO o.a.j.t.JMeterThread: Thread is done: 流控效果，warm up 1-163
2024-12-28 14:28:46,794 INFO o.a.j.t.JMeterThread: Thread finished: 流控效果，warm up 1-163
2024-12-28 14:28:46,817 INFO o.a.j.t.JMeterThread: Thread started: 流控效果，warm up 1-164
2024-12-28 14:28:46,818 INFO o.a.j.t.JMeterThread: Thread is done: 流控效果，warm up 1-164
2024-12-28 14:28:46,818 INFO o.a.j.t.JMeterThread: Thread finished: 流控效果，warm up 1-164
2024-12-28 14:28:46,840 INFO o.a.j.t.JMeterThread: Thread started: 流控效果，warm up 1-165
2024-12-28 14:28:46,841 INFO o.a.j.t.JMeterThread: Thread is done: 流控效果，warm up 1-165
2024-12-28 14:28:46,841 INFO o.a.j.t.JMeterThread: Thread finished: 流控效果，warm up 1-165
2024-12-28 14:28:46,868 INFO o.a.j.t.JMeterThread: Thread started: 流控效果，warm up 1-166
2024-12-28 14:28:46,869 INFO o.a.j.t.JMeterThread: Thread is done: 流控效果，warm up 1-166
2024-12-28 14:28:46,869 INFO o.a.j.t.JMeterThread: Thread finished: 流控效果，warm up 1-166
2024-12-28 14:28:46,890 INFO o.a.j.t.JMeterThread: Thread started: 流控效果，warm up 1-167
2024-12-28 14:28:46,891 INFO o.a.j.t.JMeterThread: Thread is done: 流控效果，warm up 1-167
2024-12-28 14:28:46,891 INFO o.a.j.t.JMeterThread: Thread finished: 流控效果，warm up 1-167
2024-12-28 14:28:46,918 INFO o.a.j.t.JMeterThread: Thread started: 流控效果，warm up 1-168
2024-12-28 14:28:46,919 INFO o.a.j.t.JMeterThread: Thread is done: 流控效果，warm up 1-168
2024-12-28 14:28:46,920 INFO o.a.j.t.JMeterThread: Thread finished: 流控效果，warm up 1-168
2024-12-28 14:28:46,940 INFO o.a.j.t.JMeterThread: Thread started: 流控效果，warm up 1-169
2024-12-28 14:28:46,942 INFO o.a.j.t.JMeterThread: Thread is done: 流控效果，warm up 1-169
2024-12-28 14:28:46,942 INFO o.a.j.t.JMeterThread: Thread finished: 流控效果，warm up 1-169
2024-12-28 14:28:46,966 INFO o.a.j.t.JMeterThread: Thread started: 流控效果，warm up 1-170
2024-12-28 14:28:46,967 INFO o.a.j.t.JMeterThread: Thread is done: 流控效果，warm up 1-170
2024-12-28 14:28:46,967 INFO o.a.j.t.JMeterThread: Thread finished: 流控效果，warm up 1-170
2024-12-28 14:28:46,990 INFO o.a.j.t.JMeterThread: Thread started: 流控效果，warm up 1-171
2024-12-28 14:28:46,991 INFO o.a.j.t.JMeterThread: Thread is done: 流控效果，warm up 1-171
2024-12-28 14:28:46,991 INFO o.a.j.t.JMeterThread: Thread finished: 流控效果，warm up 1-171
2024-12-28 14:28:47,015 INFO o.a.j.t.JMeterThread: Thread started: 流控效果，warm up 1-172
2024-12-28 14:28:47,020 INFO o.a.j.t.JMeterThread: Thread is done: 流控效果，warm up 1-172
2024-12-28 14:28:47,020 INFO o.a.j.t.JMeterThread: Thread finished: 流控效果，warm up 1-172
2024-12-28 14:28:47,040 INFO o.a.j.t.JMeterThread: Thread started: 流控效果，warm up 1-173
2024-12-28 14:28:47,045 INFO o.a.j.t.JMeterThread: Thread is done: 流控效果，warm up 1-173
2024-12-28 14:28:47,045 INFO o.a.j.t.JMeterThread: Thread finished: 流控效果，warm up 1-173
2024-12-28 14:28:47,067 INFO o.a.j.t.JMeterThread: Thread started: 流控效果，warm up 1-174
2024-12-28 14:28:47,073 INFO o.a.j.t.JMeterThread: Thread is done: 流控效果，warm up 1-174
2024-12-28 14:28:47,073 INFO o.a.j.t.JMeterThread: Thread finished: 流控效果，warm up 1-174
2024-12-28 14:28:47,089 INFO o.a.j.t.JMeterThread: Thread started: 流控效果，warm up 1-175
2024-12-28 14:28:47,090 INFO o.a.j.t.JMeterThread: Thread is done: 流控效果，warm up 1-175
2024-12-28 14:28:47,090 INFO o.a.j.t.JMeterThread: Thread finished: 流控效果，warm up 1-175
2024-12-28 14:28:47,116 INFO o.a.j.t.JMeterThread: Thread started: 流控效果，warm up 1-176
2024-12-28 14:28:47,118 INFO o.a.j.t.JMeterThread: Thread is done: 流控效果，warm up 1-176
2024-12-28 14:28:47,118 INFO o.a.j.t.JMeterThread: Thread finished: 流控效果，warm up 1-176
2024-12-28 14:28:47,142 INFO o.a.j.t.JMeterThread: Thread started: 流控效果，warm up 1-177
2024-12-28 14:28:47,144 INFO o.a.j.t.JMeterThread: Thread is done: 流控效果，warm up 1-177
2024-12-28 14:28:47,144 INFO o.a.j.t.JMeterThread: Thread finished: 流控效果，warm up 1-177
2024-12-28 14:28:47,167 INFO o.a.j.t.JMeterThread: Thread started: 流控效果，warm up 1-178
2024-12-28 14:28:47,169 INFO o.a.j.t.JMeterThread: Thread is done: 流控效果，warm up 1-178
2024-12-28 14:28:47,169 INFO o.a.j.t.JMeterThread: Thread finished: 流控效果，warm up 1-178
2024-12-28 14:28:47,193 INFO o.a.j.t.JMeterThread: Thread started: 流控效果，warm up 1-179
2024-12-28 14:28:47,195 INFO o.a.j.t.JMeterThread: Thread is done: 流控效果，warm up 1-179
2024-12-28 14:28:47,195 INFO o.a.j.t.JMeterThread: Thread finished: 流控效果，warm up 1-179
2024-12-28 14:28:47,217 INFO o.a.j.t.JMeterThread: Thread started: 流控效果，warm up 1-180
2024-12-28 14:28:47,219 INFO o.a.j.t.JMeterThread: Thread is done: 流控效果，warm up 1-180
2024-12-28 14:28:47,219 INFO o.a.j.t.JMeterThread: Thread finished: 流控效果，warm up 1-180
2024-12-28 14:28:47,241 INFO o.a.j.t.JMeterThread: Thread started: 流控效果，warm up 1-181
2024-12-28 14:28:47,243 INFO o.a.j.t.JMeterThread: Thread is done: 流控效果，warm up 1-181
2024-12-28 14:28:47,243 INFO o.a.j.t.JMeterThread: Thread finished: 流控效果，warm up 1-181
2024-12-28 14:28:47,267 INFO o.a.j.t.JMeterThread: Thread started: 流控效果，warm up 1-182
2024-12-28 14:28:47,269 INFO o.a.j.t.JMeterThread: Thread is done: 流控效果，warm up 1-182
2024-12-28 14:28:47,269 INFO o.a.j.t.JMeterThread: Thread finished: 流控效果，warm up 1-182
2024-12-28 14:28:47,290 INFO o.a.j.t.JMeterThread: Thread started: 流控效果，warm up 1-183
2024-12-28 14:28:47,292 INFO o.a.j.t.JMeterThread: Thread is done: 流控效果，warm up 1-183
2024-12-28 14:28:47,292 INFO o.a.j.t.JMeterThread: Thread finished: 流控效果，warm up 1-183
2024-12-28 14:28:47,317 INFO o.a.j.t.JMeterThread: Thread started: 流控效果，warm up 1-184
2024-12-28 14:28:47,318 INFO o.a.j.t.JMeterThread: Thread is done: 流控效果，warm up 1-184
2024-12-28 14:28:47,318 INFO o.a.j.t.JMeterThread: Thread finished: 流控效果，warm up 1-184
2024-12-28 14:28:47,340 INFO o.a.j.t.JMeterThread: Thread started: 流控效果，warm up 1-185
2024-12-28 14:28:47,342 INFO o.a.j.t.JMeterThread: Thread is done: 流控效果，warm up 1-185
2024-12-28 14:28:47,342 INFO o.a.j.t.JMeterThread: Thread finished: 流控效果，warm up 1-185
2024-12-28 14:28:47,366 INFO o.a.j.t.JMeterThread: Thread started: 流控效果，warm up 1-186
2024-12-28 14:28:47,367 INFO o.a.j.t.JMeterThread: Thread is done: 流控效果，warm up 1-186
2024-12-28 14:28:47,367 INFO o.a.j.t.JMeterThread: Thread finished: 流控效果，warm up 1-186
2024-12-28 14:28:47,389 INFO o.a.j.t.JMeterThread: Thread started: 流控效果，warm up 1-187
2024-12-28 14:28:47,390 INFO o.a.j.t.JMeterThread: Thread is done: 流控效果，warm up 1-187
2024-12-28 14:28:47,390 INFO o.a.j.t.JMeterThread: Thread finished: 流控效果，warm up 1-187
2024-12-28 14:28:47,414 INFO o.a.j.t.JMeterThread: Thread started: 流控效果，warm up 1-188
2024-12-28 14:28:47,415 INFO o.a.j.t.JMeterThread: Thread is done: 流控效果，warm up 1-188
2024-12-28 14:28:47,415 INFO o.a.j.t.JMeterThread: Thread finished: 流控效果，warm up 1-188
2024-12-28 14:28:47,440 INFO o.a.j.t.JMeterThread: Thread started: 流控效果，warm up 1-189
2024-12-28 14:28:47,442 INFO o.a.j.t.JMeterThread: Thread is done: 流控效果，warm up 1-189
2024-12-28 14:28:47,442 INFO o.a.j.t.JMeterThread: Thread finished: 流控效果，warm up 1-189
2024-12-28 14:28:47,466 INFO o.a.j.t.JMeterThread: Thread started: 流控效果，warm up 1-190
2024-12-28 14:28:47,467 INFO o.a.j.t.JMeterThread: Thread is done: 流控效果，warm up 1-190
2024-12-28 14:28:47,468 INFO o.a.j.t.JMeterThread: Thread finished: 流控效果，warm up 1-190
2024-12-28 14:28:47,493 INFO o.a.j.t.JMeterThread: Thread started: 流控效果，warm up 1-191
2024-12-28 14:28:47,495 INFO o.a.j.t.JMeterThread: Thread is done: 流控效果，warm up 1-191
2024-12-28 14:28:47,495 INFO o.a.j.t.JMeterThread: Thread finished: 流控效果，warm up 1-191
2024-12-28 14:28:47,515 INFO o.a.j.t.JMeterThread: Thread started: 流控效果，warm up 1-192
2024-12-28 14:28:47,520 INFO o.a.j.t.JMeterThread: Thread is done: 流控效果，warm up 1-192
2024-12-28 14:28:47,520 INFO o.a.j.t.JMeterThread: Thread finished: 流控效果，warm up 1-192
2024-12-28 14:28:47,540 INFO o.a.j.t.JMeterThread: Thread started: 流控效果，warm up 1-193
2024-12-28 14:28:47,545 INFO o.a.j.t.JMeterThread: Thread is done: 流控效果，warm up 1-193
2024-12-28 14:28:47,545 INFO o.a.j.t.JMeterThread: Thread finished: 流控效果，warm up 1-193
2024-12-28 14:28:47,567 INFO o.a.j.t.JMeterThread: Thread started: 流控效果，warm up 1-194
2024-12-28 14:28:47,573 INFO o.a.j.t.JMeterThread: Thread is done: 流控效果，warm up 1-194
2024-12-28 14:28:47,573 INFO o.a.j.t.JMeterThread: Thread finished: 流控效果，warm up 1-194
2024-12-28 14:28:47,589 INFO o.a.j.t.JMeterThread: Thread started: 流控效果，warm up 1-195
2024-12-28 14:28:47,590 INFO o.a.j.t.JMeterThread: Thread is done: 流控效果，warm up 1-195
2024-12-28 14:28:47,590 INFO o.a.j.t.JMeterThread: Thread finished: 流控效果，warm up 1-195
2024-12-28 14:28:47,615 INFO o.a.j.t.JMeterThread: Thread started: 流控效果，warm up 1-196
2024-12-28 14:28:47,617 INFO o.a.j.t.JMeterThread: Thread is done: 流控效果，warm up 1-196
2024-12-28 14:28:47,617 INFO o.a.j.t.JMeterThread: Thread finished: 流控效果，warm up 1-196
2024-12-28 14:28:47,639 INFO o.a.j.t.JMeterThread: Thread started: 流控效果，warm up 1-197
2024-12-28 14:28:47,641 INFO o.a.j.t.JMeterThread: Thread is done: 流控效果，warm up 1-197
2024-12-28 14:28:47,641 INFO o.a.j.t.JMeterThread: Thread finished: 流控效果，warm up 1-197
2024-12-28 14:28:47,664 INFO o.a.j.t.JMeterThread: Thread started: 流控效果，warm up 1-198
2024-12-28 14:28:47,666 INFO o.a.j.t.JMeterThread: Thread is done: 流控效果，warm up 1-198
2024-12-28 14:28:47,666 INFO o.a.j.t.JMeterThread: Thread finished: 流控效果，warm up 1-198
2024-12-28 14:28:47,693 INFO o.a.j.t.JMeterThread: Thread started: 流控效果，warm up 1-199
2024-12-28 14:28:47,694 INFO o.a.j.t.JMeterThread: Thread is done: 流控效果，warm up 1-199
2024-12-28 14:28:47,694 INFO o.a.j.t.JMeterThread: Thread finished: 流控效果，warm up 1-199
2024-12-28 14:28:47,714 INFO o.a.j.t.JMeterThread: Thread started: 流控效果，warm up 1-200
2024-12-28 14:28:47,715 INFO o.a.j.t.JMeterThread: Thread is done: 流控效果，warm up 1-200
2024-12-28 14:28:47,715 INFO o.a.j.t.JMeterThread: Thread finished: 流控效果，warm up 1-200
2024-12-28 14:28:47,716 INFO o.a.j.e.StandardJMeterEngine: Notifying test listeners of end of test
2024-12-28 14:28:47,716 INFO o.a.j.g.u.JMeterMenuBar: setRunning(false, *local*)
2024-12-28 14:32:48,529 INFO o.a.j.e.StandardJMeterEngine: Running the test!
2024-12-28 14:32:48,529 INFO o.a.j.s.SampleEvent: List of sample_variables: []
2024-12-28 14:32:48,530 INFO o.a.j.g.u.JMeterMenuBar: setRunning(true, *local*)
2024-12-28 14:32:48,563 INFO o.a.j.e.StandardJMeterEngine: Starting ThreadGroup: 1 : 流控效果，队列
2024-12-28 14:32:48,563 INFO o.a.j.e.StandardJMeterEngine: Starting 300 threads for group 流控效果，队列.
2024-12-28 14:32:48,563 INFO o.a.j.e.StandardJMeterEngine: Thread will continue on error
2024-12-28 14:32:48,563 INFO o.a.j.t.ThreadGroup: Starting thread group... number=1 threads=300 ramp-up=20 delayedStart=false
2024-12-28 14:32:48,564 INFO o.a.j.t.JMeterThread: Thread started: 流控效果，队列 1-1
2024-12-28 14:32:48,574 INFO o.a.j.t.JMeterThread: Thread is done: 流控效果，队列 1-1
2024-12-28 14:32:48,574 INFO o.a.j.t.JMeterThread: Thread finished: 流控效果，队列 1-1
2024-12-28 14:32:48,584 INFO o.a.j.t.ThreadGroup: Started thread group number 1
2024-12-28 14:32:48,584 INFO o.a.j.e.StandardJMeterEngine: All thread groups have been started
2024-12-28 14:32:48,632 INFO o.a.j.t.JMeterThread: Thread started: 流控效果，队列 1-2
2024-12-28 14:32:48,685 INFO o.a.j.t.JMeterThread: Thread is done: 流控效果，队列 1-2
2024-12-28 14:32:48,685 INFO o.a.j.t.JMeterThread: Thread finished: 流控效果，队列 1-2
2024-12-28 14:32:48,697 INFO o.a.j.t.JMeterThread: Thread started: 流控效果，队列 1-3
2024-12-28 14:32:48,764 INFO o.a.j.t.JMeterThread: Thread started: 流控效果，队列 1-4
2024-12-28 14:32:48,779 INFO o.a.j.t.JMeterThread: Thread is done: 流控效果，队列 1-3
2024-12-28 14:32:48,779 INFO o.a.j.t.JMeterThread: Thread finished: 流控效果，队列 1-3
2024-12-28 14:32:48,832 INFO o.a.j.t.JMeterThread: Thread started: 流控效果，队列 1-5
2024-12-28 14:32:48,874 INFO o.a.j.t.JMeterThread: Thread is done: 流控效果，队列 1-4
2024-12-28 14:32:48,874 INFO o.a.j.t.JMeterThread: Thread finished: 流控效果，队列 1-4
2024-12-28 14:32:48,900 INFO o.a.j.t.JMeterThread: Thread started: 流控效果，队列 1-6
2024-12-28 14:32:48,966 INFO o.a.j.t.JMeterThread: Thread started: 流控效果，队列 1-7
2024-12-28 14:32:48,984 INFO o.a.j.t.JMeterThread: Thread is done: 流控效果，队列 1-5
2024-12-28 14:32:48,984 INFO o.a.j.t.JMeterThread: Thread finished: 流控效果，队列 1-5
2024-12-28 14:32:49,034 INFO o.a.j.t.JMeterThread: Thread started: 流控效果，队列 1-8
2024-12-28 14:32:49,077 INFO o.a.j.t.JMeterThread: Thread is done: 流控效果，队列 1-6
2024-12-28 14:32:49,077 INFO o.a.j.t.JMeterThread: Thread finished: 流控效果，队列 1-6
2024-12-28 14:32:49,101 INFO o.a.j.t.JMeterThread: Thread started: 流控效果，队列 1-9
2024-12-28 14:32:49,167 INFO o.a.j.t.JMeterThread: Thread started: 流控效果，队列 1-10
2024-12-28 14:32:49,186 INFO o.a.j.t.JMeterThread: Thread is done: 流控效果，队列 1-7
2024-12-28 14:32:49,186 INFO o.a.j.t.JMeterThread: Thread finished: 流控效果，队列 1-7
2024-12-28 14:32:49,236 INFO o.a.j.t.JMeterThread: Thread started: 流控效果，队列 1-11
2024-12-28 14:32:49,276 INFO o.a.j.t.JMeterThread: Thread is done: 流控效果，队列 1-8
2024-12-28 14:32:49,276 INFO o.a.j.t.JMeterThread: Thread finished: 流控效果，队列 1-8
2024-12-28 14:32:49,301 INFO o.a.j.t.JMeterThread: Thread started: 流控效果，队列 1-12
2024-12-28 14:32:49,369 INFO o.a.j.t.JMeterThread: Thread started: 流控效果，队列 1-13
2024-12-28 14:32:49,384 INFO o.a.j.t.JMeterThread: Thread is done: 流控效果，队列 1-9
2024-12-28 14:32:49,384 INFO o.a.j.t.JMeterThread: Thread finished: 流控效果，队列 1-9
2024-12-28 14:32:49,435 INFO o.a.j.t.JMeterThread: Thread started: 流控效果，队列 1-14
2024-12-28 14:32:49,477 INFO o.a.j.t.JMeterThread: Thread is done: 流控效果，队列 1-10
2024-12-28 14:32:49,477 INFO o.a.j.t.JMeterThread: Thread finished: 流控效果，队列 1-10
2024-12-28 14:32:49,504 INFO o.a.j.t.JMeterThread: Thread started: 流控效果，队列 1-15
2024-12-28 14:32:49,568 INFO o.a.j.t.JMeterThread: Thread started: 流控效果，队列 1-16
2024-12-28 14:32:49,573 INFO o.a.j.t.JMeterThread: Thread is done: 流控效果，队列 1-11
2024-12-28 14:32:49,573 INFO o.a.j.t.JMeterThread: Thread finished: 流控效果，队列 1-11
2024-12-28 14:32:49,637 INFO o.a.j.t.JMeterThread: Thread started: 流控效果，队列 1-17
2024-12-28 14:32:49,682 INFO o.a.j.t.JMeterThread: Thread is done: 流控效果，队列 1-12
2024-12-28 14:32:49,682 INFO o.a.j.t.JMeterThread: Thread finished: 流控效果，队列 1-12
2024-12-28 14:32:49,702 INFO o.a.j.t.JMeterThread: Thread started: 流控效果，队列 1-18
2024-12-28 14:32:49,770 INFO o.a.j.t.JMeterThread: Thread started: 流控效果，队列 1-19
2024-12-28 14:32:49,775 INFO o.a.j.t.JMeterThread: Thread is done: 流控效果，队列 1-13
2024-12-28 14:32:49,775 INFO o.a.j.t.JMeterThread: Thread finished: 流控效果，队列 1-13
2024-12-28 14:32:49,838 INFO o.a.j.t.JMeterThread: Thread started: 流控效果，队列 1-20
2024-12-28 14:32:49,884 INFO o.a.j.t.JMeterThread: Thread is done: 流控效果，队列 1-14
2024-12-28 14:32:49,884 INFO o.a.j.t.JMeterThread: Thread finished: 流控效果，队列 1-14
2024-12-28 14:32:49,906 INFO o.a.j.t.JMeterThread: Thread started: 流控效果，队列 1-21
2024-12-28 14:32:49,971 INFO o.a.j.t.JMeterThread: Thread started: 流控效果，队列 1-22
2024-12-28 14:32:49,976 INFO o.a.j.t.JMeterThread: Thread is done: 流控效果，队列 1-15
2024-12-28 14:32:49,976 INFO o.a.j.t.JMeterThread: Thread finished: 流控效果，队列 1-15
2024-12-28 14:32:50,037 INFO o.a.j.t.JMeterThread: Thread started: 流控效果，队列 1-23
2024-12-28 14:32:50,072 INFO o.a.j.t.JMeterThread: Thread is done: 流控效果，队列 1-16
2024-12-28 14:32:50,072 INFO o.a.j.t.JMeterThread: Thread finished: 流控效果，队列 1-16
2024-12-28 14:32:50,106 INFO o.a.j.t.JMeterThread: Thread started: 流控效果，队列 1-24
2024-12-28 14:32:50,174 INFO o.a.j.t.JMeterThread: Thread started: 流控效果，队列 1-25
2024-12-28 14:32:50,183 INFO o.a.j.t.JMeterThread: Thread is done: 流控效果，队列 1-17
2024-12-28 14:32:50,183 INFO o.a.j.t.JMeterThread: Thread finished: 流控效果，队列 1-17
2024-12-28 14:32:50,238 INFO o.a.j.t.JMeterThread: Thread started: 流控效果，队列 1-26
2024-12-28 14:32:50,276 INFO o.a.j.t.JMeterThread: Thread is done: 流控效果，队列 1-18
2024-12-28 14:32:50,276 INFO o.a.j.t.JMeterThread: Thread finished: 流控效果，队列 1-18
2024-12-28 14:32:50,306 INFO o.a.j.t.JMeterThread: Thread started: 流控效果，队列 1-27
2024-12-28 14:32:50,372 INFO o.a.j.t.JMeterThread: Thread started: 流控效果，队列 1-28
2024-12-28 14:32:50,373 INFO o.a.j.t.JMeterThread: Thread is done: 流控效果，队列 1-19
2024-12-28 14:32:50,373 INFO o.a.j.t.JMeterThread: Thread finished: 流控效果，队列 1-19
2024-12-28 14:32:50,440 INFO o.a.j.t.JMeterThread: Thread started: 流控效果，队列 1-29
2024-12-28 14:32:50,475 INFO o.a.j.t.JMeterThread: Thread is done: 流控效果，队列 1-20
2024-12-28 14:32:50,475 INFO o.a.j.t.JMeterThread: Thread finished: 流控效果，队列 1-20
2024-12-28 14:32:50,506 INFO o.a.j.t.JMeterThread: Thread started: 流控效果，队列 1-30
2024-12-28 14:32:50,573 INFO o.a.j.t.JMeterThread: Thread is done: 流控效果，队列 1-21
2024-12-28 14:32:50,573 INFO o.a.j.t.JMeterThread: Thread finished: 流控效果，队列 1-21
2024-12-28 14:32:50,576 INFO o.a.j.t.JMeterThread: Thread started: 流控效果，队列 1-31
2024-12-28 14:32:50,643 INFO o.a.j.t.JMeterThread: Thread started: 流控效果，队列 1-32
2024-12-28 14:32:50,679 INFO o.a.j.t.JMeterThread: Thread is done: 流控效果，队列 1-22
2024-12-28 14:32:50,679 INFO o.a.j.t.JMeterThread: Thread finished: 流控效果，队列 1-22
2024-12-28 14:32:50,708 INFO o.a.j.t.JMeterThread: Thread started: 流控效果，队列 1-33
2024-12-28 14:32:50,775 INFO o.a.j.t.JMeterThread: Thread is done: 流控效果，队列 1-23
2024-12-28 14:32:50,775 INFO o.a.j.t.JMeterThread: Thread finished: 流控效果，队列 1-23
2024-12-28 14:32:50,778 INFO o.a.j.t.JMeterThread: Thread started: 流控效果，队列 1-34
2024-12-28 14:32:50,842 INFO o.a.j.t.JMeterThread: Thread started: 流控效果，队列 1-35
2024-12-28 14:32:50,885 INFO o.a.j.t.JMeterThread: Thread is done: 流控效果，队列 1-24
2024-12-28 14:32:50,885 INFO o.a.j.t.JMeterThread: Thread finished: 流控效果，队列 1-24
2024-12-28 14:32:50,911 INFO o.a.j.t.JMeterThread: Thread started: 流控效果，队列 1-36
2024-12-28 14:32:50,976 INFO o.a.j.t.JMeterThread: Thread started: 流控效果，队列 1-37
2024-12-28 14:32:50,977 INFO o.a.j.t.JMeterThread: Thread is done: 流控效果，队列 1-25
2024-12-28 14:32:50,977 INFO o.a.j.t.JMeterThread: Thread finished: 流控效果，队列 1-25
2024-12-28 14:32:51,042 INFO o.a.j.t.JMeterThread: Thread started: 流控效果，队列 1-38
2024-12-28 14:32:51,072 INFO o.a.j.t.JMeterThread: Thread is done: 流控效果，队列 1-26
2024-12-28 14:32:51,072 INFO o.a.j.t.JMeterThread: Thread finished: 流控效果，队列 1-26
2024-12-28 14:32:51,110 INFO o.a.j.t.JMeterThread: Thread started: 流控效果，队列 1-39
2024-12-28 14:32:51,177 INFO o.a.j.t.JMeterThread: Thread started: 流控效果，队列 1-40
2024-12-28 14:32:51,182 INFO o.a.j.t.JMeterThread: Thread is done: 流控效果，队列 1-27
2024-12-28 14:32:51,182 INFO o.a.j.t.JMeterThread: Thread finished: 流控效果，队列 1-27
2024-12-28 14:32:51,246 INFO o.a.j.t.JMeterThread: Thread started: 流控效果，队列 1-41
2024-12-28 14:32:51,273 INFO o.a.j.t.JMeterThread: Thread is done: 流控效果，队列 1-28
2024-12-28 14:32:51,273 INFO o.a.j.t.JMeterThread: Thread finished: 流控效果，队列 1-28
2024-12-28 14:32:51,311 INFO o.a.j.t.JMeterThread: Thread started: 流控效果，队列 1-42
2024-12-28 14:32:51,378 INFO o.a.j.t.JMeterThread: Thread started: 流控效果，队列 1-43
2024-12-28 14:32:51,383 INFO o.a.j.t.JMeterThread: Thread is done: 流控效果，队列 1-29
2024-12-28 14:32:51,383 INFO o.a.j.t.JMeterThread: Thread finished: 流控效果，队列 1-29
2024-12-28 14:32:51,445 INFO o.a.j.t.JMeterThread: Thread started: 流控效果，队列 1-44
2024-12-28 14:32:51,478 INFO o.a.j.t.JMeterThread: Thread is done: 流控效果，队列 1-30
2024-12-28 14:32:51,479 INFO o.a.j.t.JMeterThread: Thread finished: 流控效果，队列 1-30
2024-12-28 14:32:51,513 INFO o.a.j.t.JMeterThread: Thread started: 流控效果，队列 1-45
2024-12-28 14:32:51,573 INFO o.a.j.t.JMeterThread: Thread is done: 流控效果，队列 1-31
2024-12-28 14:32:51,573 INFO o.a.j.t.JMeterThread: Thread finished: 流控效果，队列 1-31
2024-12-28 14:32:51,579 INFO o.a.j.t.JMeterThread: Thread started: 流控效果，队列 1-46
2024-12-28 14:32:51,645 INFO o.a.j.t.JMeterThread: Thread started: 流控效果，队列 1-47
2024-12-28 14:32:51,682 INFO o.a.j.t.JMeterThread: Thread is done: 流控效果，队列 1-32
2024-12-28 14:32:51,682 INFO o.a.j.t.JMeterThread: Thread finished: 流控效果，队列 1-32
2024-12-28 14:32:51,712 INFO o.a.j.t.JMeterThread: Thread started: 流控效果，队列 1-48
2024-12-28 14:32:51,776 INFO o.a.j.t.JMeterThread: Thread is done: 流控效果，队列 1-33
2024-12-28 14:32:51,776 INFO o.a.j.t.JMeterThread: Thread finished: 流控效果，队列 1-33
2024-12-28 14:32:51,782 INFO o.a.j.t.JMeterThread: Thread started: 流控效果，队列 1-49
2024-12-28 14:32:51,846 INFO o.a.j.t.JMeterThread: Thread started: 流控效果，队列 1-50
2024-12-28 14:32:51,872 INFO o.a.j.t.JMeterThread: Thread is done: 流控效果，队列 1-34
2024-12-28 14:32:51,872 INFO o.a.j.t.JMeterThread: Thread finished: 流控效果，队列 1-34
2024-12-28 14:32:51,913 INFO o.a.j.t.JMeterThread: Thread started: 流控效果，队列 1-51
2024-12-28 14:32:51,980 INFO o.a.j.t.JMeterThread: Thread is done: 流控效果，队列 1-35
2024-12-28 14:32:51,980 INFO o.a.j.t.JMeterThread: Thread finished: 流控效果，队列 1-35
2024-12-28 14:32:51,981 INFO o.a.j.t.JMeterThread: Thread started: 流控效果，队列 1-52
2024-12-28 14:32:52,048 INFO o.a.j.t.JMeterThread: Thread started: 流控效果，队列 1-53
2024-12-28 14:32:52,072 INFO o.a.j.t.JMeterThread: Thread is done: 流控效果，队列 1-36
2024-12-28 14:32:52,072 INFO o.a.j.t.JMeterThread: Thread finished: 流控效果，队列 1-36
2024-12-28 14:32:52,115 INFO o.a.j.t.JMeterThread: Thread started: 流控效果，队列 1-54
2024-12-28 14:32:52,182 INFO o.a.j.t.JMeterThread: Thread started: 流控效果，队列 1-55
2024-12-28 14:32:52,182 INFO o.a.j.t.JMeterThread: Thread is done: 流控效果，队列 1-37
2024-12-28 14:32:52,182 INFO o.a.j.t.JMeterThread: Thread finished: 流控效果，队列 1-37
2024-12-28 14:32:52,249 INFO o.a.j.t.JMeterThread: Thread started: 流控效果，队列 1-56
2024-12-28 14:32:52,273 INFO o.a.j.t.JMeterThread: Thread is done: 流控效果，队列 1-38
2024-12-28 14:32:52,273 INFO o.a.j.t.JMeterThread: Thread finished: 流控效果，队列 1-38
2024-12-28 14:32:52,317 INFO o.a.j.t.JMeterThread: Thread started: 流控效果，队列 1-57
2024-12-28 14:32:52,382 INFO o.a.j.t.JMeterThread: Thread started: 流控效果，队列 1-58
2024-12-28 14:32:52,383 INFO o.a.j.t.JMeterThread: Thread is done: 流控效果，队列 1-39
2024-12-28 14:32:52,383 INFO o.a.j.t.JMeterThread: Thread finished: 流控效果，队列 1-39
2024-12-28 14:32:52,449 INFO o.a.j.t.JMeterThread: Thread started: 流控效果，队列 1-59
2024-12-28 14:32:52,475 INFO o.a.j.t.JMeterThread: Thread is done: 流控效果，队列 1-40
2024-12-28 14:32:52,475 INFO o.a.j.t.JMeterThread: Thread finished: 流控效果，队列 1-40
2024-12-28 14:32:52,516 INFO o.a.j.t.JMeterThread: Thread started: 流控效果，队列 1-60
2024-12-28 14:32:52,573 INFO o.a.j.t.JMeterThread: Thread is done: 流控效果，队列 1-41
2024-12-28 14:32:52,573 INFO o.a.j.t.JMeterThread: Thread finished: 流控效果，队列 1-41
2024-12-28 14:32:52,585 INFO o.a.j.t.JMeterThread: Thread started: 流控效果，队列 1-61
2024-12-28 14:32:52,651 INFO o.a.j.t.JMeterThread: Thread started: 流控效果，队列 1-62
2024-12-28 14:32:52,681 INFO o.a.j.t.JMeterThread: Thread is done: 流控效果，队列 1-42
2024-12-28 14:32:52,681 INFO o.a.j.t.JMeterThread: Thread finished: 流控效果，队列 1-42
2024-12-28 14:32:52,718 INFO o.a.j.t.JMeterThread: Thread started: 流控效果，队列 1-63
2024-12-28 14:32:52,775 INFO o.a.j.t.JMeterThread: Thread is done: 流控效果，队列 1-43
2024-12-28 14:32:52,775 INFO o.a.j.t.JMeterThread: Thread finished: 流控效果，队列 1-43
2024-12-28 14:32:52,786 INFO o.a.j.t.JMeterThread: Thread started: 流控效果，队列 1-64
2024-12-28 14:32:52,852 INFO o.a.j.t.JMeterThread: Thread started: 流控效果，队列 1-65
2024-12-28 14:32:52,885 INFO o.a.j.t.JMeterThread: Thread is done: 流控效果，队列 1-44
2024-12-28 14:32:52,885 INFO o.a.j.t.JMeterThread: Thread finished: 流控效果，队列 1-44
2024-12-28 14:32:52,918 INFO o.a.j.t.JMeterThread: Thread started: 流控效果，队列 1-66
2024-12-28 14:32:52,976 INFO o.a.j.t.JMeterThread: Thread is done: 流控效果，队列 1-45
2024-12-28 14:32:52,976 INFO o.a.j.t.JMeterThread: Thread finished: 流控效果，队列 1-45
2024-12-28 14:32:52,986 INFO o.a.j.t.JMeterThread: Thread started: 流控效果，队列 1-67
2024-12-28 14:32:53,054 INFO o.a.j.t.JMeterThread: Thread started: 流控效果，队列 1-68
2024-12-28 14:32:53,072 INFO o.a.j.t.JMeterThread: Thread is done: 流控效果，队列 1-46
2024-12-28 14:32:53,072 INFO o.a.j.t.JMeterThread: Thread finished: 流控效果，队列 1-46
2024-12-28 14:32:53,121 INFO o.a.j.t.JMeterThread: Thread started: 流控效果，队列 1-69
2024-12-28 14:32:53,184 INFO o.a.j.t.JMeterThread: Thread is done: 流控效果，队列 1-47
2024-12-28 14:32:53,184 INFO o.a.j.t.JMeterThread: Thread finished: 流控效果，队列 1-47
2024-12-28 14:32:53,188 INFO o.a.j.t.JMeterThread: Thread started: 流控效果，队列 1-70
2024-12-28 14:32:53,255 INFO o.a.j.t.JMeterThread: Thread started: 流控效果，队列 1-71
2024-12-28 14:32:53,275 INFO o.a.j.t.JMeterThread: Thread is done: 流控效果，队列 1-48
2024-12-28 14:32:53,275 INFO o.a.j.t.JMeterThread: Thread finished: 流控效果，队列 1-48
2024-12-28 14:32:53,321 INFO o.a.j.t.JMeterThread: Thread started: 流控效果，队列 1-72
2024-12-28 14:32:53,387 INFO o.a.j.t.JMeterThread: Thread is done: 流控效果，队列 1-49
2024-12-28 14:32:53,388 INFO o.a.j.t.JMeterThread: Thread finished: 流控效果，队列 1-49
2024-12-28 14:32:53,388 INFO o.a.j.t.JMeterThread: Thread started: 流控效果，队列 1-73
2024-12-28 14:32:53,455 INFO o.a.j.t.JMeterThread: Thread started: 流控效果，队列 1-74
2024-12-28 14:32:53,473 INFO o.a.j.t.JMeterThread: Thread is done: 流控效果，队列 1-50
2024-12-28 14:32:53,473 INFO o.a.j.t.JMeterThread: Thread finished: 流控效果，队列 1-50
2024-12-28 14:32:53,522 INFO o.a.j.t.JMeterThread: Thread started: 流控效果，队列 1-75
2024-12-28 14:32:53,571 INFO o.a.j.t.JMeterThread: Thread is done: 流控效果，队列 1-51
2024-12-28 14:32:53,571 INFO o.a.j.t.JMeterThread: Thread finished: 流控效果，队列 1-51
2024-12-28 14:32:53,589 INFO o.a.j.t.JMeterThread: Thread started: 流控效果，队列 1-76
2024-12-28 14:32:53,655 INFO o.a.j.t.JMeterThread: Thread started: 流控效果，队列 1-77
2024-12-28 14:32:53,681 INFO o.a.j.t.JMeterThread: Thread is done: 流控效果，队列 1-52
2024-12-28 14:32:53,681 INFO o.a.j.t.JMeterThread: Thread finished: 流控效果，队列 1-52
2024-12-28 14:32:53,723 INFO o.a.j.t.JMeterThread: Thread started: 流控效果，队列 1-78
2024-12-28 14:32:53,772 INFO o.a.j.t.JMeterThread: Thread is done: 流控效果，队列 1-53
2024-12-28 14:32:53,772 INFO o.a.j.t.JMeterThread: Thread finished: 流控效果，队列 1-53
2024-12-28 14:32:53,789 INFO o.a.j.t.JMeterThread: Thread started: 流控效果，队列 1-79
2024-12-28 14:32:53,857 INFO o.a.j.t.JMeterThread: Thread started: 流控效果，队列 1-80
2024-12-28 14:32:53,878 INFO o.a.j.t.JMeterThread: Thread is done: 流控效果，队列 1-54
2024-12-28 14:32:53,878 INFO o.a.j.t.JMeterThread: Thread finished: 流控效果，队列 1-54
2024-12-28 14:32:53,924 INFO o.a.j.t.JMeterThread: Thread started: 流控效果，队列 1-81
2024-12-28 14:32:53,972 INFO o.a.j.t.JMeterThread: Thread is done: 流控效果，队列 1-55
2024-12-28 14:32:53,972 INFO o.a.j.t.JMeterThread: Thread finished: 流控效果，队列 1-55
2024-12-28 14:32:53,992 INFO o.a.j.t.JMeterThread: Thread started: 流控效果，队列 1-82
2024-12-28 14:32:54,058 INFO o.a.j.t.JMeterThread: Thread started: 流控效果，队列 1-83
2024-12-28 14:32:54,083 INFO o.a.j.t.JMeterThread: Thread is done: 流控效果，队列 1-56
2024-12-28 14:32:54,083 INFO o.a.j.t.JMeterThread: Thread finished: 流控效果，队列 1-56
2024-12-28 14:32:54,126 INFO o.a.j.t.JMeterThread: Thread started: 流控效果，队列 1-84
2024-12-28 14:32:54,180 INFO o.a.j.t.JMeterThread: Thread is done: 流控效果，队列 1-57
2024-12-28 14:32:54,180 INFO o.a.j.t.JMeterThread: Thread finished: 流控效果，队列 1-57
2024-12-28 14:32:54,193 INFO o.a.j.t.JMeterThread: Thread started: 流控效果，队列 1-85
2024-12-28 14:32:54,260 INFO o.a.j.t.JMeterThread: Thread started: 流控效果，队列 1-86
2024-12-28 14:32:54,273 INFO o.a.j.t.JMeterThread: Thread is done: 流控效果，队列 1-58
2024-12-28 14:32:54,273 INFO o.a.j.t.JMeterThread: Thread finished: 流控效果，队列 1-58
2024-12-28 14:32:54,327 INFO o.a.j.t.JMeterThread: Thread started: 流控效果，队列 1-87
2024-12-28 14:32:54,382 INFO o.a.j.t.JMeterThread: Thread is done: 流控效果，队列 1-59
2024-12-28 14:32:54,382 INFO o.a.j.t.JMeterThread: Thread finished: 流控效果，队列 1-59
2024-12-28 14:32:54,393 INFO o.a.j.t.JMeterThread: Thread started: 流控效果，队列 1-88
2024-12-28 14:32:54,460 INFO o.a.j.t.JMeterThread: Thread started: 流控效果，队列 1-89
2024-12-28 14:32:54,475 INFO o.a.j.t.JMeterThread: Thread is done: 流控效果，队列 1-60
2024-12-28 14:32:54,475 INFO o.a.j.t.JMeterThread: Thread finished: 流控效果，队列 1-60
2024-12-28 14:32:54,527 INFO o.a.j.t.JMeterThread: Thread started: 流控效果，队列 1-90
2024-12-28 14:32:54,574 INFO o.a.j.t.JMeterThread: Thread is done: 流控效果，队列 1-61
2024-12-28 14:32:54,574 INFO o.a.j.t.JMeterThread: Thread finished: 流控效果，队列 1-61
2024-12-28 14:32:54,597 INFO o.a.j.t.JMeterThread: Thread started: 流控效果，队列 1-91
2024-12-28 14:32:54,661 INFO o.a.j.t.JMeterThread: Thread started: 流控效果，队列 1-92
2024-12-28 14:32:54,683 INFO o.a.j.t.JMeterThread: Thread is done: 流控效果，队列 1-62
2024-12-28 14:32:54,683 INFO o.a.j.t.JMeterThread: Thread finished: 流控效果，队列 1-62
2024-12-28 14:32:54,728 INFO o.a.j.t.JMeterThread: Thread started: 流控效果，队列 1-93
2024-12-28 14:32:54,774 INFO o.a.j.t.JMeterThread: Thread is done: 流控效果，队列 1-63
2024-12-28 14:32:54,774 INFO o.a.j.t.JMeterThread: Thread finished: 流控效果，队列 1-63
2024-12-28 14:32:54,797 INFO o.a.j.t.JMeterThread: Thread started: 流控效果，队列 1-94
2024-12-28 14:32:54,861 INFO o.a.j.t.JMeterThread: Thread started: 流控效果，队列 1-95
2024-12-28 14:32:54,882 INFO o.a.j.t.JMeterThread: Thread is done: 流控效果，队列 1-64
2024-12-28 14:32:54,882 INFO o.a.j.t.JMeterThread: Thread finished: 流控效果，队列 1-64
2024-12-28 14:32:54,929 INFO o.a.j.t.JMeterThread: Thread started: 流控效果，队列 1-96
2024-12-28 14:32:54,977 INFO o.a.j.t.JMeterThread: Thread is done: 流控效果，队列 1-65
2024-12-28 14:32:54,977 INFO o.a.j.t.JMeterThread: Thread finished: 流控效果，队列 1-65
2024-12-28 14:32:54,995 INFO o.a.j.t.JMeterThread: Thread started: 流控效果，队列 1-97
2024-12-28 14:32:55,062 INFO o.a.j.t.JMeterThread: Thread started: 流控效果，队列 1-98
2024-12-28 14:32:55,085 INFO o.a.j.t.JMeterThread: Thread is done: 流控效果，队列 1-66
2024-12-28 14:32:55,085 INFO o.a.j.t.JMeterThread: Thread finished: 流控效果，队列 1-66
2024-12-28 14:32:55,129 INFO o.a.j.t.JMeterThread: Thread started: 流控效果，队列 1-99
2024-12-28 14:32:55,182 INFO o.a.j.t.JMeterThread: Thread is done: 流控效果，队列 1-67
2024-12-28 14:32:55,182 INFO o.a.j.t.JMeterThread: Thread finished: 流控效果，队列 1-67
2024-12-28 14:32:55,198 INFO o.a.j.t.JMeterThread: Thread started: 流控效果，队列 1-100
2024-12-28 14:32:55,264 INFO o.a.j.t.JMeterThread: Thread started: 流控效果，队列 1-101
2024-12-28 14:32:55,276 INFO o.a.j.t.JMeterThread: Thread is done: 流控效果，队列 1-68
2024-12-28 14:32:55,276 INFO o.a.j.t.JMeterThread: Thread finished: 流控效果，队列 1-68
2024-12-28 14:32:55,331 INFO o.a.j.t.JMeterThread: Thread started: 流控效果，队列 1-102
2024-12-28 14:32:55,387 INFO o.a.j.t.JMeterThread: Thread is done: 流控效果，队列 1-69
2024-12-28 14:32:55,387 INFO o.a.j.t.JMeterThread: Thread finished: 流控效果，队列 1-69
2024-12-28 14:32:55,397 INFO o.a.j.t.JMeterThread: Thread started: 流控效果，队列 1-103
2024-12-28 14:32:55,464 INFO o.a.j.t.JMeterThread: Thread started: 流控效果，队列 1-104
2024-12-28 14:32:55,479 INFO o.a.j.t.JMeterThread: Thread is done: 流控效果，队列 1-70
2024-12-28 14:32:55,480 INFO o.a.j.t.JMeterThread: Thread finished: 流控效果，队列 1-70
2024-12-28 14:32:55,531 INFO o.a.j.t.JMeterThread: Thread started: 流控效果，队列 1-105
2024-12-28 14:32:55,572 INFO o.a.j.t.JMeterThread: Thread is done: 流控效果，队列 1-71
2024-12-28 14:32:55,572 INFO o.a.j.t.JMeterThread: Thread finished: 流控效果，队列 1-71
2024-12-28 14:32:55,599 INFO o.a.j.t.JMeterThread: Thread started: 流控效果，队列 1-106
2024-12-28 14:32:55,666 INFO o.a.j.t.JMeterThread: Thread started: 流控效果，队列 1-107
2024-12-28 14:32:55,683 INFO o.a.j.t.JMeterThread: Thread is done: 流控效果，队列 1-72
2024-12-28 14:32:55,683 INFO o.a.j.t.JMeterThread: Thread finished: 流控效果，队列 1-72
2024-12-28 14:32:55,733 INFO o.a.j.t.JMeterThread: Thread started: 流控效果，队列 1-108
2024-12-28 14:32:55,778 INFO o.a.j.t.JMeterThread: Thread is done: 流控效果，队列 1-73
2024-12-28 14:32:55,778 INFO o.a.j.t.JMeterThread: Thread finished: 流控效果，队列 1-73
2024-12-28 14:32:55,800 INFO o.a.j.t.JMeterThread: Thread started: 流控效果，队列 1-109
2024-12-28 14:32:55,866 INFO o.a.j.t.JMeterThread: Thread started: 流控效果，队列 1-110
2024-12-28 14:32:55,873 INFO o.a.j.t.JMeterThread: Thread is done: 流控效果，队列 1-74
2024-12-28 14:32:55,873 INFO o.a.j.t.JMeterThread: Thread finished: 流控效果，队列 1-74
2024-12-28 14:32:55,934 INFO o.a.j.t.JMeterThread: Thread started: 流控效果，队列 1-111
2024-12-28 14:32:55,981 INFO o.a.j.t.JMeterThread: Thread is done: 流控效果，队列 1-75
2024-12-28 14:32:55,981 INFO o.a.j.t.JMeterThread: Thread finished: 流控效果，队列 1-75
2024-12-28 14:32:56,002 INFO o.a.j.t.JMeterThread: Thread started: 流控效果，队列 1-112
2024-12-28 14:32:56,068 INFO o.a.j.t.JMeterThread: Thread started: 流控效果，队列 1-113
2024-12-28 14:32:56,073 INFO o.a.j.t.JMeterThread: Thread is done: 流控效果，队列 1-76
2024-12-28 14:32:56,073 INFO o.a.j.t.JMeterThread: Thread finished: 流控效果，队列 1-76
2024-12-28 14:32:56,136 INFO o.a.j.t.JMeterThread: Thread started: 流控效果，队列 1-114
2024-12-28 14:32:56,185 INFO o.a.j.t.JMeterThread: Thread is done: 流控效果，队列 1-77
2024-12-28 14:32:56,185 INFO o.a.j.t.JMeterThread: Thread finished: 流控效果，队列 1-77
2024-12-28 14:32:56,202 INFO o.a.j.t.JMeterThread: Thread started: 流控效果，队列 1-115
2024-12-28 14:32:56,270 INFO o.a.j.t.JMeterThread: Thread started: 流控效果，队列 1-116
2024-12-28 14:32:56,277 INFO o.a.j.t.JMeterThread: Thread is done: 流控效果，队列 1-78
2024-12-28 14:32:56,277 INFO o.a.j.t.JMeterThread: Thread finished: 流控效果，队列 1-78
2024-12-28 14:32:56,335 INFO o.a.j.t.JMeterThread: Thread started: 流控效果，队列 1-117
2024-12-28 14:32:56,374 INFO o.a.j.t.JMeterThread: Thread is done: 流控效果，队列 1-79
2024-12-28 14:32:56,374 INFO o.a.j.t.JMeterThread: Thread finished: 流控效果，队列 1-79
2024-12-28 14:32:56,403 INFO o.a.j.t.JMeterThread: Thread started: 流控效果，队列 1-118
2024-12-28 14:32:56,470 INFO o.a.j.t.JMeterThread: Thread started: 流控效果，队列 1-119
2024-12-28 14:32:56,482 INFO o.a.j.t.JMeterThread: Thread is done: 流控效果，队列 1-80
2024-12-28 14:32:56,482 INFO o.a.j.t.JMeterThread: Thread finished: 流控效果，队列 1-80
2024-12-28 14:32:56,537 INFO o.a.j.t.JMeterThread: Thread started: 流控效果，队列 1-120
2024-12-28 14:32:56,570 INFO o.a.j.t.JMeterThread: Thread is done: 流控效果，队列 1-81
2024-12-28 14:32:56,570 INFO o.a.j.t.JMeterThread: Thread finished: 流控效果，队列 1-81
2024-12-28 14:32:56,604 INFO o.a.j.t.JMeterThread: Thread started: 流控效果，队列 1-121
2024-12-28 14:32:56,671 INFO o.a.j.t.JMeterThread: Thread started: 流控效果，队列 1-122
2024-12-28 14:32:56,680 INFO o.a.j.t.JMeterThread: Thread is done: 流控效果，队列 1-82
2024-12-28 14:32:56,680 INFO o.a.j.t.JMeterThread: Thread finished: 流控效果，队列 1-82
2024-12-28 14:32:56,737 INFO o.a.j.t.JMeterThread: Thread started: 流控效果，队列 1-123
2024-12-28 14:32:56,775 INFO o.a.j.t.JMeterThread: Thread is done: 流控效果，队列 1-83
2024-12-28 14:32:56,775 INFO o.a.j.t.JMeterThread: Thread finished: 流控效果，队列 1-83
2024-12-28 14:32:56,804 INFO o.a.j.t.JMeterThread: Thread started: 流控效果，队列 1-124
2024-12-28 14:32:56,871 INFO o.a.j.t.JMeterThread: Thread started: 流控效果，队列 1-125
2024-12-28 14:32:56,884 INFO o.a.j.t.JMeterThread: Thread is done: 流控效果，队列 1-84
2024-12-28 14:32:56,884 INFO o.a.j.t.JMeterThread: Thread finished: 流控效果，队列 1-84
2024-12-28 14:32:56,940 INFO o.a.j.t.JMeterThread: Thread started: 流控效果，队列 1-126
2024-12-28 14:32:56,979 INFO o.a.j.t.JMeterThread: Thread is done: 流控效果，队列 1-85
2024-12-28 14:32:56,979 INFO o.a.j.t.JMeterThread: Thread finished: 流控效果，队列 1-85
2024-12-28 14:32:57,007 INFO o.a.j.t.JMeterThread: Thread started: 流控效果，队列 1-127
2024-12-28 14:32:57,074 INFO o.a.j.t.JMeterThread: Thread started: 流控效果，队列 1-128
2024-12-28 14:32:57,075 INFO o.a.j.t.JMeterThread: Thread is done: 流控效果，队列 1-86
2024-12-28 14:32:57,075 INFO o.a.j.t.JMeterThread: Thread finished: 流控效果，队列 1-86
2024-12-28 14:32:57,140 INFO o.a.j.t.JMeterThread: Thread started: 流控效果，队列 1-129
2024-12-28 14:32:57,180 INFO o.a.j.t.JMeterThread: Thread is done: 流控效果，队列 1-87
2024-12-28 14:32:57,180 INFO o.a.j.t.JMeterThread: Thread finished: 流控效果，队列 1-87
2024-12-28 14:32:57,210 INFO o.a.j.t.JMeterThread: Thread started: 流控效果，队列 1-130
2024-12-28 14:32:57,274 INFO o.a.j.t.JMeterThread: Thread started: 流控效果，队列 1-131
2024-12-28 14:32:57,278 INFO o.a.j.t.JMeterThread: Thread is done: 流控效果，队列 1-88
2024-12-28 14:32:57,278 INFO o.a.j.t.JMeterThread: Thread finished: 流控效果，队列 1-88
2024-12-28 14:32:57,341 INFO o.a.j.t.JMeterThread: Thread started: 流控效果，队列 1-132
2024-12-28 14:32:57,384 INFO o.a.j.t.JMeterThread: Thread is done: 流控效果，队列 1-89
2024-12-28 14:32:57,384 INFO o.a.j.t.JMeterThread: Thread finished: 流控效果，队列 1-89
2024-12-28 14:32:57,410 INFO o.a.j.t.JMeterThread: Thread started: 流控效果，队列 1-133
2024-12-28 14:32:57,475 INFO o.a.j.t.JMeterThread: Thread started: 流控效果，队列 1-134
2024-12-28 14:32:57,475 INFO o.a.j.t.JMeterThread: Thread is done: 流控效果，队列 1-90
2024-12-28 14:32:57,475 INFO o.a.j.t.JMeterThread: Thread finished: 流控效果，队列 1-90
2024-12-28 14:32:57,541 INFO o.a.j.t.JMeterThread: Thread started: 流控效果，队列 1-135
2024-12-28 14:32:57,572 INFO o.a.j.t.JMeterThread: Thread is done: 流控效果，队列 1-91
2024-12-28 14:32:57,572 INFO o.a.j.t.JMeterThread: Thread finished: 流控效果，队列 1-91
2024-12-28 14:32:57,608 INFO o.a.j.t.JMeterThread: Thread started: 流控效果，队列 1-136
2024-12-28 14:32:57,675 INFO o.a.j.t.JMeterThread: Thread started: 流控效果，队列 1-137
2024-12-28 14:32:57,679 INFO o.a.j.t.JMeterThread: Thread is done: 流控效果，队列 1-92
2024-12-28 14:32:57,680 INFO o.a.j.t.JMeterThread: Thread finished: 流控效果，队列 1-92
2024-12-28 14:32:57,743 INFO o.a.j.t.JMeterThread: Thread started: 流控效果，队列 1-138
2024-12-28 14:32:57,773 INFO o.a.j.t.JMeterThread: Thread is done: 流控效果，队列 1-93
2024-12-28 14:32:57,773 INFO o.a.j.t.JMeterThread: Thread finished: 流控效果，队列 1-93
2024-12-28 14:32:57,811 INFO o.a.j.t.JMeterThread: Thread started: 流控效果，队列 1-139
2024-12-28 14:32:57,877 INFO o.a.j.t.JMeterThread: Thread started: 流控效果，队列 1-140
2024-12-28 14:32:57,883 INFO o.a.j.t.JMeterThread: Thread is done: 流控效果，队列 1-94
2024-12-28 14:32:57,883 INFO o.a.j.t.JMeterThread: Thread finished: 流控效果，队列 1-94
2024-12-28 14:32:57,945 INFO o.a.j.t.JMeterThread: Thread started: 流控效果，队列 1-141
2024-12-28 14:32:57,977 INFO o.a.j.t.JMeterThread: Thread is done: 流控效果，队列 1-95
2024-12-28 14:32:57,977 INFO o.a.j.t.JMeterThread: Thread finished: 流控效果，队列 1-95
2024-12-28 14:32:58,014 INFO o.a.j.t.JMeterThread: Thread started: 流控效果，队列 1-142
2024-12-28 14:32:58,078 INFO o.a.j.t.JMeterThread: Thread started: 流控效果，队列 1-143
2024-12-28 14:32:58,086 INFO o.a.j.t.JMeterThread: Thread is done: 流控效果，队列 1-96
2024-12-28 14:32:58,086 INFO o.a.j.t.JMeterThread: Thread finished: 流控效果，队列 1-96
2024-12-28 14:32:58,145 INFO o.a.j.t.JMeterThread: Thread started: 流控效果，队列 1-144
2024-12-28 14:32:58,179 INFO o.a.j.t.JMeterThread: Thread is done: 流控效果，队列 1-97
2024-12-28 14:32:58,180 INFO o.a.j.t.JMeterThread: Thread finished: 流控效果，队列 1-97
2024-12-28 14:32:58,214 INFO o.a.j.t.JMeterThread: Thread started: 流控效果，队列 1-145
2024-12-28 14:32:58,274 INFO o.a.j.t.JMeterThread: Thread is done: 流控效果，队列 1-98
2024-12-28 14:32:58,274 INFO o.a.j.t.JMeterThread: Thread finished: 流控效果，队列 1-98
2024-12-28 14:32:58,281 INFO o.a.j.t.JMeterThread: Thread started: 流控效果，队列 1-146
2024-12-28 14:32:58,348 INFO o.a.j.t.JMeterThread: Thread started: 流控效果，队列 1-147
2024-12-28 14:32:58,383 INFO o.a.j.t.JMeterThread: Thread is done: 流控效果，队列 1-99
2024-12-28 14:32:58,383 INFO o.a.j.t.JMeterThread: Thread finished: 流控效果，队列 1-99
2024-12-28 14:32:58,413 INFO o.a.j.t.JMeterThread: Thread started: 流控效果，队列 1-148
2024-12-28 14:32:58,477 INFO o.a.j.t.JMeterThread: Thread is done: 流控效果，队列 1-100
2024-12-28 14:32:58,477 INFO o.a.j.t.JMeterThread: Thread finished: 流控效果，队列 1-100
2024-12-28 14:32:58,480 INFO o.a.j.t.JMeterThread: Thread started: 流控效果，队列 1-149
2024-12-28 14:32:58,546 INFO o.a.j.t.JMeterThread: Thread started: 流控效果，队列 1-150
2024-12-28 14:32:58,570 INFO o.a.j.t.JMeterThread: Thread is done: 流控效果，队列 1-101
2024-12-28 14:32:58,570 INFO o.a.j.t.JMeterThread: Thread finished: 流控效果，队列 1-101
2024-12-28 14:32:58,614 INFO o.a.j.t.JMeterThread: Thread started: 流控效果，队列 1-151
2024-12-28 14:32:58,681 INFO o.a.j.t.JMeterThread: Thread started: 流控效果，队列 1-152
2024-12-28 14:32:58,683 INFO o.a.j.t.JMeterThread: Thread is done: 流控效果，队列 1-102
2024-12-28 14:32:58,683 INFO o.a.j.t.JMeterThread: Thread finished: 流控效果，队列 1-102
2024-12-28 14:32:58,748 INFO o.a.j.t.JMeterThread: Thread started: 流控效果，队列 1-153
2024-12-28 14:32:58,749 INFO o.a.j.t.JMeterThread: Thread is done: 流控效果，队列 1-153
2024-12-28 14:32:58,750 INFO o.a.j.t.JMeterThread: Thread finished: 流控效果，队列 1-153
2024-12-28 14:32:58,775 INFO o.a.j.t.JMeterThread: Thread is done: 流控效果，队列 1-103
2024-12-28 14:32:58,775 INFO o.a.j.t.JMeterThread: Thread finished: 流控效果，队列 1-103
2024-12-28 14:32:58,815 INFO o.a.j.t.JMeterThread: Thread started: 流控效果，队列 1-154
2024-12-28 14:32:58,881 INFO o.a.j.t.JMeterThread: Thread started: 流控效果，队列 1-155
2024-12-28 14:32:58,887 INFO o.a.j.t.JMeterThread: Thread is done: 流控效果，队列 1-104
2024-12-28 14:32:58,887 INFO o.a.j.t.JMeterThread: Thread finished: 流控效果，队列 1-104
2024-12-28 14:32:58,952 INFO o.a.j.t.JMeterThread: Thread started: 流控效果，队列 1-156
2024-12-28 14:32:58,954 INFO o.a.j.t.JMeterThread: Thread is done: 流控效果，队列 1-156
2024-12-28 14:32:58,954 INFO o.a.j.t.JMeterThread: Thread finished: 流控效果，队列 1-156
2024-12-28 14:32:58,976 INFO o.a.j.t.JMeterThread: Thread is done: 流控效果，队列 1-105
2024-12-28 14:32:58,976 INFO o.a.j.t.JMeterThread: Thread finished: 流控效果，队列 1-105
2024-12-28 14:32:59,016 INFO o.a.j.t.JMeterThread: Thread started: 流控效果，队列 1-157
2024-12-28 14:32:59,084 INFO o.a.j.t.JMeterThread: Thread started: 流控效果，队列 1-158
2024-12-28 14:32:59,084 INFO o.a.j.t.JMeterThread: Thread is done: 流控效果，队列 1-106
2024-12-28 14:32:59,084 INFO o.a.j.t.JMeterThread: Thread finished: 流控效果，队列 1-106
2024-12-28 14:32:59,149 INFO o.a.j.t.JMeterThread: Thread started: 流控效果，队列 1-159
2024-12-28 14:32:59,151 INFO o.a.j.t.JMeterThread: Thread is done: 流控效果，队列 1-159
2024-12-28 14:32:59,151 INFO o.a.j.t.JMeterThread: Thread finished: 流控效果，队列 1-159
2024-12-28 14:32:59,176 INFO o.a.j.t.JMeterThread: Thread is done: 流控效果，队列 1-107
2024-12-28 14:32:59,176 INFO o.a.j.t.JMeterThread: Thread finished: 流控效果，队列 1-107
2024-12-28 14:32:59,216 INFO o.a.j.t.JMeterThread: Thread started: 流控效果，队列 1-160
2024-12-28 14:32:59,283 INFO o.a.j.t.JMeterThread: Thread started: 流控效果，队列 1-161
2024-12-28 14:32:59,286 INFO o.a.j.t.JMeterThread: Thread is done: 流控效果，队列 1-108
2024-12-28 14:32:59,286 INFO o.a.j.t.JMeterThread: Thread finished: 流控效果，队列 1-108
2024-12-28 14:32:59,350 INFO o.a.j.t.JMeterThread: Thread started: 流控效果，队列 1-162
2024-12-28 14:32:59,351 INFO o.a.j.t.JMeterThread: Thread is done: 流控效果，队列 1-162
2024-12-28 14:32:59,351 INFO o.a.j.t.JMeterThread: Thread finished: 流控效果，队列 1-162
2024-12-28 14:32:59,379 INFO o.a.j.t.JMeterThread: Thread is done: 流控效果，队列 1-109
2024-12-28 14:32:59,379 INFO o.a.j.t.JMeterThread: Thread finished: 流控效果，队列 1-109
2024-12-28 14:32:59,418 INFO o.a.j.t.JMeterThread: Thread started: 流控效果，队列 1-163
2024-12-28 14:32:59,471 INFO o.a.j.t.JMeterThread: Thread is done: 流控效果，队列 1-110
2024-12-28 14:32:59,471 INFO o.a.j.t.JMeterThread: Thread finished: 流控效果，队列 1-110
2024-12-28 14:32:59,484 INFO o.a.j.t.JMeterThread: Thread started: 流控效果，队列 1-164
2024-12-28 14:32:59,551 INFO o.a.j.t.JMeterThread: Thread started: 流控效果，队列 1-165
2024-12-28 14:32:59,553 INFO o.a.j.t.JMeterThread: Thread is done: 流控效果，队列 1-165
2024-12-28 14:32:59,553 INFO o.a.j.t.JMeterThread: Thread finished: 流控效果，队列 1-165
2024-12-28 14:32:59,572 INFO o.a.j.t.JMeterThread: Thread is done: 流控效果，队列 1-111
2024-12-28 14:32:59,572 INFO o.a.j.t.JMeterThread: Thread finished: 流控效果，队列 1-111
2024-12-28 14:32:59,619 INFO o.a.j.t.JMeterThread: Thread started: 流控效果，队列 1-166
2024-12-28 14:32:59,679 INFO o.a.j.t.JMeterThread: Thread is done: 流控效果，队列 1-112
2024-12-28 14:32:59,679 INFO o.a.j.t.JMeterThread: Thread finished: 流控效果，队列 1-112
2024-12-28 14:32:59,686 INFO o.a.j.t.JMeterThread: Thread started: 流控效果，队列 1-167
2024-12-28 14:32:59,753 INFO o.a.j.t.JMeterThread: Thread started: 流控效果，队列 1-168
2024-12-28 14:32:59,754 INFO o.a.j.t.JMeterThread: Thread is done: 流控效果，队列 1-168
2024-12-28 14:32:59,754 INFO o.a.j.t.JMeterThread: Thread finished: 流控效果，队列 1-168
2024-12-28 14:32:59,773 INFO o.a.j.t.JMeterThread: Thread is done: 流控效果，队列 1-113
2024-12-28 14:32:59,773 INFO o.a.j.t.JMeterThread: Thread finished: 流控效果，队列 1-113
2024-12-28 14:32:59,820 INFO o.a.j.t.JMeterThread: Thread started: 流控效果，队列 1-169
2024-12-28 14:32:59,880 INFO o.a.j.t.JMeterThread: Thread is done: 流控效果，队列 1-114
2024-12-28 14:32:59,880 INFO o.a.j.t.JMeterThread: Thread finished: 流控效果，队列 1-114
2024-12-28 14:32:59,889 INFO o.a.j.t.JMeterThread: Thread started: 流控效果，队列 1-170
2024-12-28 14:32:59,954 INFO o.a.j.t.JMeterThread: Thread started: 流控效果，队列 1-171
2024-12-28 14:32:59,955 INFO o.a.j.t.JMeterThread: Thread is done: 流控效果，队列 1-171
2024-12-28 14:32:59,955 INFO o.a.j.t.JMeterThread: Thread finished: 流控效果，队列 1-171
2024-12-28 14:32:59,973 INFO o.a.j.t.JMeterThread: Thread is done: 流控效果，队列 1-115
2024-12-28 14:32:59,973 INFO o.a.j.t.JMeterThread: Thread finished: 流控效果，队列 1-115
2024-12-28 14:33:00,022 INFO o.a.j.t.JMeterThread: Thread started: 流控效果，队列 1-172
2024-12-28 14:33:00,082 INFO o.a.j.t.JMeterThread: Thread is done: 流控效果，队列 1-116
2024-12-28 14:33:00,082 INFO o.a.j.t.JMeterThread: Thread finished: 流控效果，队列 1-116
2024-12-28 14:33:00,088 INFO o.a.j.t.JMeterThread: Thread started: 流控效果，队列 1-173
2024-12-28 14:33:00,155 INFO o.a.j.t.JMeterThread: Thread started: 流控效果，队列 1-174
2024-12-28 14:33:00,156 INFO o.a.j.t.JMeterThread: Thread is done: 流控效果，队列 1-174
2024-12-28 14:33:00,157 INFO o.a.j.t.JMeterThread: Thread finished: 流控效果，队列 1-174
2024-12-28 14:33:00,176 INFO o.a.j.t.JMeterThread: Thread is done: 流控效果，队列 1-117
2024-12-28 14:33:00,176 INFO o.a.j.t.JMeterThread: Thread finished: 流控效果，队列 1-117
2024-12-28 14:33:00,224 INFO o.a.j.t.JMeterThread: Thread started: 流控效果，队列 1-175
2024-12-28 14:33:00,270 INFO o.a.j.t.JMeterThread: Thread is done: 流控效果，队列 1-118
2024-12-28 14:33:00,270 INFO o.a.j.t.JMeterThread: Thread finished: 流控效果，队列 1-118
2024-12-28 14:33:00,289 INFO o.a.j.t.JMeterThread: Thread started: 流控效果，队列 1-176
2024-12-28 14:33:00,356 INFO o.a.j.t.JMeterThread: Thread started: 流控效果，队列 1-177
2024-12-28 14:33:00,357 INFO o.a.j.t.JMeterThread: Thread is done: 流控效果，队列 1-177
2024-12-28 14:33:00,357 INFO o.a.j.t.JMeterThread: Thread finished: 流控效果，队列 1-177
2024-12-28 14:33:00,379 INFO o.a.j.t.JMeterThread: Thread is done: 流控效果，队列 1-119
2024-12-28 14:33:00,379 INFO o.a.j.t.JMeterThread: Thread finished: 流控效果，队列 1-119
2024-12-28 14:33:00,423 INFO o.a.j.t.JMeterThread: Thread started: 流控效果，队列 1-178
2024-12-28 14:33:00,471 INFO o.a.j.t.JMeterThread: Thread is done: 流控效果，队列 1-120
2024-12-28 14:33:00,471 INFO o.a.j.t.JMeterThread: Thread finished: 流控效果，队列 1-120
2024-12-28 14:33:00,490 INFO o.a.j.t.JMeterThread: Thread started: 流控效果，队列 1-179
2024-12-28 14:33:00,560 INFO o.a.j.t.JMeterThread: Thread started: 流控效果，队列 1-180
2024-12-28 14:33:00,561 INFO o.a.j.t.JMeterThread: Thread is done: 流控效果，队列 1-180
2024-12-28 14:33:00,561 INFO o.a.j.t.JMeterThread: Thread finished: 流控效果，队列 1-180
2024-12-28 14:33:00,570 INFO o.a.j.t.JMeterThread: Thread is done: 流控效果，队列 1-121
2024-12-28 14:33:00,570 INFO o.a.j.t.JMeterThread: Thread finished: 流控效果，队列 1-121
2024-12-28 14:33:00,623 INFO o.a.j.t.JMeterThread: Thread started: 流控效果，队列 1-181
2024-12-28 14:33:00,679 INFO o.a.j.t.JMeterThread: Thread is done: 流控效果，队列 1-122
2024-12-28 14:33:00,679 INFO o.a.j.t.JMeterThread: Thread finished: 流控效果，队列 1-122
2024-12-28 14:33:00,690 INFO o.a.j.t.JMeterThread: Thread started: 流控效果，队列 1-182
2024-12-28 14:33:00,761 INFO o.a.j.t.JMeterThread: Thread started: 流控效果，队列 1-183
2024-12-28 14:33:00,762 INFO o.a.j.t.JMeterThread: Thread is done: 流控效果，队列 1-183
2024-12-28 14:33:00,762 INFO o.a.j.t.JMeterThread: Thread finished: 流控效果，队列 1-183
2024-12-28 14:33:00,773 INFO o.a.j.t.JMeterThread: Thread is done: 流控效果，队列 1-123
2024-12-28 14:33:00,773 INFO o.a.j.t.JMeterThread: Thread finished: 流控效果，队列 1-123
2024-12-28 14:33:00,825 INFO o.a.j.t.JMeterThread: Thread started: 流控效果，队列 1-184
2024-12-28 14:33:00,882 INFO o.a.j.t.JMeterThread: Thread is done: 流控效果，队列 1-124
2024-12-28 14:33:00,882 INFO o.a.j.t.JMeterThread: Thread finished: 流控效果，队列 1-124
2024-12-28 14:33:00,894 INFO o.a.j.t.JMeterThread: Thread started: 流控效果，队列 1-185
2024-12-28 14:33:00,959 INFO o.a.j.t.JMeterThread: Thread started: 流控效果，队列 1-186
2024-12-28 14:33:00,961 INFO o.a.j.t.JMeterThread: Thread is done: 流控效果，队列 1-186
2024-12-28 14:33:00,961 INFO o.a.j.t.JMeterThread: Thread finished: 流控效果，队列 1-186
2024-12-28 14:33:00,973 INFO o.a.j.t.JMeterThread: Thread is done: 流控效果，队列 1-125
2024-12-28 14:33:00,973 INFO o.a.j.t.JMeterThread: Thread finished: 流控效果，队列 1-125
2024-12-28 14:33:01,025 INFO o.a.j.t.JMeterThread: Thread started: 流控效果，队列 1-187
2024-12-28 14:33:01,083 INFO o.a.j.t.JMeterThread: Thread is done: 流控效果，队列 1-126
2024-12-28 14:33:01,083 INFO o.a.j.t.JMeterThread: Thread finished: 流控效果，队列 1-126
2024-12-28 14:33:01,093 INFO o.a.j.t.JMeterThread: Thread started: 流控效果，队列 1-188
2024-12-28 14:33:01,162 INFO o.a.j.t.JMeterThread: Thread started: 流控效果，队列 1-189
2024-12-28 14:33:01,164 INFO o.a.j.t.JMeterThread: Thread is done: 流控效果，队列 1-189
2024-12-28 14:33:01,164 INFO o.a.j.t.JMeterThread: Thread finished: 流控效果，队列 1-189
2024-12-28 14:33:01,174 INFO o.a.j.t.JMeterThread: Thread is done: 流控效果，队列 1-127
2024-12-28 14:33:01,174 INFO o.a.j.t.JMeterThread: Thread finished: 流控效果，队列 1-127
2024-12-28 14:33:01,226 INFO o.a.j.t.JMeterThread: Thread started: 流控效果，队列 1-190
2024-12-28 14:33:01,282 INFO o.a.j.t.JMeterThread: Thread is done: 流控效果，队列 1-128
2024-12-28 14:33:01,282 INFO o.a.j.t.JMeterThread: Thread finished: 流控效果，队列 1-128
2024-12-28 14:33:01,293 INFO o.a.j.t.JMeterThread: Thread started: 流控效果，队列 1-191
2024-12-28 14:33:01,360 INFO o.a.j.t.JMeterThread: Thread started: 流控效果，队列 1-192
2024-12-28 14:33:01,361 INFO o.a.j.t.JMeterThread: Thread is done: 流控效果，队列 1-192
2024-12-28 14:33:01,361 INFO o.a.j.t.JMeterThread: Thread finished: 流控效果，队列 1-192
2024-12-28 14:33:01,376 INFO o.a.j.t.JMeterThread: Thread is done: 流控效果，队列 1-129
2024-12-28 14:33:01,377 INFO o.a.j.t.JMeterThread: Thread finished: 流控效果，队列 1-129
2024-12-28 14:33:01,428 INFO o.a.j.t.JMeterThread: Thread started: 流控效果，队列 1-193
2024-12-28 14:33:01,485 INFO o.a.j.t.JMeterThread: Thread is done: 流控效果，队列 1-130
2024-12-28 14:33:01,485 INFO o.a.j.t.JMeterThread: Thread finished: 流控效果，队列 1-130
2024-12-28 14:33:01,495 INFO o.a.j.t.JMeterThread: Thread started: 流控效果，队列 1-194
2024-12-28 14:33:01,562 INFO o.a.j.t.JMeterThread: Thread started: 流控效果，队列 1-195
2024-12-28 14:33:01,564 INFO o.a.j.t.JMeterThread: Thread is done: 流控效果，队列 1-195
2024-12-28 14:33:01,564 INFO o.a.j.t.JMeterThread: Thread finished: 流控效果，队列 1-195
2024-12-28 14:33:01,571 INFO o.a.j.t.JMeterThread: Thread is done: 流控效果，队列 1-131
2024-12-28 14:33:01,571 INFO o.a.j.t.JMeterThread: Thread finished: 流控效果，队列 1-131
2024-12-28 14:33:01,628 INFO o.a.j.t.JMeterThread: Thread started: 流控效果，队列 1-196
2024-12-28 14:33:01,680 INFO o.a.j.t.JMeterThread: Thread is done: 流控效果，队列 1-132
2024-12-28 14:33:01,680 INFO o.a.j.t.JMeterThread: Thread finished: 流控效果，队列 1-132
2024-12-28 14:33:01,696 INFO o.a.j.t.JMeterThread: Thread started: 流控效果，队列 1-197
2024-12-28 14:33:01,763 INFO o.a.j.t.JMeterThread: Thread started: 流控效果，队列 1-198
2024-12-28 14:33:01,764 INFO o.a.j.t.JMeterThread: Thread is done: 流控效果，队列 1-198
2024-12-28 14:33:01,764 INFO o.a.j.t.JMeterThread: Thread finished: 流控效果，队列 1-198
2024-12-28 14:33:01,775 INFO o.a.j.t.JMeterThread: Thread is done: 流控效果，队列 1-133
2024-12-28 14:33:01,775 INFO o.a.j.t.JMeterThread: Thread finished: 流控效果，队列 1-133
2024-12-28 14:33:01,829 INFO o.a.j.t.JMeterThread: Thread started: 流控效果，队列 1-199
2024-12-28 14:33:01,883 INFO o.a.j.t.JMeterThread: Thread is done: 流控效果，队列 1-134
2024-12-28 14:33:01,883 INFO o.a.j.t.JMeterThread: Thread finished: 流控效果，队列 1-134
2024-12-28 14:33:01,897 INFO o.a.j.t.JMeterThread: Thread started: 流控效果，队列 1-200
2024-12-28 14:33:01,964 INFO o.a.j.t.JMeterThread: Thread started: 流控效果，队列 1-201
2024-12-28 14:33:01,965 INFO o.a.j.t.JMeterThread: Thread is done: 流控效果，队列 1-201
2024-12-28 14:33:01,965 INFO o.a.j.t.JMeterThread: Thread finished: 流控效果，队列 1-201
2024-12-28 14:33:01,975 INFO o.a.j.t.JMeterThread: Thread is done: 流控效果，队列 1-135
2024-12-28 14:33:01,975 INFO o.a.j.t.JMeterThread: Thread finished: 流控效果，队列 1-135
2024-12-28 14:33:02,033 INFO o.a.j.t.JMeterThread: Thread started: 流控效果，队列 1-202
2024-12-28 14:33:02,083 INFO o.a.j.t.JMeterThread: Thread is done: 流控效果，队列 1-136
2024-12-28 14:33:02,083 INFO o.a.j.t.JMeterThread: Thread finished: 流控效果，队列 1-136
2024-12-28 14:33:02,099 INFO o.a.j.t.JMeterThread: Thread started: 流控效果，队列 1-203
2024-12-28 14:33:02,166 INFO o.a.j.t.JMeterThread: Thread started: 流控效果，队列 1-204
2024-12-28 14:33:02,179 INFO o.a.j.t.JMeterThread: Thread is done: 流控效果，队列 1-137
2024-12-28 14:33:02,180 INFO o.a.j.t.JMeterThread: Thread finished: 流控效果，队列 1-137
2024-12-28 14:33:02,233 INFO o.a.j.t.JMeterThread: Thread started: 流控效果，队列 1-205
2024-12-28 14:33:02,235 INFO o.a.j.t.JMeterThread: Thread is done: 流控效果，队列 1-205
2024-12-28 14:33:02,235 INFO o.a.j.t.JMeterThread: Thread finished: 流控效果，队列 1-205
2024-12-28 14:33:02,273 INFO o.a.j.t.JMeterThread: Thread is done: 流控效果，队列 1-138
2024-12-28 14:33:02,273 INFO o.a.j.t.JMeterThread: Thread finished: 流控效果，队列 1-138
2024-12-28 14:33:02,299 INFO o.a.j.t.JMeterThread: Thread started: 流控效果，队列 1-206
2024-12-28 14:33:02,367 INFO o.a.j.t.JMeterThread: Thread started: 流控效果，队列 1-207
2024-12-28 14:33:02,382 INFO o.a.j.t.JMeterThread: Thread is done: 流控效果，队列 1-139
2024-12-28 14:33:02,382 INFO o.a.j.t.JMeterThread: Thread finished: 流控效果，队列 1-139
2024-12-28 14:33:02,434 INFO o.a.j.t.JMeterThread: Thread started: 流控效果，队列 1-208
2024-12-28 14:33:02,436 INFO o.a.j.t.JMeterThread: Thread is done: 流控效果，队列 1-208
2024-12-28 14:33:02,436 INFO o.a.j.t.JMeterThread: Thread finished: 流控效果，队列 1-208
2024-12-28 14:33:02,474 INFO o.a.j.t.JMeterThread: Thread is done: 流控效果，队列 1-140
2024-12-28 14:33:02,474 INFO o.a.j.t.JMeterThread: Thread finished: 流控效果，队列 1-140
2024-12-28 14:33:02,499 INFO o.a.j.t.JMeterThread: Thread started: 流控效果，队列 1-209
2024-12-28 14:33:02,566 INFO o.a.j.t.JMeterThread: Thread started: 流控效果，队列 1-210
2024-12-28 14:33:02,570 INFO o.a.j.t.JMeterThread: Thread is done: 流控效果，队列 1-141
2024-12-28 14:33:02,570 INFO o.a.j.t.JMeterThread: Thread finished: 流控效果，队列 1-141
2024-12-28 14:33:02,634 INFO o.a.j.t.JMeterThread: Thread started: 流控效果，队列 1-211
2024-12-28 14:33:02,636 INFO o.a.j.t.JMeterThread: Thread is done: 流控效果，队列 1-211
2024-12-28 14:33:02,636 INFO o.a.j.t.JMeterThread: Thread finished: 流控效果，队列 1-211
2024-12-28 14:33:02,678 INFO o.a.j.t.JMeterThread: Thread is done: 流控效果，队列 1-142
2024-12-28 14:33:02,678 INFO o.a.j.t.JMeterThread: Thread finished: 流控效果，队列 1-142
2024-12-28 14:33:02,701 INFO o.a.j.t.JMeterThread: Thread started: 流控效果，队列 1-212
2024-12-28 14:33:02,768 INFO o.a.j.t.JMeterThread: Thread started: 流控效果，队列 1-213
2024-12-28 14:33:02,772 INFO o.a.j.t.JMeterThread: Thread is done: 流控效果，队列 1-143
2024-12-28 14:33:02,772 INFO o.a.j.t.JMeterThread: Thread finished: 流控效果，队列 1-143
2024-12-28 14:33:02,835 INFO o.a.j.t.JMeterThread: Thread started: 流控效果，队列 1-214
2024-12-28 14:33:02,836 INFO o.a.j.t.JMeterThread: Thread is done: 流控效果，队列 1-214
2024-12-28 14:33:02,836 INFO o.a.j.t.JMeterThread: Thread finished: 流控效果，队列 1-214
2024-12-28 14:33:02,880 INFO o.a.j.t.JMeterThread: Thread is done: 流控效果，队列 1-144
2024-12-28 14:33:02,880 INFO o.a.j.t.JMeterThread: Thread finished: 流控效果，队列 1-144
2024-12-28 14:33:02,902 INFO o.a.j.t.JMeterThread: Thread started: 流控效果，队列 1-215
2024-12-28 14:33:02,969 INFO o.a.j.t.JMeterThread: Thread started: 流控效果，队列 1-216
2024-12-28 14:33:02,972 INFO o.a.j.t.JMeterThread: Thread is done: 流控效果，队列 1-145
2024-12-28 14:33:02,972 INFO o.a.j.t.JMeterThread: Thread finished: 流控效果，队列 1-145
2024-12-28 14:33:03,036 INFO o.a.j.t.JMeterThread: Thread started: 流控效果，队列 1-217
2024-12-28 14:33:03,038 INFO o.a.j.t.JMeterThread: Thread is done: 流控效果，队列 1-217
2024-12-28 14:33:03,038 INFO o.a.j.t.JMeterThread: Thread finished: 流控效果，队列 1-217
2024-12-28 14:33:03,082 INFO o.a.j.t.JMeterThread: Thread is done: 流控效果，队列 1-146
2024-12-28 14:33:03,082 INFO o.a.j.t.JMeterThread: Thread finished: 流控效果，队列 1-146
2024-12-28 14:33:03,103 INFO o.a.j.t.JMeterThread: Thread started: 流控效果，队列 1-218
2024-12-28 14:33:03,170 INFO o.a.j.t.JMeterThread: Thread started: 流控效果，队列 1-219
2024-12-28 14:33:03,175 INFO o.a.j.t.JMeterThread: Thread is done: 流控效果，队列 1-147
2024-12-28 14:33:03,175 INFO o.a.j.t.JMeterThread: Thread finished: 流控效果，队列 1-147
2024-12-28 14:33:03,237 INFO o.a.j.t.JMeterThread: Thread started: 流控效果，队列 1-220
2024-12-28 14:33:03,239 INFO o.a.j.t.JMeterThread: Thread is done: 流控效果，队列 1-220
2024-12-28 14:33:03,239 INFO o.a.j.t.JMeterThread: Thread finished: 流控效果，队列 1-220
2024-12-28 14:33:03,285 INFO o.a.j.t.JMeterThread: Thread is done: 流控效果，队列 1-148
2024-12-28 14:33:03,285 INFO o.a.j.t.JMeterThread: Thread finished: 流控效果，队列 1-148
2024-12-28 14:33:03,303 INFO o.a.j.t.JMeterThread: Thread started: 流控效果，队列 1-221
2024-12-28 14:33:03,371 INFO o.a.j.t.JMeterThread: Thread started: 流控效果，队列 1-222
2024-12-28 14:33:03,377 INFO o.a.j.t.JMeterThread: Thread is done: 流控效果，队列 1-149
2024-12-28 14:33:03,377 INFO o.a.j.t.JMeterThread: Thread finished: 流控效果，队列 1-149
2024-12-28 14:33:03,439 INFO o.a.j.t.JMeterThread: Thread started: 流控效果，队列 1-223
2024-12-28 14:33:03,440 INFO o.a.j.t.JMeterThread: Thread is done: 流控效果，队列 1-223
2024-12-28 14:33:03,440 INFO o.a.j.t.JMeterThread: Thread finished: 流控效果，队列 1-223
2024-12-28 14:33:03,473 INFO o.a.j.t.JMeterThread: Thread is done: 流控效果，队列 1-150
2024-12-28 14:33:03,473 INFO o.a.j.t.JMeterThread: Thread finished: 流控效果，队列 1-150
2024-12-28 14:33:03,506 INFO o.a.j.t.JMeterThread: Thread started: 流控效果，队列 1-224
2024-12-28 14:33:03,571 INFO o.a.j.t.JMeterThread: Thread started: 流控效果，队列 1-225
2024-12-28 14:33:03,581 INFO o.a.j.t.JMeterThread: Thread is done: 流控效果，队列 1-151
2024-12-28 14:33:03,581 INFO o.a.j.t.JMeterThread: Thread finished: 流控效果，队列 1-151
2024-12-28 14:33:03,640 INFO o.a.j.t.JMeterThread: Thread started: 流控效果，队列 1-226
2024-12-28 14:33:03,641 INFO o.a.j.t.JMeterThread: Thread is done: 流控效果，队列 1-226
2024-12-28 14:33:03,641 INFO o.a.j.t.JMeterThread: Thread finished: 流控效果，队列 1-226
2024-12-28 14:33:03,682 INFO o.a.j.t.JMeterThread: Thread is done: 流控效果，队列 1-152
2024-12-28 14:33:03,682 INFO o.a.j.t.JMeterThread: Thread finished: 流控效果，队列 1-152
2024-12-28 14:33:03,706 INFO o.a.j.t.JMeterThread: Thread started: 流控效果，队列 1-227
2024-12-28 14:33:03,773 INFO o.a.j.t.JMeterThread: Thread started: 流控效果，队列 1-228
2024-12-28 14:33:03,778 INFO o.a.j.t.JMeterThread: Thread is done: 流控效果，队列 1-154
2024-12-28 14:33:03,778 INFO o.a.j.t.JMeterThread: Thread finished: 流控效果，队列 1-154
2024-12-28 14:33:03,840 INFO o.a.j.t.JMeterThread: Thread started: 流控效果，队列 1-229
2024-12-28 14:33:03,841 INFO o.a.j.t.JMeterThread: Thread is done: 流控效果，队列 1-229
2024-12-28 14:33:03,841 INFO o.a.j.t.JMeterThread: Thread finished: 流控效果，队列 1-229
2024-12-28 14:33:03,873 INFO o.a.j.t.JMeterThread: Thread is done: 流控效果，队列 1-155
2024-12-28 14:33:03,873 INFO o.a.j.t.JMeterThread: Thread finished: 流控效果，队列 1-155
2024-12-28 14:33:03,907 INFO o.a.j.t.JMeterThread: Thread started: 流控效果，队列 1-230
2024-12-28 14:33:03,974 INFO o.a.j.t.JMeterThread: Thread started: 流控效果，队列 1-231
2024-12-28 14:33:03,981 INFO o.a.j.t.JMeterThread: Thread is done: 流控效果，队列 1-157
2024-12-28 14:33:03,981 INFO o.a.j.t.JMeterThread: Thread finished: 流控效果，队列 1-157
2024-12-28 14:33:04,040 INFO o.a.j.t.JMeterThread: Thread started: 流控效果，队列 1-232
2024-12-28 14:33:04,041 INFO o.a.j.t.JMeterThread: Thread is done: 流控效果，队列 1-232
2024-12-28 14:33:04,042 INFO o.a.j.t.JMeterThread: Thread finished: 流控效果，队列 1-232
2024-12-28 14:33:04,074 INFO o.a.j.t.JMeterThread: Thread is done: 流控效果，队列 1-158
2024-12-28 14:33:04,074 INFO o.a.j.t.JMeterThread: Thread finished: 流控效果，队列 1-158
2024-12-28 14:33:04,108 INFO o.a.j.t.JMeterThread: Thread started: 流控效果，队列 1-233
2024-12-28 14:33:04,175 INFO o.a.j.t.JMeterThread: Thread started: 流控效果，队列 1-234
2024-12-28 14:33:04,190 INFO o.a.j.t.JMeterThread: Thread is done: 流控效果，队列 1-160
2024-12-28 14:33:04,190 INFO o.a.j.t.JMeterThread: Thread finished: 流控效果，队列 1-160
2024-12-28 14:33:04,242 INFO o.a.j.t.JMeterThread: Thread started: 流控效果，队列 1-235
2024-12-28 14:33:04,243 INFO o.a.j.t.JMeterThread: Thread is done: 流控效果，队列 1-235
2024-12-28 14:33:04,243 INFO o.a.j.t.JMeterThread: Thread finished: 流控效果，队列 1-235
2024-12-28 14:33:04,276 INFO o.a.j.t.JMeterThread: Thread is done: 流控效果，队列 1-161
2024-12-28 14:33:04,276 INFO o.a.j.t.JMeterThread: Thread finished: 流控效果，队列 1-161
2024-12-28 14:33:04,308 INFO o.a.j.t.JMeterThread: Thread started: 流控效果，队列 1-236
2024-12-28 14:33:04,375 INFO o.a.j.t.JMeterThread: Thread started: 流控效果，队列 1-237
2024-12-28 14:33:04,383 INFO o.a.j.t.JMeterThread: Thread is done: 流控效果，队列 1-163
2024-12-28 14:33:04,383 INFO o.a.j.t.JMeterThread: Thread finished: 流控效果，队列 1-163
2024-12-28 14:33:04,444 INFO o.a.j.t.JMeterThread: Thread started: 流控效果，队列 1-238
2024-12-28 14:33:04,445 INFO o.a.j.t.JMeterThread: Thread is done: 流控效果，队列 1-238
2024-12-28 14:33:04,445 INFO o.a.j.t.JMeterThread: Thread finished: 流控效果，队列 1-238
2024-12-28 14:33:04,477 INFO o.a.j.t.JMeterThread: Thread is done: 流控效果，队列 1-164
2024-12-28 14:33:04,478 INFO o.a.j.t.JMeterThread: Thread finished: 流控效果，队列 1-164
2024-12-28 14:33:04,510 INFO o.a.j.t.JMeterThread: Thread started: 流控效果，队列 1-239
2024-12-28 14:33:04,574 INFO o.a.j.t.JMeterThread: Thread is done: 流控效果，队列 1-166
2024-12-28 14:33:04,574 INFO o.a.j.t.JMeterThread: Thread finished: 流控效果，队列 1-166
2024-12-28 14:33:04,577 INFO o.a.j.t.JMeterThread: Thread started: 流控效果，队列 1-240
2024-12-28 14:33:04,648 INFO o.a.j.t.JMeterThread: Thread started: 流控效果，队列 1-241
2024-12-28 14:33:04,649 INFO o.a.j.t.JMeterThread: Thread is done: 流控效果，队列 1-241
2024-12-28 14:33:04,649 INFO o.a.j.t.JMeterThread: Thread finished: 流控效果，队列 1-241
2024-12-28 14:33:04,682 INFO o.a.j.t.JMeterThread: Thread is done: 流控效果，队列 1-167
2024-12-28 14:33:04,682 INFO o.a.j.t.JMeterThread: Thread finished: 流控效果，队列 1-167
2024-12-28 14:33:04,725 INFO o.a.j.t.JMeterThread: Thread started: 流控效果，队列 1-242
2024-12-28 14:33:04,776 INFO o.a.j.t.JMeterThread: Thread is done: 流控效果，队列 1-169
2024-12-28 14:33:04,776 INFO o.a.j.t.JMeterThread: Thread finished: 流控效果，队列 1-169
2024-12-28 14:33:04,778 INFO o.a.j.t.JMeterThread: Thread started: 流控效果，队列 1-243
2024-12-28 14:33:04,846 INFO o.a.j.t.JMeterThread: Thread started: 流控效果，队列 1-244
2024-12-28 14:33:04,848 INFO o.a.j.t.JMeterThread: Thread is done: 流控效果，队列 1-244
2024-12-28 14:33:04,848 INFO o.a.j.t.JMeterThread: Thread finished: 流控效果，队列 1-244
2024-12-28 14:33:04,884 INFO o.a.j.t.JMeterThread: Thread is done: 流控效果，队列 1-170
2024-12-28 14:33:04,884 INFO o.a.j.t.JMeterThread: Thread finished: 流控效果，队列 1-170
2024-12-28 14:33:04,912 INFO o.a.j.t.JMeterThread: Thread started: 流控效果，队列 1-245
2024-12-28 14:33:04,976 INFO o.a.j.t.JMeterThread: Thread is done: 流控效果，队列 1-172
2024-12-28 14:33:04,976 INFO o.a.j.t.JMeterThread: Thread finished: 流控效果，队列 1-172
2024-12-28 14:33:04,980 INFO o.a.j.t.JMeterThread: Thread started: 流控效果，队列 1-246
2024-12-28 14:33:05,047 INFO o.a.j.t.JMeterThread: Thread started: 流控效果，队列 1-247
2024-12-28 14:33:05,048 INFO o.a.j.t.JMeterThread: Thread is done: 流控效果，队列 1-247
2024-12-28 14:33:05,048 INFO o.a.j.t.JMeterThread: Thread finished: 流控效果，队列 1-247
2024-12-28 14:33:05,084 INFO o.a.j.t.JMeterThread: Thread is done: 流控效果，队列 1-173
2024-12-28 14:33:05,084 INFO o.a.j.t.JMeterThread: Thread finished: 流控效果，队列 1-173
2024-12-28 14:33:05,113 INFO o.a.j.t.JMeterThread: Thread started: 流控效果，队列 1-248
2024-12-28 14:33:05,180 INFO o.a.j.t.JMeterThread: Thread started: 流控效果，队列 1-249
2024-12-28 14:33:05,181 INFO o.a.j.t.JMeterThread: Thread is done: 流控效果，队列 1-175
2024-12-28 14:33:05,181 INFO o.a.j.t.JMeterThread: Thread finished: 流控效果，队列 1-175
2024-12-28 14:33:05,247 INFO o.a.j.t.JMeterThread: Thread started: 流控效果，队列 1-250
2024-12-28 14:33:05,249 INFO o.a.j.t.JMeterThread: Thread is done: 流控效果，队列 1-250
2024-12-28 14:33:05,249 INFO o.a.j.t.JMeterThread: Thread finished: 流控效果，队列 1-250
2024-12-28 14:33:05,272 INFO o.a.j.t.JMeterThread: Thread is done: 流控效果，队列 1-176
2024-12-28 14:33:05,272 INFO o.a.j.t.JMeterThread: Thread finished: 流控效果，队列 1-176
2024-12-28 14:33:05,316 INFO o.a.j.t.JMeterThread: Thread started: 流控效果，队列 1-251
2024-12-28 14:33:05,383 INFO o.a.j.t.JMeterThread: Thread is done: 流控效果，队列 1-178
2024-12-28 14:33:05,383 INFO o.a.j.t.JMeterThread: Thread finished: 流控效果，队列 1-178
2024-12-28 14:33:05,393 INFO o.a.j.t.JMeterThread: Thread started: 流控效果，队列 1-252
2024-12-28 14:33:05,449 INFO o.a.j.t.JMeterThread: Thread started: 流控效果，队列 1-253
2024-12-28 14:33:05,451 INFO o.a.j.t.JMeterThread: Thread is done: 流控效果，队列 1-253
2024-12-28 14:33:05,451 INFO o.a.j.t.JMeterThread: Thread finished: 流控效果，队列 1-253
2024-12-28 14:33:05,472 INFO o.a.j.t.JMeterThread: Thread is done: 流控效果，队列 1-179
2024-12-28 14:33:05,472 INFO o.a.j.t.JMeterThread: Thread finished: 流控效果，队列 1-179
2024-12-28 14:33:05,516 INFO o.a.j.t.JMeterThread: Thread started: 流控效果，队列 1-254
2024-12-28 14:33:05,580 INFO o.a.j.t.JMeterThread: Thread is done: 流控效果，队列 1-181
2024-12-28 14:33:05,580 INFO o.a.j.t.JMeterThread: Thread finished: 流控效果，队列 1-181
2024-12-28 14:33:05,582 INFO o.a.j.t.JMeterThread: Thread started: 流控效果，队列 1-255
2024-12-28 14:33:05,649 INFO o.a.j.t.JMeterThread: Thread started: 流控效果，队列 1-256
2024-12-28 14:33:05,651 INFO o.a.j.t.JMeterThread: Thread is done: 流控效果，队列 1-256
2024-12-28 14:33:05,651 INFO o.a.j.t.JMeterThread: Thread finished: 流控效果，队列 1-256
2024-12-28 14:33:05,681 INFO o.a.j.t.JMeterThread: Thread is done: 流控效果，队列 1-182
2024-12-28 14:33:05,681 INFO o.a.j.t.JMeterThread: Thread finished: 流控效果，队列 1-182
2024-12-28 14:33:05,715 INFO o.a.j.t.JMeterThread: Thread started: 流控效果，队列 1-257
2024-12-28 14:33:05,773 INFO o.a.j.t.JMeterThread: Thread is done: 流控效果，队列 1-184
2024-12-28 14:33:05,773 INFO o.a.j.t.JMeterThread: Thread finished: 流控效果，队列 1-184
2024-12-28 14:33:05,783 INFO o.a.j.t.JMeterThread: Thread started: 流控效果，队列 1-258
2024-12-28 14:33:05,849 INFO o.a.j.t.JMeterThread: Thread started: 流控效果，队列 1-259
2024-12-28 14:33:05,851 INFO o.a.j.t.JMeterThread: Thread is done: 流控效果，队列 1-259
2024-12-28 14:33:05,851 INFO o.a.j.t.JMeterThread: Thread finished: 流控效果，队列 1-259
2024-12-28 14:33:05,884 INFO o.a.j.t.JMeterThread: Thread is done: 流控效果，队列 1-185
2024-12-28 14:33:05,884 INFO o.a.j.t.JMeterThread: Thread finished: 流控效果，队列 1-185
2024-12-28 14:33:05,917 INFO o.a.j.t.JMeterThread: Thread started: 流控效果，队列 1-260
2024-12-28 14:33:05,976 INFO o.a.j.t.JMeterThread: Thread is done: 流控效果，队列 1-187
2024-12-28 14:33:05,976 INFO o.a.j.t.JMeterThread: Thread finished: 流控效果，队列 1-187
2024-12-28 14:33:05,984 INFO o.a.j.t.JMeterThread: Thread started: 流控效果，队列 1-261
2024-12-28 14:33:06,065 INFO o.a.j.t.JMeterThread: Thread started: 流控效果，队列 1-262
2024-12-28 14:33:06,071 INFO o.a.j.t.JMeterThread: Thread is done: 流控效果，队列 1-188
2024-12-28 14:33:06,071 INFO o.a.j.t.JMeterThread: Thread finished: 流控效果，队列 1-188
2024-12-28 14:33:06,118 INFO o.a.j.t.JMeterThread: Thread started: 流控效果，队列 1-263
2024-12-28 14:33:06,120 INFO o.a.j.t.JMeterThread: Thread is done: 流控效果，队列 1-263
2024-12-28 14:33:06,120 INFO o.a.j.t.JMeterThread: Thread finished: 流控效果，队列 1-263
2024-12-28 14:33:06,175 INFO o.a.j.t.JMeterThread: Thread is done: 流控效果，队列 1-190
2024-12-28 14:33:06,175 INFO o.a.j.t.JMeterThread: Thread finished: 流控效果，队列 1-190
2024-12-28 14:33:06,185 INFO o.a.j.t.JMeterThread: Thread started: 流控效果，队列 1-264
2024-12-28 14:33:06,252 INFO o.a.j.t.JMeterThread: Thread started: 流控效果，队列 1-265
2024-12-28 14:33:06,253 INFO o.a.j.t.JMeterThread: Thread is done: 流控效果，队列 1-265
2024-12-28 14:33:06,253 INFO o.a.j.t.JMeterThread: Thread finished: 流控效果，队列 1-265
2024-12-28 14:33:06,270 INFO o.a.j.t.JMeterThread: Thread is done: 流控效果，队列 1-191
2024-12-28 14:33:06,270 INFO o.a.j.t.JMeterThread: Thread finished: 流控效果，队列 1-191
2024-12-28 14:33:06,318 INFO o.a.j.t.JMeterThread: Thread started: 流控效果，队列 1-266
2024-12-28 14:33:06,377 INFO o.a.j.t.JMeterThread: Thread is done: 流控效果，队列 1-193
2024-12-28 14:33:06,378 INFO o.a.j.t.JMeterThread: Thread finished: 流控效果，队列 1-193
2024-12-28 14:33:06,386 INFO o.a.j.t.JMeterThread: Thread started: 流控效果，队列 1-267
2024-12-28 14:33:06,454 INFO o.a.j.t.JMeterThread: Thread started: 流控效果，队列 1-268
2024-12-28 14:33:06,455 INFO o.a.j.t.JMeterThread: Thread is done: 流控效果，队列 1-268
2024-12-28 14:33:06,455 INFO o.a.j.t.JMeterThread: Thread finished: 流控效果，队列 1-268
2024-12-28 14:33:06,471 INFO o.a.j.t.JMeterThread: Thread is done: 流控效果，队列 1-194
2024-12-28 14:33:06,471 INFO o.a.j.t.JMeterThread: Thread finished: 流控效果，队列 1-194
2024-12-28 14:33:06,532 INFO o.a.j.t.JMeterThread: Thread started: 流控效果，队列 1-269
2024-12-28 14:33:06,578 INFO o.a.j.t.JMeterThread: Thread is done: 流控效果，队列 1-196
2024-12-28 14:33:06,578 INFO o.a.j.t.JMeterThread: Thread finished: 流控效果，队列 1-196
2024-12-28 14:33:06,588 INFO o.a.j.t.JMeterThread: Thread started: 流控效果，队列 1-270
2024-12-28 14:33:06,666 INFO o.a.j.t.JMeterThread: Thread started: 流控效果，队列 1-271
2024-12-28 14:33:06,686 INFO o.a.j.t.JMeterThread: Thread is done: 流控效果，队列 1-197
2024-12-28 14:33:06,686 INFO o.a.j.t.JMeterThread: Thread finished: 流控效果，队列 1-197
2024-12-28 14:33:06,732 INFO o.a.j.t.JMeterThread: Thread started: 流控效果，队列 1-272
2024-12-28 14:33:06,733 INFO o.a.j.t.JMeterThread: Thread is done: 流控效果，队列 1-272
2024-12-28 14:33:06,733 INFO o.a.j.t.JMeterThread: Thread finished: 流控效果，队列 1-272
2024-12-28 14:33:06,770 INFO o.a.j.t.JMeterThread: Thread is done: 流控效果，队列 1-199
2024-12-28 14:33:06,770 INFO o.a.j.t.JMeterThread: Thread finished: 流控效果，队列 1-199
2024-12-28 14:33:06,800 INFO o.a.j.t.JMeterThread: Thread started: 流控效果，队列 1-273
2024-12-28 14:33:06,866 INFO o.a.j.t.JMeterThread: Thread started: 流控效果，队列 1-274
2024-12-28 14:33:06,872 INFO o.a.j.t.JMeterThread: Thread is done: 流控效果，队列 1-200
2024-12-28 14:33:06,872 INFO o.a.j.t.JMeterThread: Thread finished: 流控效果，队列 1-200
2024-12-28 14:33:06,933 INFO o.a.j.t.JMeterThread: Thread started: 流控效果，队列 1-275
2024-12-28 14:33:06,935 INFO o.a.j.t.JMeterThread: Thread is done: 流控效果，队列 1-275
2024-12-28 14:33:06,935 INFO o.a.j.t.JMeterThread: Thread finished: 流控效果，队列 1-275
2024-12-28 14:33:06,972 INFO o.a.j.t.JMeterThread: Thread is done: 流控效果，队列 1-202
2024-12-28 14:33:06,972 INFO o.a.j.t.JMeterThread: Thread finished: 流控效果，队列 1-202
2024-12-28 14:33:07,000 INFO o.a.j.t.JMeterThread: Thread started: 流控效果，队列 1-276
2024-12-28 14:33:07,066 INFO o.a.j.t.JMeterThread: Thread started: 流控效果，队列 1-277
2024-12-28 14:33:07,073 INFO o.a.j.t.JMeterThread: Thread is done: 流控效果，队列 1-203
2024-12-28 14:33:07,073 INFO o.a.j.t.JMeterThread: Thread finished: 流控效果，队列 1-203
2024-12-28 14:33:07,133 INFO o.a.j.t.JMeterThread: Thread started: 流控效果，队列 1-278
2024-12-28 14:33:07,136 INFO o.a.j.t.JMeterThread: Thread is done: 流控效果，队列 1-278
2024-12-28 14:33:07,136 INFO o.a.j.t.JMeterThread: Thread finished: 流控效果，队列 1-278
2024-12-28 14:33:07,170 INFO o.a.j.t.JMeterThread: Thread is done: 流控效果，队列 1-204
2024-12-28 14:33:07,170 INFO o.a.j.t.JMeterThread: Thread finished: 流控效果，队列 1-204
2024-12-28 14:33:07,199 INFO o.a.j.t.JMeterThread: Thread started: 流控效果，队列 1-279
2024-12-28 14:33:07,266 INFO o.a.j.t.JMeterThread: Thread started: 流控效果，队列 1-280
2024-12-28 14:33:07,270 INFO o.a.j.t.JMeterThread: Thread is done: 流控效果，队列 1-206
2024-12-28 14:33:07,270 INFO o.a.j.t.JMeterThread: Thread finished: 流控效果，队列 1-206
2024-12-28 14:33:07,332 INFO o.a.j.t.JMeterThread: Thread started: 流控效果，队列 1-281
2024-12-28 14:33:07,334 INFO o.a.j.t.JMeterThread: Thread is done: 流控效果，队列 1-281
2024-12-28 14:33:07,334 INFO o.a.j.t.JMeterThread: Thread finished: 流控效果，队列 1-281
2024-12-28 14:33:07,388 INFO o.a.j.t.JMeterThread: Thread is done: 流控效果，队列 1-207
2024-12-28 14:33:07,388 INFO o.a.j.t.JMeterThread: Thread finished: 流控效果，队列 1-207
2024-12-28 14:33:07,400 INFO o.a.j.t.JMeterThread: Thread started: 流控效果，队列 1-282
2024-12-28 14:33:07,466 INFO o.a.j.t.JMeterThread: Thread started: 流控效果，队列 1-283
2024-12-28 14:33:07,470 INFO o.a.j.t.JMeterThread: Thread is done: 流控效果，队列 1-209
2024-12-28 14:33:07,470 INFO o.a.j.t.JMeterThread: Thread finished: 流控效果，队列 1-209
2024-12-28 14:33:07,534 INFO o.a.j.t.JMeterThread: Thread started: 流控效果，队列 1-284
2024-12-28 14:33:07,536 INFO o.a.j.t.JMeterThread: Thread is done: 流控效果，队列 1-284
2024-12-28 14:33:07,536 INFO o.a.j.t.JMeterThread: Thread finished: 流控效果，队列 1-284
2024-12-28 14:33:07,571 INFO o.a.j.t.JMeterThread: Thread is done: 流控效果，队列 1-210
2024-12-28 14:33:07,571 INFO o.a.j.t.JMeterThread: Thread finished: 流控效果，队列 1-210
2024-12-28 14:33:07,599 INFO o.a.j.t.JMeterThread: Thread started: 流控效果，队列 1-285
2024-12-28 14:33:07,666 INFO o.a.j.t.JMeterThread: Thread started: 流控效果，队列 1-286
2024-12-28 14:33:07,671 INFO o.a.j.t.JMeterThread: Thread is done: 流控效果，队列 1-212
2024-12-28 14:33:07,671 INFO o.a.j.t.JMeterThread: Thread finished: 流控效果，队列 1-212
2024-12-28 14:33:07,732 INFO o.a.j.t.JMeterThread: Thread started: 流控效果，队列 1-287
2024-12-28 14:33:07,734 INFO o.a.j.t.JMeterThread: Thread is done: 流控效果，队列 1-287
2024-12-28 14:33:07,734 INFO o.a.j.t.JMeterThread: Thread finished: 流控效果，队列 1-287
2024-12-28 14:33:07,785 INFO o.a.j.t.JMeterThread: Thread is done: 流控效果，队列 1-213
2024-12-28 14:33:07,785 INFO o.a.j.t.JMeterThread: Thread finished: 流控效果，队列 1-213
2024-12-28 14:33:07,799 INFO o.a.j.t.JMeterThread: Thread started: 流控效果，队列 1-288
2024-12-28 14:33:07,866 INFO o.a.j.t.JMeterThread: Thread started: 流控效果，队列 1-289
2024-12-28 14:33:07,872 INFO o.a.j.t.JMeterThread: Thread is done: 流控效果，队列 1-215
2024-12-28 14:33:07,872 INFO o.a.j.t.JMeterThread: Thread finished: 流控效果，队列 1-215
2024-12-28 14:33:07,933 INFO o.a.j.t.JMeterThread: Thread started: 流控效果，队列 1-290
2024-12-28 14:33:07,936 INFO o.a.j.t.JMeterThread: Thread is done: 流控效果，队列 1-290
2024-12-28 14:33:07,936 INFO o.a.j.t.JMeterThread: Thread finished: 流控效果，队列 1-290
2024-12-28 14:33:07,971 INFO o.a.j.t.JMeterThread: Thread is done: 流控效果，队列 1-216
2024-12-28 14:33:07,971 INFO o.a.j.t.JMeterThread: Thread finished: 流控效果，队列 1-216
2024-12-28 14:33:07,999 INFO o.a.j.t.JMeterThread: Thread started: 流控效果，队列 1-291
2024-12-28 14:33:08,063 INFO o.a.j.t.JMeterThread: Thread started: 流控效果，队列 1-292
2024-12-28 14:33:08,064 INFO o.a.j.t.JMeterThread: Thread is done: 流控效果，队列 1-292
2024-12-28 14:33:08,065 INFO o.a.j.t.JMeterThread: Thread finished: 流控效果，队列 1-292
2024-12-28 14:33:08,069 INFO o.a.j.t.JMeterThread: Thread is done: 流控效果，队列 1-218
2024-12-28 14:33:08,069 INFO o.a.j.t.JMeterThread: Thread finished: 流控效果，队列 1-218
2024-12-28 14:33:08,132 INFO o.a.j.t.JMeterThread: Thread started: 流控效果，队列 1-293
2024-12-28 14:33:08,186 INFO o.a.j.t.JMeterThread: Thread is done: 流控效果，队列 1-219
2024-12-28 14:33:08,186 INFO o.a.j.t.JMeterThread: Thread finished: 流控效果，队列 1-219
2024-12-28 14:33:08,201 INFO o.a.j.t.JMeterThread: Thread started: 流控效果，队列 1-294
2024-12-28 14:33:08,266 INFO o.a.j.t.JMeterThread: Thread started: 流控效果，队列 1-295
2024-12-28 14:33:08,271 INFO o.a.j.t.JMeterThread: Thread is done: 流控效果，队列 1-221
2024-12-28 14:33:08,271 INFO o.a.j.t.JMeterThread: Thread finished: 流控效果，队列 1-221
2024-12-28 14:33:08,332 INFO o.a.j.t.JMeterThread: Thread started: 流控效果，队列 1-296
2024-12-28 14:33:08,335 INFO o.a.j.t.JMeterThread: Thread is done: 流控效果，队列 1-296
2024-12-28 14:33:08,335 INFO o.a.j.t.JMeterThread: Thread finished: 流控效果，队列 1-296
2024-12-28 14:33:08,371 INFO o.a.j.t.JMeterThread: Thread is done: 流控效果，队列 1-222
2024-12-28 14:33:08,371 INFO o.a.j.t.JMeterThread: Thread finished: 流控效果，队列 1-222
2024-12-28 14:33:08,399 INFO o.a.j.t.JMeterThread: Thread started: 流控效果，队列 1-297
2024-12-28 14:33:08,466 INFO o.a.j.t.JMeterThread: Thread started: 流控效果，队列 1-298
2024-12-28 14:33:08,472 INFO o.a.j.t.JMeterThread: Thread is done: 流控效果，队列 1-224
2024-12-28 14:33:08,472 INFO o.a.j.t.JMeterThread: Thread finished: 流控效果，队列 1-224
2024-12-28 14:33:08,533 INFO o.a.j.t.JMeterThread: Thread started: 流控效果，队列 1-299
2024-12-28 14:33:08,535 INFO o.a.j.t.JMeterThread: Thread is done: 流控效果，队列 1-299
2024-12-28 14:33:08,535 INFO o.a.j.t.JMeterThread: Thread finished: 流控效果，队列 1-299
2024-12-28 14:33:08,570 INFO o.a.j.t.JMeterThread: Thread is done: 流控效果，队列 1-225
2024-12-28 14:33:08,570 INFO o.a.j.t.JMeterThread: Thread finished: 流控效果，队列 1-225
2024-12-28 14:33:08,598 INFO o.a.j.t.JMeterThread: Thread started: 流控效果，队列 1-300
2024-12-28 14:33:08,688 INFO o.a.j.t.JMeterThread: Thread is done: 流控效果，队列 1-227
2024-12-28 14:33:08,688 INFO o.a.j.t.JMeterThread: Thread finished: 流控效果，队列 1-227
2024-12-28 14:33:08,770 INFO o.a.j.t.JMeterThread: Thread is done: 流控效果，队列 1-228
2024-12-28 14:33:08,770 INFO o.a.j.t.JMeterThread: Thread finished: 流控效果，队列 1-228
2024-12-28 14:33:08,870 INFO o.a.j.t.JMeterThread: Thread is done: 流控效果，队列 1-230
2024-12-28 14:33:08,870 INFO o.a.j.t.JMeterThread: Thread finished: 流控效果，队列 1-230
2024-12-28 14:33:08,970 INFO o.a.j.t.JMeterThread: Thread is done: 流控效果，队列 1-231
2024-12-28 14:33:08,970 INFO o.a.j.t.JMeterThread: Thread finished: 流控效果，队列 1-231
2024-12-28 14:33:09,069 INFO o.a.j.t.JMeterThread: Thread is done: 流控效果，队列 1-233
2024-12-28 14:33:09,069 INFO o.a.j.t.JMeterThread: Thread finished: 流控效果，队列 1-233
2024-12-28 14:33:09,169 INFO o.a.j.t.JMeterThread: Thread is done: 流控效果，队列 1-234
2024-12-28 14:33:09,169 INFO o.a.j.t.JMeterThread: Thread finished: 流控效果，队列 1-234
2024-12-28 14:33:09,269 INFO o.a.j.t.JMeterThread: Thread is done: 流控效果，队列 1-236
2024-12-28 14:33:09,269 INFO o.a.j.t.JMeterThread: Thread finished: 流控效果，队列 1-236
2024-12-28 14:33:09,369 INFO o.a.j.t.JMeterThread: Thread is done: 流控效果，队列 1-237
2024-12-28 14:33:09,369 INFO o.a.j.t.JMeterThread: Thread finished: 流控效果，队列 1-237
2024-12-28 14:33:09,471 INFO o.a.j.t.JMeterThread: Thread is done: 流控效果，队列 1-239
2024-12-28 14:33:09,471 INFO o.a.j.t.JMeterThread: Thread finished: 流控效果，队列 1-239
2024-12-28 14:33:09,569 INFO o.a.j.t.JMeterThread: Thread is done: 流控效果，队列 1-240
2024-12-28 14:33:09,569 INFO o.a.j.t.JMeterThread: Thread finished: 流控效果，队列 1-240
2024-12-28 14:33:09,688 INFO o.a.j.t.JMeterThread: Thread is done: 流控效果，队列 1-242
2024-12-28 14:33:09,688 INFO o.a.j.t.JMeterThread: Thread finished: 流控效果，队列 1-242
2024-12-28 14:33:09,769 INFO o.a.j.t.JMeterThread: Thread is done: 流控效果，队列 1-243
2024-12-28 14:33:09,769 INFO o.a.j.t.JMeterThread: Thread finished: 流控效果，队列 1-243
2024-12-28 14:33:09,870 INFO o.a.j.t.JMeterThread: Thread is done: 流控效果，队列 1-245
2024-12-28 14:33:09,870 INFO o.a.j.t.JMeterThread: Thread finished: 流控效果，队列 1-245
2024-12-28 14:33:09,971 INFO o.a.j.t.JMeterThread: Thread is done: 流控效果，队列 1-246
2024-12-28 14:33:09,972 INFO o.a.j.t.JMeterThread: Thread finished: 流控效果，队列 1-246
2024-12-28 14:33:10,078 INFO o.a.j.t.JMeterThread: Thread is done: 流控效果，队列 1-248
2024-12-28 14:33:10,078 INFO o.a.j.t.JMeterThread: Thread finished: 流控效果，队列 1-248
2024-12-28 14:33:10,173 INFO o.a.j.t.JMeterThread: Thread is done: 流控效果，队列 1-249
2024-12-28 14:33:10,173 INFO o.a.j.t.JMeterThread: Thread finished: 流控效果，队列 1-249
2024-12-28 14:33:10,269 INFO o.a.j.t.JMeterThread: Thread is done: 流控效果，队列 1-251
2024-12-28 14:33:10,269 INFO o.a.j.t.JMeterThread: Thread finished: 流控效果，队列 1-251
2024-12-28 14:33:10,369 INFO o.a.j.t.JMeterThread: Thread is done: 流控效果，队列 1-252
2024-12-28 14:33:10,369 INFO o.a.j.t.JMeterThread: Thread finished: 流控效果，队列 1-252
2024-12-28 14:33:10,468 INFO o.a.j.t.JMeterThread: Thread is done: 流控效果，队列 1-254
2024-12-28 14:33:10,468 INFO o.a.j.t.JMeterThread: Thread finished: 流控效果，队列 1-254
2024-12-28 14:33:10,569 INFO o.a.j.t.JMeterThread: Thread is done: 流控效果，队列 1-255
2024-12-28 14:33:10,569 INFO o.a.j.t.JMeterThread: Thread finished: 流控效果，队列 1-255
2024-12-28 14:33:10,670 INFO o.a.j.t.JMeterThread: Thread is done: 流控效果，队列 1-257
2024-12-28 14:33:10,670 INFO o.a.j.t.JMeterThread: Thread finished: 流控效果，队列 1-257
2024-12-28 14:33:10,781 INFO o.a.j.t.JMeterThread: Thread is done: 流控效果，队列 1-258
2024-12-28 14:33:10,781 INFO o.a.j.t.JMeterThread: Thread finished: 流控效果，队列 1-258
2024-12-28 14:33:10,887 INFO o.a.j.t.JMeterThread: Thread is done: 流控效果，队列 1-260
2024-12-28 14:33:10,887 INFO o.a.j.t.JMeterThread: Thread finished: 流控效果，队列 1-260
2024-12-28 14:33:10,971 INFO o.a.j.t.JMeterThread: Thread is done: 流控效果，队列 1-261
2024-12-28 14:33:10,971 INFO o.a.j.t.JMeterThread: Thread finished: 流控效果，队列 1-261
2024-12-28 14:33:11,071 INFO o.a.j.t.JMeterThread: Thread is done: 流控效果，队列 1-262
2024-12-28 14:33:11,071 INFO o.a.j.t.JMeterThread: Thread finished: 流控效果，队列 1-262
2024-12-28 14:33:11,185 INFO o.a.j.t.JMeterThread: Thread is done: 流控效果，队列 1-264
2024-12-28 14:33:11,186 INFO o.a.j.t.JMeterThread: Thread finished: 流控效果，队列 1-264
2024-12-28 14:33:11,269 INFO o.a.j.t.JMeterThread: Thread is done: 流控效果，队列 1-266
2024-12-28 14:33:11,269 INFO o.a.j.t.JMeterThread: Thread finished: 流控效果，队列 1-266
2024-12-28 14:33:11,373 INFO o.a.j.t.JMeterThread: Thread is done: 流控效果，队列 1-267
2024-12-28 14:33:11,373 INFO o.a.j.t.JMeterThread: Thread finished: 流控效果，队列 1-267
2024-12-28 14:33:11,470 INFO o.a.j.t.JMeterThread: Thread is done: 流控效果，队列 1-269
2024-12-28 14:33:11,470 INFO o.a.j.t.JMeterThread: Thread finished: 流控效果，队列 1-269
2024-12-28 14:33:11,586 INFO o.a.j.t.JMeterThread: Thread is done: 流控效果，队列 1-270
2024-12-28 14:33:11,586 INFO o.a.j.t.JMeterThread: Thread finished: 流控效果，队列 1-270
2024-12-28 14:33:11,680 INFO o.a.j.t.JMeterThread: Thread is done: 流控效果，队列 1-271
2024-12-28 14:33:11,680 INFO o.a.j.t.JMeterThread: Thread finished: 流控效果，队列 1-271
2024-12-28 14:33:11,770 INFO o.a.j.t.JMeterThread: Thread is done: 流控效果，队列 1-273
2024-12-28 14:33:11,770 INFO o.a.j.t.JMeterThread: Thread finished: 流控效果，队列 1-273
2024-12-28 14:33:11,868 INFO o.a.j.t.JMeterThread: Thread is done: 流控效果，队列 1-274
2024-12-28 14:33:11,868 INFO o.a.j.t.JMeterThread: Thread finished: 流控效果，队列 1-274
2024-12-28 14:33:11,968 INFO o.a.j.t.JMeterThread: Thread is done: 流控效果，队列 1-276
2024-12-28 14:33:11,968 INFO o.a.j.t.JMeterThread: Thread finished: 流控效果，队列 1-276
2024-12-28 14:33:12,069 INFO o.a.j.t.JMeterThread: Thread is done: 流控效果，队列 1-277
2024-12-28 14:33:12,069 INFO o.a.j.t.JMeterThread: Thread finished: 流控效果，队列 1-277
2024-12-28 14:33:12,167 INFO o.a.j.t.JMeterThread: Thread is done: 流控效果，队列 1-279
2024-12-28 14:33:12,167 INFO o.a.j.t.JMeterThread: Thread finished: 流控效果，队列 1-279
2024-12-28 14:33:12,270 INFO o.a.j.t.JMeterThread: Thread is done: 流控效果，队列 1-280
2024-12-28 14:33:12,270 INFO o.a.j.t.JMeterThread: Thread finished: 流控效果，队列 1-280
2024-12-28 14:33:12,370 INFO o.a.j.t.JMeterThread: Thread is done: 流控效果，队列 1-282
2024-12-28 14:33:12,370 INFO o.a.j.t.JMeterThread: Thread finished: 流控效果，队列 1-282
2024-12-28 14:33:12,468 INFO o.a.j.t.JMeterThread: Thread is done: 流控效果，队列 1-283
2024-12-28 14:33:12,468 INFO o.a.j.t.JMeterThread: Thread finished: 流控效果，队列 1-283
2024-12-28 14:33:12,568 INFO o.a.j.t.JMeterThread: Thread is done: 流控效果，队列 1-285
2024-12-28 14:33:12,568 INFO o.a.j.t.JMeterThread: Thread finished: 流控效果，队列 1-285
2024-12-28 14:33:12,668 INFO o.a.j.t.JMeterThread: Thread is done: 流控效果，队列 1-286
2024-12-28 14:33:12,668 INFO o.a.j.t.JMeterThread: Thread finished: 流控效果，队列 1-286
2024-12-28 14:33:12,768 INFO o.a.j.t.JMeterThread: Thread is done: 流控效果，队列 1-288
2024-12-28 14:33:12,768 INFO o.a.j.t.JMeterThread: Thread finished: 流控效果，队列 1-288
2024-12-28 14:33:12,870 INFO o.a.j.t.JMeterThread: Thread is done: 流控效果，队列 1-289
2024-12-28 14:33:12,870 INFO o.a.j.t.JMeterThread: Thread finished: 流控效果，队列 1-289
2024-12-28 14:33:12,968 INFO o.a.j.t.JMeterThread: Thread is done: 流控效果，队列 1-291
2024-12-28 14:33:12,968 INFO o.a.j.t.JMeterThread: Thread finished: 流控效果，队列 1-291
2024-12-28 14:33:13,068 INFO o.a.j.t.JMeterThread: Thread is done: 流控效果，队列 1-293
2024-12-28 14:33:13,068 INFO o.a.j.t.JMeterThread: Thread finished: 流控效果，队列 1-293
2024-12-28 14:33:13,186 INFO o.a.j.t.JMeterThread: Thread is done: 流控效果，队列 1-294
2024-12-28 14:33:13,187 INFO o.a.j.t.JMeterThread: Thread finished: 流控效果，队列 1-294
2024-12-28 14:33:13,286 INFO o.a.j.t.JMeterThread: Thread is done: 流控效果，队列 1-295
2024-12-28 14:33:13,286 INFO o.a.j.t.JMeterThread: Thread finished: 流控效果，队列 1-295
2024-12-28 14:33:13,367 INFO o.a.j.t.JMeterThread: Thread is done: 流控效果，队列 1-297
2024-12-28 14:33:13,367 INFO o.a.j.t.JMeterThread: Thread finished: 流控效果，队列 1-297
2024-12-28 14:33:13,467 INFO o.a.j.t.JMeterThread: Thread is done: 流控效果，队列 1-298
2024-12-28 14:33:13,467 INFO o.a.j.t.JMeterThread: Thread finished: 流控效果，队列 1-298
2024-12-28 14:33:13,569 INFO o.a.j.t.JMeterThread: Thread is done: 流控效果，队列 1-300
2024-12-28 14:33:13,569 INFO o.a.j.t.JMeterThread: Thread finished: 流控效果，队列 1-300
2024-12-28 14:33:13,569 INFO o.a.j.e.StandardJMeterEngine: Notifying test listeners of end of test
2024-12-28 14:33:13,569 INFO o.a.j.g.u.JMeterMenuBar: setRunning(false, *local*)
2024-12-28 14:33:17,730 INFO o.a.j.v.ViewResultsFullVisualizer: Add JavaFX to your Java installation if you want to use renderer: org.apache.jmeter.visualizers.RenderInBrowser
2024-12-28 15:09:01,703 INFO o.a.j.e.StandardJMeterEngine: Running the test!
2024-12-28 15:09:01,703 INFO o.a.j.s.SampleEvent: List of sample_variables: []
2024-12-28 15:09:01,703 INFO o.a.j.g.u.JMeterMenuBar: setRunning(true, *local*)
2024-12-28 15:09:01,750 INFO o.a.j.e.StandardJMeterEngine: Starting ThreadGroup: 1 : 热点参数限流 QPS1
2024-12-28 15:09:01,750 INFO o.a.j.e.StandardJMeterEngine: Starting 500 threads for group 热点参数限流 QPS1.
2024-12-28 15:09:01,750 INFO o.a.j.e.StandardJMeterEngine: Thread will continue on error
2024-12-28 15:09:01,750 INFO o.a.j.t.ThreadGroup: Starting thread group... number=1 threads=500 ramp-up=100 delayedStart=false
2024-12-28 15:09:01,750 INFO o.a.j.t.JMeterThread: Thread started: 热点参数限流 QPS1 1-1
2024-12-28 15:09:01,812 INFO o.a.j.t.ThreadGroup: Started thread group number 1
2024-12-28 15:09:01,812 INFO o.a.j.e.StandardJMeterEngine: All thread groups have been started
2024-12-28 15:09:01,962 INFO o.a.j.t.JMeterThread: Thread started: 热点参数限流 QPS1 1-2
2024-12-28 15:09:01,977 INFO o.a.j.t.JMeterThread: Thread is done: 热点参数限流 QPS1 1-1
2024-12-28 15:09:01,977 INFO o.a.j.t.JMeterThread: Thread finished: 热点参数限流 QPS1 1-1
2024-12-28 15:09:02,167 INFO o.a.j.t.JMeterThread: Thread started: 热点参数限流 QPS1 1-3
2024-12-28 15:09:02,358 INFO o.a.j.t.JMeterThread: Thread is done: 热点参数限流 QPS1 1-2
2024-12-28 15:09:02,358 INFO o.a.j.t.JMeterThread: Thread finished: 热点参数限流 QPS1 1-2
2024-12-28 15:09:02,361 INFO o.a.j.t.JMeterThread: Thread started: 热点参数限流 QPS1 1-4
2024-12-28 15:09:02,565 INFO o.a.j.t.JMeterThread: Thread started: 热点参数限流 QPS1 1-5
2024-12-28 15:09:02,664 INFO o.a.j.t.JMeterThread: Thread is done: 热点参数限流 QPS1 1-3
2024-12-28 15:09:02,664 INFO o.a.j.t.JMeterThread: Thread finished: 热点参数限流 QPS1 1-3
2024-12-28 15:09:02,761 INFO o.a.j.t.JMeterThread: Thread started: 热点参数限流 QPS1 1-6
2024-12-28 15:09:02,951 INFO o.a.j.t.JMeterThread: Thread started: 热点参数限流 QPS1 1-7
2024-12-28 15:09:03,151 INFO o.a.j.t.JMeterThread: Thread started: 热点参数限流 QPS1 1-8
2024-12-28 15:09:03,167 INFO o.a.j.t.JMeterThread: Thread is done: 热点参数限流 QPS1 1-4
2024-12-28 15:09:03,167 INFO o.a.j.t.JMeterThread: Thread finished: 热点参数限流 QPS1 1-4
2024-12-28 15:09:03,351 INFO o.a.j.t.JMeterThread: Thread started: 热点参数限流 QPS1 1-9
2024-12-28 15:09:03,465 INFO o.a.j.t.JMeterThread: Thread is done: 热点参数限流 QPS1 1-5
2024-12-28 15:09:03,466 INFO o.a.j.t.JMeterThread: Thread finished: 热点参数限流 QPS1 1-5
2024-12-28 15:09:03,551 INFO o.a.j.t.JMeterThread: Thread started: 热点参数限流 QPS1 1-10
2024-12-28 15:09:03,751 INFO o.a.j.t.JMeterThread: Thread started: 热点参数限流 QPS1 1-11
2024-12-28 15:09:03,863 INFO o.a.j.t.JMeterThread: Thread is done: 热点参数限流 QPS1 1-6
2024-12-28 15:09:03,863 INFO o.a.j.t.JMeterThread: Thread finished: 热点参数限流 QPS1 1-6
2024-12-28 15:09:03,951 INFO o.a.j.t.JMeterThread: Thread started: 热点参数限流 QPS1 1-12
2024-12-28 15:09:04,151 INFO o.a.j.t.JMeterThread: Thread started: 热点参数限流 QPS1 1-13
2024-12-28 15:09:04,160 INFO o.a.j.t.JMeterThread: Thread is done: 热点参数限流 QPS1 1-7
2024-12-28 15:09:04,161 INFO o.a.j.t.JMeterThread: Thread finished: 热点参数限流 QPS1 1-7
2024-12-28 15:09:04,351 INFO o.a.j.t.JMeterThread: Thread started: 热点参数限流 QPS1 1-14
2024-12-28 15:09:04,550 INFO o.a.j.t.JMeterThread: Thread started: 热点参数限流 QPS1 1-15
2024-12-28 15:09:04,666 INFO o.a.j.t.JMeterThread: Thread is done: 热点参数限流 QPS1 1-8
2024-12-28 15:09:04,666 INFO o.a.j.t.JMeterThread: Thread finished: 热点参数限流 QPS1 1-8
2024-12-28 15:09:04,751 INFO o.a.j.t.JMeterThread: Thread started: 热点参数限流 QPS1 1-16
2024-12-28 15:09:04,951 INFO o.a.j.t.JMeterThread: Thread started: 热点参数限流 QPS1 1-17
2024-12-28 15:09:05,064 INFO o.a.j.t.JMeterThread: Thread is done: 热点参数限流 QPS1 1-9
2024-12-28 15:09:05,064 INFO o.a.j.t.JMeterThread: Thread finished: 热点参数限流 QPS1 1-9
2024-12-28 15:09:05,151 INFO o.a.j.t.JMeterThread: Thread started: 热点参数限流 QPS1 1-18
2024-12-28 15:09:05,350 INFO o.a.j.t.JMeterThread: Thread started: 热点参数限流 QPS1 1-19
2024-12-28 15:09:05,362 INFO o.a.j.t.JMeterThread: Thread is done: 热点参数限流 QPS1 1-10
2024-12-28 15:09:05,362 INFO o.a.j.t.JMeterThread: Thread finished: 热点参数限流 QPS1 1-10
2024-12-28 15:09:05,551 INFO o.a.j.t.JMeterThread: Thread started: 热点参数限流 QPS1 1-20
2024-12-28 15:09:05,658 INFO o.a.j.t.JMeterThread: Thread is done: 热点参数限流 QPS1 1-11
2024-12-28 15:09:05,658 INFO o.a.j.t.JMeterThread: Thread finished: 热点参数限流 QPS1 1-11
2024-12-28 15:09:05,751 INFO o.a.j.t.JMeterThread: Thread started: 热点参数限流 QPS1 1-21
2024-12-28 15:09:05,950 INFO o.a.j.t.JMeterThread: Thread started: 热点参数限流 QPS1 1-22
2024-12-28 15:09:06,066 INFO o.a.j.t.JMeterThread: Thread is done: 热点参数限流 QPS1 1-12
2024-12-28 15:09:06,066 INFO o.a.j.t.JMeterThread: Thread finished: 热点参数限流 QPS1 1-12
2024-12-28 15:09:06,151 INFO o.a.j.t.JMeterThread: Thread started: 热点参数限流 QPS1 1-23
2024-12-28 15:09:06,351 INFO o.a.j.t.JMeterThread: Thread started: 热点参数限流 QPS1 1-24
2024-12-28 15:09:06,551 INFO o.a.j.t.JMeterThread: Thread started: 热点参数限流 QPS1 1-25
2024-12-28 15:09:06,564 INFO o.a.j.t.JMeterThread: Thread is done: 热点参数限流 QPS1 1-13
2024-12-28 15:09:06,564 INFO o.a.j.t.JMeterThread: Thread finished: 热点参数限流 QPS1 1-13
2024-12-28 15:09:06,751 INFO o.a.j.t.JMeterThread: Thread started: 热点参数限流 QPS1 1-26
2024-12-28 15:09:06,859 INFO o.a.j.t.JMeterThread: Thread is done: 热点参数限流 QPS1 1-14
2024-12-28 15:09:06,860 INFO o.a.j.t.JMeterThread: Thread finished: 热点参数限流 QPS1 1-14
2024-12-28 15:09:06,950 INFO o.a.j.t.JMeterThread: Thread started: 热点参数限流 QPS1 1-27
2024-12-28 15:09:07,150 INFO o.a.j.t.JMeterThread: Thread started: 热点参数限流 QPS1 1-28
2024-12-28 15:09:07,268 INFO o.a.j.t.JMeterThread: Thread is done: 热点参数限流 QPS1 1-15
2024-12-28 15:09:07,268 INFO o.a.j.t.JMeterThread: Thread finished: 热点参数限流 QPS1 1-15
2024-12-28 15:09:07,352 INFO o.a.j.t.JMeterThread: Thread started: 热点参数限流 QPS1 1-29
2024-12-28 15:09:07,550 INFO o.a.j.t.JMeterThread: Thread started: 热点参数限流 QPS1 1-30
2024-12-28 15:09:07,562 INFO o.a.j.t.JMeterThread: Thread is done: 热点参数限流 QPS1 1-16
2024-12-28 15:09:07,562 INFO o.a.j.t.JMeterThread: Thread finished: 热点参数限流 QPS1 1-16
2024-12-28 15:09:07,750 INFO o.a.j.t.JMeterThread: Thread started: 热点参数限流 QPS1 1-31
2024-12-28 15:09:07,951 INFO o.a.j.t.JMeterThread: Thread started: 热点参数限流 QPS1 1-32
2024-12-28 15:09:08,067 INFO o.a.j.t.JMeterThread: Thread is done: 热点参数限流 QPS1 1-17
2024-12-28 15:09:08,067 INFO o.a.j.t.JMeterThread: Thread finished: 热点参数限流 QPS1 1-17
2024-12-28 15:09:08,152 INFO o.a.j.t.JMeterThread: Thread started: 热点参数限流 QPS1 1-33
2024-12-28 15:09:08,351 INFO o.a.j.t.JMeterThread: Thread started: 热点参数限流 QPS1 1-34
2024-12-28 15:09:08,365 INFO o.a.j.t.JMeterThread: Thread is done: 热点参数限流 QPS1 1-18
2024-12-28 15:09:08,366 INFO o.a.j.t.JMeterThread: Thread finished: 热点参数限流 QPS1 1-18
2024-12-28 15:09:08,551 INFO o.a.j.t.JMeterThread: Thread started: 热点参数限流 QPS1 1-35
2024-12-28 15:09:08,751 INFO o.a.j.t.JMeterThread: Thread started: 热点参数限流 QPS1 1-36
2024-12-28 15:09:08,754 INFO o.a.j.t.JMeterThread: Thread is done: 热点参数限流 QPS1 1-19
2024-12-28 15:09:08,755 INFO o.a.j.t.JMeterThread: Thread finished: 热点参数限流 QPS1 1-19
2024-12-28 15:09:08,951 INFO o.a.j.t.JMeterThread: Thread started: 热点参数限流 QPS1 1-37
2024-12-28 15:09:09,068 INFO o.a.j.t.JMeterThread: Thread is done: 热点参数限流 QPS1 1-20
2024-12-28 15:09:09,068 INFO o.a.j.t.JMeterThread: Thread finished: 热点参数限流 QPS1 1-20
2024-12-28 15:09:09,151 INFO o.a.j.t.JMeterThread: Thread started: 热点参数限流 QPS1 1-38
2024-12-28 15:09:09,350 INFO o.a.j.t.JMeterThread: Thread started: 热点参数限流 QPS1 1-39
2024-12-28 15:09:09,365 INFO o.a.j.t.JMeterThread: Thread is done: 热点参数限流 QPS1 1-21
2024-12-28 15:09:09,365 INFO o.a.j.t.JMeterThread: Thread finished: 热点参数限流 QPS1 1-21
2024-12-28 15:09:09,550 INFO o.a.j.t.JMeterThread: Thread started: 热点参数限流 QPS1 1-40
2024-12-28 15:09:09,751 INFO o.a.j.t.JMeterThread: Thread started: 热点参数限流 QPS1 1-41
2024-12-28 15:09:09,867 INFO o.a.j.t.JMeterThread: Thread is done: 热点参数限流 QPS1 1-22
2024-12-28 15:09:09,867 INFO o.a.j.t.JMeterThread: Thread finished: 热点参数限流 QPS1 1-22
2024-12-28 15:09:09,951 INFO o.a.j.t.JMeterThread: Thread started: 热点参数限流 QPS1 1-42
2024-12-28 15:09:10,150 INFO o.a.j.t.JMeterThread: Thread started: 热点参数限流 QPS1 1-43
2024-12-28 15:09:10,270 INFO o.a.j.t.JMeterThread: Thread is done: 热点参数限流 QPS1 1-23
2024-12-28 15:09:10,270 INFO o.a.j.t.JMeterThread: Thread finished: 热点参数限流 QPS1 1-23
2024-12-28 15:09:10,350 INFO o.a.j.t.JMeterThread: Thread started: 热点参数限流 QPS1 1-44
2024-12-28 15:09:10,551 INFO o.a.j.t.JMeterThread: Thread started: 热点参数限流 QPS1 1-45
2024-12-28 15:09:10,564 INFO o.a.j.t.JMeterThread: Thread is done: 热点参数限流 QPS1 1-24
2024-12-28 15:09:10,564 INFO o.a.j.t.JMeterThread: Thread finished: 热点参数限流 QPS1 1-24
2024-12-28 15:09:10,751 INFO o.a.j.t.JMeterThread: Thread started: 热点参数限流 QPS1 1-46
2024-12-28 15:09:10,952 INFO o.a.j.t.JMeterThread: Thread started: 热点参数限流 QPS1 1-47
2024-12-28 15:09:11,056 INFO o.a.j.t.JMeterThread: Thread is done: 热点参数限流 QPS1 1-25
2024-12-28 15:09:11,056 INFO o.a.j.t.JMeterThread: Thread finished: 热点参数限流 QPS1 1-25
2024-12-28 15:09:11,152 INFO o.a.j.t.JMeterThread: Thread started: 热点参数限流 QPS1 1-48
2024-12-28 15:09:11,351 INFO o.a.j.t.JMeterThread: Thread started: 热点参数限流 QPS1 1-49
2024-12-28 15:09:11,464 INFO o.a.j.t.JMeterThread: Thread is done: 热点参数限流 QPS1 1-26
2024-12-28 15:09:11,464 INFO o.a.j.t.JMeterThread: Thread finished: 热点参数限流 QPS1 1-26
2024-12-28 15:09:11,551 INFO o.a.j.t.JMeterThread: Thread started: 热点参数限流 QPS1 1-50
2024-12-28 15:09:11,751 INFO o.a.j.t.JMeterThread: Thread started: 热点参数限流 QPS1 1-51
2024-12-28 15:09:11,754 INFO o.a.j.t.JMeterThread: Thread is done: 热点参数限流 QPS1 1-27
2024-12-28 15:09:11,754 INFO o.a.j.t.JMeterThread: Thread finished: 热点参数限流 QPS1 1-27
2024-12-28 15:09:11,950 INFO o.a.j.t.JMeterThread: Thread started: 热点参数限流 QPS1 1-52
2024-12-28 15:09:12,069 INFO o.a.j.t.JMeterThread: Thread is done: 热点参数限流 QPS1 1-28
2024-12-28 15:09:12,070 INFO o.a.j.t.JMeterThread: Thread finished: 热点参数限流 QPS1 1-28
2024-12-28 15:09:12,150 INFO o.a.j.t.JMeterThread: Thread started: 热点参数限流 QPS1 1-53
2024-12-28 15:09:12,350 INFO o.a.j.t.JMeterThread: Thread started: 热点参数限流 QPS1 1-54
2024-12-28 15:09:12,461 INFO o.a.j.t.JMeterThread: Thread is done: 热点参数限流 QPS1 1-29
2024-12-28 15:09:12,461 INFO o.a.j.t.JMeterThread: Thread finished: 热点参数限流 QPS1 1-29
2024-12-28 15:09:12,567 INFO o.a.j.t.JMeterThread: Thread started: 热点参数限流 QPS1 1-55
2024-12-28 15:09:12,767 INFO o.a.j.t.JMeterThread: Thread started: 热点参数限流 QPS1 1-56
2024-12-28 15:09:12,959 INFO o.a.j.t.JMeterThread: Thread is done: 热点参数限流 QPS1 1-30
2024-12-28 15:09:12,959 INFO o.a.j.t.JMeterThread: Thread finished: 热点参数限流 QPS1 1-30
2024-12-28 15:09:12,966 INFO o.a.j.t.JMeterThread: Thread started: 热点参数限流 QPS1 1-57
2024-12-28 15:09:13,153 INFO o.a.j.t.JMeterThread: Thread started: 热点参数限流 QPS1 1-58
2024-12-28 15:09:13,259 INFO o.a.j.t.JMeterThread: Thread is done: 热点参数限流 QPS1 1-31
2024-12-28 15:09:13,259 INFO o.a.j.t.JMeterThread: Thread finished: 热点参数限流 QPS1 1-31
2024-12-28 15:09:13,350 INFO o.a.j.t.JMeterThread: Thread started: 热点参数限流 QPS1 1-59
2024-12-28 15:09:13,550 INFO o.a.j.t.JMeterThread: Thread started: 热点参数限流 QPS1 1-60
2024-12-28 15:09:13,568 INFO o.a.j.t.JMeterThread: Thread is done: 热点参数限流 QPS1 1-32
2024-12-28 15:09:13,568 INFO o.a.j.t.JMeterThread: Thread finished: 热点参数限流 QPS1 1-32
2024-12-28 15:09:13,751 INFO o.a.j.t.JMeterThread: Thread started: 热点参数限流 QPS1 1-61
2024-12-28 15:09:13,950 INFO o.a.j.t.JMeterThread: Thread started: 热点参数限流 QPS1 1-62
2024-12-28 15:09:13,959 INFO o.a.j.t.JMeterThread: Thread is done: 热点参数限流 QPS1 1-33
2024-12-28 15:09:13,959 INFO o.a.j.t.JMeterThread: Thread finished: 热点参数限流 QPS1 1-33
2024-12-28 15:09:14,152 INFO o.a.j.t.JMeterThread: Thread started: 热点参数限流 QPS1 1-63
2024-12-28 15:09:14,350 INFO o.a.j.t.JMeterThread: Thread started: 热点参数限流 QPS1 1-64
2024-12-28 15:09:14,460 INFO o.a.j.t.JMeterThread: Thread is done: 热点参数限流 QPS1 1-34
2024-12-28 15:09:14,460 INFO o.a.j.t.JMeterThread: Thread finished: 热点参数限流 QPS1 1-34
2024-12-28 15:09:14,551 INFO o.a.j.t.JMeterThread: Thread started: 热点参数限流 QPS1 1-65
2024-12-28 15:09:14,752 INFO o.a.j.t.JMeterThread: Thread started: 热点参数限流 QPS1 1-66
2024-12-28 15:09:14,755 INFO o.a.j.t.JMeterThread: Thread is done: 热点参数限流 QPS1 1-35
2024-12-28 15:09:14,755 INFO o.a.j.t.JMeterThread: Thread finished: 热点参数限流 QPS1 1-35
2024-12-28 15:09:14,953 INFO o.a.j.t.JMeterThread: Thread started: 热点参数限流 QPS1 1-67
2024-12-28 15:09:15,070 INFO o.a.j.t.JMeterThread: Thread is done: 热点参数限流 QPS1 1-36
2024-12-28 15:09:15,070 INFO o.a.j.t.JMeterThread: Thread finished: 热点参数限流 QPS1 1-36
2024-12-28 15:09:15,152 INFO o.a.j.t.JMeterThread: Thread started: 热点参数限流 QPS1 1-68
2024-12-28 15:09:15,350 INFO o.a.j.t.JMeterThread: Thread started: 热点参数限流 QPS1 1-69
2024-12-28 15:09:15,364 INFO o.a.j.t.JMeterThread: Thread is done: 热点参数限流 QPS1 1-37
2024-12-28 15:09:15,364 INFO o.a.j.t.JMeterThread: Thread finished: 热点参数限流 QPS1 1-37
2024-12-28 15:09:15,551 INFO o.a.j.t.JMeterThread: Thread started: 热点参数限流 QPS1 1-70
2024-12-28 15:09:15,751 INFO o.a.j.t.JMeterThread: Thread started: 热点参数限流 QPS1 1-71
2024-12-28 15:09:15,754 INFO o.a.j.t.JMeterThread: Thread is done: 热点参数限流 QPS1 1-38
2024-12-28 15:09:15,754 INFO o.a.j.t.JMeterThread: Thread finished: 热点参数限流 QPS1 1-38
2024-12-28 15:09:15,950 INFO o.a.j.t.JMeterThread: Thread started: 热点参数限流 QPS1 1-72
2024-12-28 15:09:16,152 INFO o.a.j.t.JMeterThread: Thread started: 热点参数限流 QPS1 1-73
2024-12-28 15:09:16,256 INFO o.a.j.t.JMeterThread: Thread is done: 热点参数限流 QPS1 1-39
2024-12-28 15:09:16,256 INFO o.a.j.t.JMeterThread: Thread finished: 热点参数限流 QPS1 1-39
2024-12-28 15:09:16,350 INFO o.a.j.t.JMeterThread: Thread started: 热点参数限流 QPS1 1-74
2024-12-28 15:09:16,550 INFO o.a.j.t.JMeterThread: Thread started: 热点参数限流 QPS1 1-75
2024-12-28 15:09:16,659 INFO o.a.j.t.JMeterThread: Thread is done: 热点参数限流 QPS1 1-40
2024-12-28 15:09:16,659 INFO o.a.j.t.JMeterThread: Thread finished: 热点参数限流 QPS1 1-40
2024-12-28 15:09:16,750 INFO o.a.j.t.JMeterThread: Thread started: 热点参数限流 QPS1 1-76
2024-12-28 15:09:16,951 INFO o.a.j.t.JMeterThread: Thread started: 热点参数限流 QPS1 1-77
2024-12-28 15:09:16,966 INFO o.a.j.t.JMeterThread: Thread is done: 热点参数限流 QPS1 1-41
2024-12-28 15:09:16,966 INFO o.a.j.t.JMeterThread: Thread finished: 热点参数限流 QPS1 1-41
2024-12-28 15:09:17,153 INFO o.a.j.t.JMeterThread: Thread started: 热点参数限流 QPS1 1-78
2024-12-28 15:09:17,254 INFO o.a.j.t.JMeterThread: Thread is done: 热点参数限流 QPS1 1-42
2024-12-28 15:09:17,254 INFO o.a.j.t.JMeterThread: Thread finished: 热点参数限流 QPS1 1-42
2024-12-28 15:09:17,350 INFO o.a.j.t.JMeterThread: Thread started: 热点参数限流 QPS1 1-79
2024-12-28 15:09:17,551 INFO o.a.j.t.JMeterThread: Thread started: 热点参数限流 QPS1 1-80
2024-12-28 15:09:17,750 INFO o.a.j.t.JMeterThread: Thread started: 热点参数限流 QPS1 1-81
2024-12-28 15:09:17,756 INFO o.a.j.t.JMeterThread: Thread is done: 热点参数限流 QPS1 1-43
2024-12-28 15:09:17,756 INFO o.a.j.t.JMeterThread: Thread finished: 热点参数限流 QPS1 1-43
2024-12-28 15:09:17,955 INFO o.a.j.t.JMeterThread: Thread started: 热点参数限流 QPS1 1-82
2024-12-28 15:09:18,151 INFO o.a.j.t.JMeterThread: Thread started: 热点参数限流 QPS1 1-83
2024-12-28 15:09:18,162 INFO o.a.j.t.JMeterThread: Thread is done: 热点参数限流 QPS1 1-44
2024-12-28 15:09:18,162 INFO o.a.j.t.JMeterThread: Thread finished: 热点参数限流 QPS1 1-44
2024-12-28 15:09:18,350 INFO o.a.j.t.JMeterThread: Thread started: 热点参数限流 QPS1 1-84
2024-12-28 15:09:18,456 INFO o.a.j.t.JMeterThread: Thread is done: 热点参数限流 QPS1 1-45
2024-12-28 15:09:18,456 INFO o.a.j.t.JMeterThread: Thread finished: 热点参数限流 QPS1 1-45
2024-12-28 15:09:18,551 INFO o.a.j.t.JMeterThread: Thread started: 热点参数限流 QPS1 1-85
2024-12-28 15:09:18,751 INFO o.a.j.t.JMeterThread: Thread started: 热点参数限流 QPS1 1-86
2024-12-28 15:09:18,862 INFO o.a.j.t.JMeterThread: Thread is done: 热点参数限流 QPS1 1-46
2024-12-28 15:09:18,862 INFO o.a.j.t.JMeterThread: Thread finished: 热点参数限流 QPS1 1-46
2024-12-28 15:09:18,951 INFO o.a.j.t.JMeterThread: Thread started: 热点参数限流 QPS1 1-87
2024-12-28 15:09:19,150 INFO o.a.j.t.JMeterThread: Thread started: 热点参数限流 QPS1 1-88
2024-12-28 15:09:19,351 INFO o.a.j.t.JMeterThread: Thread started: 热点参数限流 QPS1 1-89
2024-12-28 15:09:19,362 INFO o.a.j.t.JMeterThread: Thread is done: 热点参数限流 QPS1 1-47
2024-12-28 15:09:19,362 INFO o.a.j.t.JMeterThread: Thread finished: 热点参数限流 QPS1 1-47
2024-12-28 15:09:19,551 INFO o.a.j.t.JMeterThread: Thread started: 热点参数限流 QPS1 1-90
2024-12-28 15:09:19,656 INFO o.a.j.t.JMeterThread: Thread is done: 热点参数限流 QPS1 1-48
2024-12-28 15:09:19,657 INFO o.a.j.t.JMeterThread: Thread finished: 热点参数限流 QPS1 1-48
2024-12-28 15:09:19,750 INFO o.a.j.t.JMeterThread: Thread started: 热点参数限流 QPS1 1-91
2024-12-28 15:09:19,951 INFO o.a.j.t.JMeterThread: Thread started: 热点参数限流 QPS1 1-92
2024-12-28 15:09:19,962 INFO o.a.j.t.JMeterThread: Thread is done: 热点参数限流 QPS1 1-49
2024-12-28 15:09:19,962 INFO o.a.j.t.JMeterThread: Thread finished: 热点参数限流 QPS1 1-49
2024-12-28 15:09:20,152 INFO o.a.j.t.JMeterThread: Thread started: 热点参数限流 QPS1 1-93
2024-12-28 15:09:20,351 INFO o.a.j.t.JMeterThread: Thread started: 热点参数限流 QPS1 1-94
2024-12-28 15:09:20,366 INFO o.a.j.t.JMeterThread: Thread is done: 热点参数限流 QPS1 1-50
2024-12-28 15:09:20,366 INFO o.a.j.t.JMeterThread: Thread finished: 热点参数限流 QPS1 1-50
2024-12-28 15:09:20,552 INFO o.a.j.t.JMeterThread: Thread started: 热点参数限流 QPS1 1-95
2024-12-28 15:09:20,751 INFO o.a.j.t.JMeterThread: Thread started: 热点参数限流 QPS1 1-96
2024-12-28 15:09:20,865 INFO o.a.j.t.JMeterThread: Thread is done: 热点参数限流 QPS1 1-51
2024-12-28 15:09:20,865 INFO o.a.j.t.JMeterThread: Thread finished: 热点参数限流 QPS1 1-51
2024-12-28 15:09:20,951 INFO o.a.j.t.JMeterThread: Thread started: 热点参数限流 QPS1 1-97
2024-12-28 15:09:21,151 INFO o.a.j.t.JMeterThread: Thread started: 热点参数限流 QPS1 1-98
2024-12-28 15:09:21,161 INFO o.a.j.t.JMeterThread: Thread is done: 热点参数限流 QPS1 1-52
2024-12-28 15:09:21,161 INFO o.a.j.t.JMeterThread: Thread finished: 热点参数限流 QPS1 1-52
2024-12-28 15:09:21,351 INFO o.a.j.t.JMeterThread: Thread started: 热点参数限流 QPS1 1-99
2024-12-28 15:09:21,471 INFO o.a.j.t.JMeterThread: Thread is done: 热点参数限流 QPS1 1-53
2024-12-28 15:09:21,471 INFO o.a.j.t.JMeterThread: Thread finished: 热点参数限流 QPS1 1-53
2024-12-28 15:09:21,550 INFO o.a.j.t.JMeterThread: Thread started: 热点参数限流 QPS1 1-100
2024-12-28 15:09:21,751 INFO o.a.j.t.JMeterThread: Thread started: 热点参数限流 QPS1 1-101
2024-12-28 15:09:21,865 INFO o.a.j.t.JMeterThread: Thread is done: 热点参数限流 QPS1 1-54
2024-12-28 15:09:21,865 INFO o.a.j.t.JMeterThread: Thread finished: 热点参数限流 QPS1 1-54
2024-12-28 15:09:21,950 INFO o.a.j.t.JMeterThread: Thread started: 热点参数限流 QPS1 1-102
2024-12-28 15:09:22,151 INFO o.a.j.t.JMeterThread: Thread started: 热点参数限流 QPS1 1-103
2024-12-28 15:09:22,350 INFO o.a.j.t.JMeterThread: Thread started: 热点参数限流 QPS1 1-104
2024-12-28 15:09:22,357 INFO o.a.j.t.JMeterThread: Thread is done: 热点参数限流 QPS1 1-55
2024-12-28 15:09:22,358 INFO o.a.j.t.JMeterThread: Thread finished: 热点参数限流 QPS1 1-55
2024-12-28 15:09:22,551 INFO o.a.j.t.JMeterThread: Thread started: 热点参数限流 QPS1 1-105
2024-12-28 15:09:22,654 INFO o.a.j.t.JMeterThread: Thread is done: 热点参数限流 QPS1 1-56
2024-12-28 15:09:22,655 INFO o.a.j.t.JMeterThread: Thread finished: 热点参数限流 QPS1 1-56
2024-12-28 15:09:22,761 INFO o.a.j.t.JMeterThread: Thread started: 热点参数限流 QPS1 1-106
2024-12-28 15:09:22,950 INFO o.a.j.t.JMeterThread: Thread started: 热点参数限流 QPS1 1-107
2024-12-28 15:09:22,950 INFO o.a.j.t.JMeterThread: Thread is done: 热点参数限流 QPS1 1-87
2024-12-28 15:09:22,950 INFO o.a.j.t.JMeterThread: Thread finished: 热点参数限流 QPS1 1-87
2024-12-28 15:09:23,064 INFO o.a.j.t.JMeterThread: Thread is done: 热点参数限流 QPS1 1-57
2024-12-28 15:09:23,064 INFO o.a.j.t.JMeterThread: Thread finished: 热点参数限流 QPS1 1-57
2024-12-28 15:09:23,159 INFO o.a.j.t.JMeterThread: Thread started: 热点参数限流 QPS1 1-108
2024-12-28 15:09:23,363 INFO o.a.j.t.JMeterThread: Thread started: 热点参数限流 QPS1 1-109
2024-12-28 15:09:23,366 INFO o.a.j.t.JMeterThread: Thread is done: 热点参数限流 QPS1 1-58
2024-12-28 15:09:23,366 INFO o.a.j.t.JMeterThread: Thread finished: 热点参数限流 QPS1 1-58
2024-12-28 15:09:23,562 INFO o.a.j.t.JMeterThread: Thread started: 热点参数限流 QPS1 1-110
2024-12-28 15:09:23,567 INFO o.a.j.t.JMeterThread: Thread is done: 热点参数限流 QPS1 1-89
2024-12-28 15:09:23,567 INFO o.a.j.t.JMeterThread: Thread finished: 热点参数限流 QPS1 1-89
2024-12-28 15:09:23,656 INFO o.a.j.t.JMeterThread: Thread is done: 热点参数限流 QPS1 1-59
2024-12-28 15:09:23,656 INFO o.a.j.t.JMeterThread: Thread finished: 热点参数限流 QPS1 1-59
2024-12-28 15:09:23,765 INFO o.a.j.t.JMeterThread: Thread started: 热点参数限流 QPS1 1-111
2024-12-28 15:09:23,954 INFO o.a.j.t.JMeterThread: Thread started: 热点参数限流 QPS1 1-112
2024-12-28 15:09:23,954 INFO o.a.j.t.JMeterThread: Thread is done: 热点参数限流 QPS1 1-91
2024-12-28 15:09:23,954 INFO o.a.j.t.JMeterThread: Thread finished: 热点参数限流 QPS1 1-91
2024-12-28 15:09:24,161 INFO o.a.j.t.JMeterThread: Thread started: 热点参数限流 QPS1 1-113
2024-12-28 15:09:24,161 INFO o.a.j.t.JMeterThread: Thread is done: 热点参数限流 QPS1 1-60
2024-12-28 15:09:24,161 INFO o.a.j.t.JMeterThread: Thread finished: 热点参数限流 QPS1 1-60
2024-12-28 15:09:24,366 INFO o.a.j.t.JMeterThread: Thread started: 热点参数限流 QPS1 1-114
2024-12-28 15:09:24,366 INFO o.a.j.t.JMeterThread: Thread is done: 热点参数限流 QPS1 1-75
2024-12-28 15:09:24,366 INFO o.a.j.t.JMeterThread: Thread finished: 热点参数限流 QPS1 1-75
2024-12-28 15:09:24,554 INFO o.a.j.t.JMeterThread: Thread started: 热点参数限流 QPS1 1-115
2024-12-28 15:09:24,554 INFO o.a.j.t.JMeterThread: Thread is done: 热点参数限流 QPS1 1-61
2024-12-28 15:09:24,554 INFO o.a.j.t.JMeterThread: Thread finished: 热点参数限流 QPS1 1-61
2024-12-28 15:09:24,758 INFO o.a.j.t.JMeterThread: Thread started: 热点参数限流 QPS1 1-116
2024-12-28 15:09:24,758 INFO o.a.j.t.JMeterThread: Thread is done: 热点参数限流 QPS1 1-94
2024-12-28 15:09:24,758 INFO o.a.j.t.JMeterThread: Thread finished: 热点参数限流 QPS1 1-94
2024-12-28 15:09:24,852 INFO o.a.j.t.JMeterThread: Thread is done: 热点参数限流 QPS1 1-62
2024-12-28 15:09:24,852 INFO o.a.j.t.JMeterThread: Thread finished: 热点参数限流 QPS1 1-62
2024-12-28 15:09:24,963 INFO o.a.j.t.JMeterThread: Thread started: 热点参数限流 QPS1 1-117
2024-12-28 15:09:25,164 INFO o.a.j.t.JMeterThread: Thread started: 热点参数限流 QPS1 1-118
2024-12-28 15:09:25,164 INFO o.a.j.t.JMeterThread: Thread is done: 热点参数限流 QPS1 1-63
2024-12-28 15:09:25,164 INFO o.a.j.t.JMeterThread: Thread finished: 热点参数限流 QPS1 1-63
2024-12-28 15:09:25,354 INFO o.a.j.t.JMeterThread: Thread started: 热点参数限流 QPS1 1-119
2024-12-28 15:09:25,354 INFO o.a.j.t.JMeterThread: Thread is done: 热点参数限流 QPS1 1-78
2024-12-28 15:09:25,354 INFO o.a.j.t.JMeterThread: Thread finished: 热点参数限流 QPS1 1-78
2024-12-28 15:09:25,559 INFO o.a.j.t.JMeterThread: Thread started: 热点参数限流 QPS1 1-120
2024-12-28 15:09:25,559 INFO o.a.j.t.JMeterThread: Thread is done: 热点参数限流 QPS1 1-79
2024-12-28 15:09:25,559 INFO o.a.j.t.JMeterThread: Thread finished: 热点参数限流 QPS1 1-79
2024-12-28 15:09:25,657 INFO o.a.j.t.JMeterThread: Thread is done: 热点参数限流 QPS1 1-64
2024-12-28 15:09:25,657 INFO o.a.j.t.JMeterThread: Thread finished: 热点参数限流 QPS1 1-64
2024-12-28 15:09:25,763 INFO o.a.j.t.JMeterThread: Thread started: 热点参数限流 QPS1 1-121
2024-12-28 15:09:25,959 INFO o.a.j.t.JMeterThread: Thread started: 热点参数限流 QPS1 1-122
2024-12-28 15:09:25,959 INFO o.a.j.t.JMeterThread: Thread is done: 热点参数限流 QPS1 1-99
2024-12-28 15:09:25,959 INFO o.a.j.t.JMeterThread: Thread finished: 热点参数限流 QPS1 1-99
2024-12-28 15:09:26,053 INFO o.a.j.t.JMeterThread: Thread is done: 热点参数限流 QPS1 1-65
2024-12-28 15:09:26,053 INFO o.a.j.t.JMeterThread: Thread finished: 热点参数限流 QPS1 1-65
2024-12-28 15:09:26,163 INFO o.a.j.t.JMeterThread: Thread started: 热点参数限流 QPS1 1-123
2024-12-28 15:09:26,351 INFO o.a.j.t.JMeterThread: Thread started: 热点参数限流 QPS1 1-124
2024-12-28 15:09:26,351 INFO o.a.j.t.JMeterThread: Thread is done: 热点参数限流 QPS1 1-66
2024-12-28 15:09:26,351 INFO o.a.j.t.JMeterThread: Thread finished: 热点参数限流 QPS1 1-66
2024-12-28 15:09:26,556 INFO o.a.j.t.JMeterThread: Thread started: 热点参数限流 QPS1 1-125
2024-12-28 15:09:26,556 INFO o.a.j.t.JMeterThread: Thread is done: 热点参数限流 QPS1 1-82
2024-12-28 15:09:26,556 INFO o.a.j.t.JMeterThread: Thread finished: 热点参数限流 QPS1 1-82
2024-12-28 15:09:26,764 INFO o.a.j.t.JMeterThread: Thread started: 热点参数限流 QPS1 1-126
2024-12-28 15:09:26,768 INFO o.a.j.t.JMeterThread: Thread is done: 热点参数限流 QPS1 1-67
2024-12-28 15:09:26,768 INFO o.a.j.t.JMeterThread: Thread finished: 热点参数限流 QPS1 1-67
2024-12-28 15:09:26,964 INFO o.a.j.t.JMeterThread: Thread started: 热点参数限流 QPS1 1-127
2024-12-28 15:09:26,968 INFO o.a.j.t.JMeterThread: Thread is done: 热点参数限流 QPS1 1-103
2024-12-28 15:09:26,968 INFO o.a.j.t.JMeterThread: Thread finished: 热点参数限流 QPS1 1-103
2024-12-28 15:09:27,062 INFO o.a.j.t.JMeterThread: Thread is done: 热点参数限流 QPS1 1-68
2024-12-28 15:09:27,062 INFO o.a.j.t.JMeterThread: Thread finished: 热点参数限流 QPS1 1-68
2024-12-28 15:09:27,156 INFO o.a.j.t.JMeterThread: Thread started: 热点参数限流 QPS1 1-128
2024-12-28 15:09:27,361 INFO o.a.j.t.JMeterThread: Thread started: 热点参数限流 QPS1 1-129
2024-12-28 15:09:27,361 INFO o.a.j.t.JMeterThread: Thread is done: 热点参数限流 QPS1 1-85
2024-12-28 15:09:27,361 INFO o.a.j.t.JMeterThread: Thread finished: 热点参数限流 QPS1 1-85
2024-12-28 15:09:27,564 INFO o.a.j.t.JMeterThread: Thread started: 热点参数限流 QPS1 1-130
2024-12-28 15:09:27,567 INFO o.a.j.t.JMeterThread: Thread is done: 热点参数限流 QPS1 1-69
2024-12-28 15:09:27,567 INFO o.a.j.t.JMeterThread: Thread finished: 热点参数限流 QPS1 1-69
2024-12-28 15:09:27,762 INFO o.a.j.t.JMeterThread: Thread started: 热点参数限流 QPS1 1-131
2024-12-28 15:09:27,766 INFO o.a.j.t.JMeterThread: Thread is done: 热点参数限流 QPS1 1-86
2024-12-28 15:09:27,766 INFO o.a.j.t.JMeterThread: Thread finished: 热点参数限流 QPS1 1-86
2024-12-28 15:09:27,861 INFO o.a.j.t.JMeterThread: Thread is done: 热点参数限流 QPS1 1-70
2024-12-28 15:09:27,861 INFO o.a.j.t.JMeterThread: Thread finished: 热点参数限流 QPS1 1-70
2024-12-28 15:09:27,956 INFO o.a.j.t.JMeterThread: Thread started: 热点参数限流 QPS1 1-132
2024-12-28 15:09:28,155 INFO o.a.j.t.JMeterThread: Thread started: 热点参数限流 QPS1 1-133
2024-12-28 15:09:28,155 INFO o.a.j.t.JMeterThread: Thread is done: 热点参数限流 QPS1 1-71
2024-12-28 15:09:28,155 INFO o.a.j.t.JMeterThread: Thread finished: 热点参数限流 QPS1 1-71
2024-12-28 15:09:28,362 INFO o.a.j.t.JMeterThread: Thread started: 热点参数限流 QPS1 1-134
2024-12-28 15:09:28,362 INFO o.a.j.t.JMeterThread: Thread is done: 热点参数限流 QPS1 1-109
2024-12-28 15:09:28,362 INFO o.a.j.t.JMeterThread: Thread finished: 热点参数限流 QPS1 1-109
2024-12-28 15:09:28,456 INFO o.a.j.t.JMeterThread: Thread is done: 热点参数限流 QPS1 1-72
2024-12-28 15:09:28,456 INFO o.a.j.t.JMeterThread: Thread finished: 热点参数限流 QPS1 1-72
2024-12-28 15:09:28,551 INFO o.a.j.t.JMeterThread: Thread started: 热点参数限流 QPS1 1-135
2024-12-28 15:09:28,755 INFO o.a.j.t.JMeterThread: Thread started: 热点参数限流 QPS1 1-136
2024-12-28 15:09:28,755 INFO o.a.j.t.JMeterThread: Thread is done: 热点参数限流 QPS1 1-90
2024-12-28 15:09:28,755 INFO o.a.j.t.JMeterThread: Thread finished: 热点参数限流 QPS1 1-90
2024-12-28 15:09:28,866 INFO o.a.j.t.JMeterThread: Thread is done: 热点参数限流 QPS1 1-73
2024-12-28 15:09:28,866 INFO o.a.j.t.JMeterThread: Thread finished: 热点参数限流 QPS1 1-73
2024-12-28 15:09:28,960 INFO o.a.j.t.JMeterThread: Thread started: 热点参数限流 QPS1 1-137
2024-12-28 15:09:29,055 INFO o.a.j.t.JMeterThread: Thread is done: 热点参数限流 QPS1 1-74
2024-12-28 15:09:29,055 INFO o.a.j.t.JMeterThread: Thread finished: 热点参数限流 QPS1 1-74
2024-12-28 15:09:29,164 INFO o.a.j.t.JMeterThread: Thread started: 热点参数限流 QPS1 1-138
2024-12-28 15:09:29,352 INFO o.a.j.t.JMeterThread: Thread started: 热点参数限流 QPS1 1-139
2024-12-28 15:09:29,356 INFO o.a.j.t.JMeterThread: Thread is done: 热点参数限流 QPS1 1-114
2024-12-28 15:09:29,356 INFO o.a.j.t.JMeterThread: Thread finished: 热点参数限流 QPS1 1-114
2024-12-28 15:09:29,560 INFO o.a.j.t.JMeterThread: Thread started: 热点参数限流 QPS1 1-140
2024-12-28 15:09:29,560 INFO o.a.j.t.JMeterThread: Thread is done: 热点参数限流 QPS1 1-115
2024-12-28 15:09:29,560 INFO o.a.j.t.JMeterThread: Thread finished: 热点参数限流 QPS1 1-115
2024-12-28 15:09:29,669 INFO o.a.j.t.JMeterThread: Thread is done: 热点参数限流 QPS1 1-76
2024-12-28 15:09:29,669 INFO o.a.j.t.JMeterThread: Thread finished: 热点参数限流 QPS1 1-76
2024-12-28 15:09:29,763 INFO o.a.j.t.JMeterThread: Thread started: 热点参数限流 QPS1 1-141
2024-12-28 15:09:29,952 INFO o.a.j.t.JMeterThread: Thread started: 热点参数限流 QPS1 1-142
2024-12-28 15:09:29,967 INFO o.a.j.t.JMeterThread: Thread is done: 热点参数限流 QPS1 1-95
2024-12-28 15:09:29,967 INFO o.a.j.t.JMeterThread: Thread finished: 热点参数限流 QPS1 1-95
2024-12-28 15:09:30,062 INFO o.a.j.t.JMeterThread: Thread is done: 热点参数限流 QPS1 1-77
2024-12-28 15:09:30,062 INFO o.a.j.t.JMeterThread: Thread finished: 热点参数限流 QPS1 1-77
2024-12-28 15:09:30,156 INFO o.a.j.t.JMeterThread: Thread started: 热点参数限流 QPS1 1-143
2024-12-28 15:09:30,359 INFO o.a.j.t.JMeterThread: Thread started: 热点参数限流 QPS1 1-144
2024-12-28 15:09:30,359 INFO o.a.j.t.JMeterThread: Thread is done: 热点参数限流 QPS1 1-119
2024-12-28 15:09:30,359 INFO o.a.j.t.JMeterThread: Thread finished: 热点参数限流 QPS1 1-119
2024-12-28 15:09:30,552 INFO o.a.j.t.JMeterThread: Thread started: 热点参数限流 QPS1 1-145
2024-12-28 15:09:30,567 INFO o.a.j.t.JMeterThread: Thread is done: 热点参数限流 QPS1 1-120
2024-12-28 15:09:30,567 INFO o.a.j.t.JMeterThread: Thread finished: 热点参数限流 QPS1 1-120
2024-12-28 15:09:30,755 INFO o.a.j.t.JMeterThread: Thread started: 热点参数限流 QPS1 1-146
2024-12-28 15:09:30,755 INFO o.a.j.t.JMeterThread: Thread is done: 热点参数限流 QPS1 1-98
2024-12-28 15:09:30,755 INFO o.a.j.t.JMeterThread: Thread finished: 热点参数限流 QPS1 1-98
2024-12-28 15:09:30,866 INFO o.a.j.t.JMeterThread: Thread is done: 热点参数限流 QPS1 1-80
2024-12-28 15:09:30,866 INFO o.a.j.t.JMeterThread: Thread finished: 热点参数限流 QPS1 1-80
2024-12-28 15:09:30,960 INFO o.a.j.t.JMeterThread: Thread started: 热点参数限流 QPS1 1-147
2024-12-28 15:09:31,164 INFO o.a.j.t.JMeterThread: Thread started: 热点参数限流 QPS1 1-148
2024-12-28 15:09:31,164 INFO o.a.j.t.JMeterThread: Thread is done: 热点参数限流 QPS1 1-100
2024-12-28 15:09:31,164 INFO o.a.j.t.JMeterThread: Thread finished: 热点参数限流 QPS1 1-100
2024-12-28 15:09:31,258 INFO o.a.j.t.JMeterThread: Thread is done: 热点参数限流 QPS1 1-81
2024-12-28 15:09:31,258 INFO o.a.j.t.JMeterThread: Thread finished: 热点参数限流 QPS1 1-81
2024-12-28 15:09:31,352 INFO o.a.j.t.JMeterThread: Thread started: 热点参数限流 QPS1 1-149
2024-12-28 15:09:31,556 INFO o.a.j.t.JMeterThread: Thread started: 热点参数限流 QPS1 1-150
2024-12-28 15:09:31,556 INFO o.a.j.t.JMeterThread: Thread is done: 热点参数限流 QPS1 1-125
2024-12-28 15:09:31,556 INFO o.a.j.t.JMeterThread: Thread finished: 热点参数限流 QPS1 1-125
2024-12-28 15:09:31,761 INFO o.a.j.t.JMeterThread: Thread started: 热点参数限流 QPS1 1-151
2024-12-28 15:09:31,761 INFO o.a.j.t.JMeterThread: Thread is done: 热点参数限流 QPS1 1-126
2024-12-28 15:09:31,761 INFO o.a.j.t.JMeterThread: Thread finished: 热点参数限流 QPS1 1-126
2024-12-28 15:09:31,855 INFO o.a.j.t.JMeterThread: Thread is done: 热点参数限流 QPS1 1-83
2024-12-28 15:09:31,855 INFO o.a.j.t.JMeterThread: Thread finished: 热点参数限流 QPS1 1-83
2024-12-28 15:09:31,965 INFO o.a.j.t.JMeterThread: Thread started: 热点参数限流 QPS1 1-152
2024-12-28 15:09:32,153 INFO o.a.j.t.JMeterThread: Thread started: 热点参数限流 QPS1 1-153
2024-12-28 15:09:32,153 INFO o.a.j.t.JMeterThread: Thread is done: 热点参数限流 QPS1 1-84
2024-12-28 15:09:32,153 INFO o.a.j.t.JMeterThread: Thread finished: 热点参数限流 QPS1 1-84
2024-12-28 15:09:32,358 INFO o.a.j.t.JMeterThread: Thread started: 热点参数限流 QPS1 1-154
2024-12-28 15:09:32,358 INFO o.a.j.t.JMeterThread: Thread is done: 热点参数限流 QPS1 1-129
2024-12-28 15:09:32,358 INFO o.a.j.t.JMeterThread: Thread finished: 热点参数限流 QPS1 1-129
2024-12-28 15:09:32,561 INFO o.a.j.t.JMeterThread: Thread started: 热点参数限流 QPS1 1-155
2024-12-28 15:09:32,561 INFO o.a.j.t.JMeterThread: Thread is done: 热点参数限流 QPS1 1-130
2024-12-28 15:09:32,561 INFO o.a.j.t.JMeterThread: Thread finished: 热点参数限流 QPS1 1-130
2024-12-28 15:09:32,757 INFO o.a.j.t.JMeterThread: Thread started: 热点参数限流 QPS1 1-156
2024-12-28 15:09:32,757 INFO o.a.j.t.JMeterThread: Thread is done: 热点参数限流 QPS1 1-131
2024-12-28 15:09:32,757 INFO o.a.j.t.JMeterThread: Thread finished: 热点参数限流 QPS1 1-131
2024-12-28 15:09:32,961 INFO o.a.j.t.JMeterThread: Thread started: 热点参数限流 QPS1 1-157
2024-12-28 15:09:32,961 INFO o.a.j.t.JMeterThread: Thread is done: 热点参数限流 QPS1 1-107
2024-12-28 15:09:32,961 INFO o.a.j.t.JMeterThread: Thread finished: 热点参数限流 QPS1 1-107
2024-12-28 15:09:33,165 INFO o.a.j.t.JMeterThread: Thread started: 热点参数限流 QPS1 1-158
2024-12-28 15:09:33,165 INFO o.a.j.t.JMeterThread: Thread is done: 热点参数限流 QPS1 1-133
2024-12-28 15:09:33,165 INFO o.a.j.t.JMeterThread: Thread finished: 热点参数限流 QPS1 1-133
2024-12-28 15:09:33,259 INFO o.a.j.t.JMeterThread: Thread is done: 热点参数限流 QPS1 1-88
2024-12-28 15:09:33,259 INFO o.a.j.t.JMeterThread: Thread finished: 热点参数限流 QPS1 1-88
2024-12-28 15:09:33,353 INFO o.a.j.t.JMeterThread: Thread started: 热点参数限流 QPS1 1-159
2024-12-28 15:09:33,558 INFO o.a.j.t.JMeterThread: Thread started: 热点参数限流 QPS1 1-160
2024-12-28 15:09:33,558 INFO o.a.j.t.JMeterThread: Thread is done: 热点参数限流 QPS1 1-110
2024-12-28 15:09:33,558 INFO o.a.j.t.JMeterThread: Thread finished: 热点参数限流 QPS1 1-110
2024-12-28 15:09:33,762 INFO o.a.j.t.JMeterThread: Thread started: 热点参数限流 QPS1 1-161
2024-12-28 15:09:33,762 INFO o.a.j.t.JMeterThread: Thread is done: 热点参数限流 QPS1 1-136
2024-12-28 15:09:33,762 INFO o.a.j.t.JMeterThread: Thread finished: 热点参数限流 QPS1 1-136
2024-12-28 15:09:33,951 INFO o.a.j.t.JMeterThread: Thread started: 热点参数限流 QPS1 1-162
2024-12-28 15:09:33,967 INFO o.a.j.t.JMeterThread: Thread is done: 热点参数限流 QPS1 1-112
2024-12-28 15:09:33,967 INFO o.a.j.t.JMeterThread: Thread finished: 热点参数限流 QPS1 1-112
2024-12-28 15:09:34,156 INFO o.a.j.t.JMeterThread: Thread started: 热点参数限流 QPS1 1-163
2024-12-28 15:09:34,156 INFO o.a.j.t.JMeterThread: Thread is done: 热点参数限流 QPS1 1-113
2024-12-28 15:09:34,156 INFO o.a.j.t.JMeterThread: Thread finished: 热点参数限流 QPS1 1-113
2024-12-28 15:09:34,265 INFO o.a.j.t.JMeterThread: Thread is done: 热点参数限流 QPS1 1-92
2024-12-28 15:09:34,265 INFO o.a.j.t.JMeterThread: Thread finished: 热点参数限流 QPS1 1-92
2024-12-28 15:09:34,360 INFO o.a.j.t.JMeterThread: Thread started: 热点参数限流 QPS1 1-164
2024-12-28 15:09:34,470 INFO o.a.j.t.JMeterThread: Thread is done: 热点参数限流 QPS1 1-93
2024-12-28 15:09:34,470 INFO o.a.j.t.JMeterThread: Thread finished: 热点参数限流 QPS1 1-93
2024-12-28 15:09:34,565 INFO o.a.j.t.JMeterThread: Thread started: 热点参数限流 QPS1 1-165
2024-12-28 15:09:34,753 INFO o.a.j.t.JMeterThread: Thread started: 热点参数限流 QPS1 1-166
2024-12-28 15:09:34,772 INFO o.a.j.t.JMeterThread: Thread is done: 热点参数限流 QPS1 1-116
2024-12-28 15:09:34,772 INFO o.a.j.t.JMeterThread: Thread finished: 热点参数限流 QPS1 1-116
2024-12-28 15:09:34,958 INFO o.a.j.t.JMeterThread: Thread started: 热点参数限流 QPS1 1-167
2024-12-28 15:09:34,964 INFO o.a.j.t.JMeterThread: Thread is done: 热点参数限流 QPS1 1-142
2024-12-28 15:09:34,964 INFO o.a.j.t.JMeterThread: Thread finished: 热点参数限流 QPS1 1-142
2024-12-28 15:09:35,152 INFO o.a.j.t.JMeterThread: Thread started: 热点参数限流 QPS1 1-168
2024-12-28 15:09:35,169 INFO o.a.j.t.JMeterThread: Thread is done: 热点参数限流 QPS1 1-118
2024-12-28 15:09:35,169 INFO o.a.j.t.JMeterThread: Thread finished: 热点参数限流 QPS1 1-118
2024-12-28 15:09:35,264 INFO o.a.j.t.JMeterThread: Thread is done: 热点参数限流 QPS1 1-96
2024-12-28 15:09:35,264 INFO o.a.j.t.JMeterThread: Thread finished: 热点参数限流 QPS1 1-96
2024-12-28 15:09:35,350 INFO o.a.j.t.JMeterThread: Thread started: 热点参数限流 QPS1 1-169
2024-12-28 15:09:35,464 INFO o.a.j.t.JMeterThread: Thread is done: 热点参数限流 QPS1 1-97
2024-12-28 15:09:35,464 INFO o.a.j.t.JMeterThread: Thread finished: 热点参数限流 QPS1 1-97
2024-12-28 15:09:35,550 INFO o.a.j.t.JMeterThread: Thread started: 热点参数限流 QPS1 1-170
2024-12-28 15:09:35,750 INFO o.a.j.t.JMeterThread: Thread started: 热点参数限流 QPS1 1-171
2024-12-28 15:09:35,771 INFO o.a.j.t.JMeterThread: Thread is done: 热点参数限流 QPS1 1-146
2024-12-28 15:09:35,771 INFO o.a.j.t.JMeterThread: Thread finished: 热点参数限流 QPS1 1-146
2024-12-28 15:09:35,950 INFO o.a.j.t.JMeterThread: Thread started: 热点参数限流 QPS1 1-172
2024-12-28 15:09:35,970 INFO o.a.j.t.JMeterThread: Thread is done: 热点参数限流 QPS1 1-122
2024-12-28 15:09:35,970 INFO o.a.j.t.JMeterThread: Thread finished: 热点参数限流 QPS1 1-122
2024-12-28 15:09:36,151 INFO o.a.j.t.JMeterThread: Thread started: 热点参数限流 QPS1 1-173
2024-12-28 15:09:36,159 INFO o.a.j.t.JMeterThread: Thread is done: 热点参数限流 QPS1 1-148
2024-12-28 15:09:36,159 INFO o.a.j.t.JMeterThread: Thread finished: 热点参数限流 QPS1 1-148
2024-12-28 15:09:36,351 INFO o.a.j.t.JMeterThread: Thread started: 热点参数限流 QPS1 1-174
2024-12-28 15:09:36,359 INFO o.a.j.t.JMeterThread: Thread is done: 热点参数限流 QPS1 1-124
2024-12-28 15:09:36,359 INFO o.a.j.t.JMeterThread: Thread finished: 热点参数限流 QPS1 1-124
2024-12-28 15:09:36,469 INFO o.a.j.t.JMeterThread: Thread is done: 热点参数限流 QPS1 1-101
2024-12-28 15:09:36,469 INFO o.a.j.t.JMeterThread: Thread finished: 热点参数限流 QPS1 1-101
2024-12-28 15:09:36,550 INFO o.a.j.t.JMeterThread: Thread started: 热点参数限流 QPS1 1-175
2024-12-28 15:09:36,672 INFO o.a.j.t.JMeterThread: Thread is done: 热点参数限流 QPS1 1-102
2024-12-28 15:09:36,672 INFO o.a.j.t.JMeterThread: Thread finished: 热点参数限流 QPS1 1-102
2024-12-28 15:09:36,751 INFO o.a.j.t.JMeterThread: Thread started: 热点参数限流 QPS1 1-176
2024-12-28 15:09:36,950 INFO o.a.j.t.JMeterThread: Thread started: 热点参数限流 QPS1 1-177
2024-12-28 15:09:36,965 INFO o.a.j.t.JMeterThread: Thread is done: 热点参数限流 QPS1 1-127
2024-12-28 15:09:36,965 INFO o.a.j.t.JMeterThread: Thread finished: 热点参数限流 QPS1 1-127
2024-12-28 15:09:37,151 INFO o.a.j.t.JMeterThread: Thread started: 热点参数限流 QPS1 1-178
2024-12-28 15:09:37,159 INFO o.a.j.t.JMeterThread: Thread is done: 热点参数限流 QPS1 1-153
2024-12-28 15:09:37,159 INFO o.a.j.t.JMeterThread: Thread finished: 热点参数限流 QPS1 1-153
2024-12-28 15:09:37,270 INFO o.a.j.t.JMeterThread: Thread is done: 热点参数限流 QPS1 1-104
2024-12-28 15:09:37,270 INFO o.a.j.t.JMeterThread: Thread finished: 热点参数限流 QPS1 1-104
2024-12-28 15:09:37,350 INFO o.a.j.t.JMeterThread: Thread started: 热点参数限流 QPS1 1-179
2024-12-28 15:09:37,473 INFO o.a.j.t.JMeterThread: Thread is done: 热点参数限流 QPS1 1-105
2024-12-28 15:09:37,473 INFO o.a.j.t.JMeterThread: Thread finished: 热点参数限流 QPS1 1-105
2024-12-28 15:09:37,550 INFO o.a.j.t.JMeterThread: Thread started: 热点参数限流 QPS1 1-180
2024-12-28 15:09:37,675 INFO o.a.j.t.JMeterThread: Thread is done: 热点参数限流 QPS1 1-106
2024-12-28 15:09:37,675 INFO o.a.j.t.JMeterThread: Thread finished: 热点参数限流 QPS1 1-106
2024-12-28 15:09:37,751 INFO o.a.j.t.JMeterThread: Thread started: 热点参数限流 QPS1 1-181
2024-12-28 15:09:37,950 INFO o.a.j.t.JMeterThread: Thread started: 热点参数限流 QPS1 1-182
2024-12-28 15:09:37,966 INFO o.a.j.t.JMeterThread: Thread is done: 热点参数限流 QPS1 1-157
2024-12-28 15:09:37,966 INFO o.a.j.t.JMeterThread: Thread finished: 热点参数限流 QPS1 1-157
2024-12-28 15:09:38,064 INFO o.a.j.t.JMeterThread: Thread is done: 热点参数限流 QPS1 1-108
2024-12-28 15:09:38,064 INFO o.a.j.t.JMeterThread: Thread finished: 热点参数限流 QPS1 1-108
2024-12-28 15:09:38,150 INFO o.a.j.t.JMeterThread: Thread started: 热点参数限流 QPS1 1-183
2024-12-28 15:09:38,351 INFO o.a.j.t.JMeterThread: Thread started: 热点参数限流 QPS1 1-184
2024-12-28 15:09:38,372 INFO o.a.j.t.JMeterThread: Thread is done: 热点参数限流 QPS1 1-134
2024-12-28 15:09:38,372 INFO o.a.j.t.JMeterThread: Thread finished: 热点参数限流 QPS1 1-134
2024-12-28 15:09:38,550 INFO o.a.j.t.JMeterThread: Thread started: 热点参数限流 QPS1 1-185
2024-12-28 15:09:38,560 INFO o.a.j.t.JMeterThread: Thread is done: 热点参数限流 QPS1 1-160
2024-12-28 15:09:38,560 INFO o.a.j.t.JMeterThread: Thread finished: 热点参数限流 QPS1 1-160
2024-12-28 15:09:38,674 INFO o.a.j.t.JMeterThread: Thread is done: 热点参数限流 QPS1 1-111
2024-12-28 15:09:38,674 INFO o.a.j.t.JMeterThread: Thread finished: 热点参数限流 QPS1 1-111
2024-12-28 15:09:38,750 INFO o.a.j.t.JMeterThread: Thread started: 热点参数限流 QPS1 1-186
2024-12-28 15:09:38,951 INFO o.a.j.t.JMeterThread: Thread started: 热点参数限流 QPS1 1-187
2024-12-28 15:09:38,965 INFO o.a.j.t.JMeterThread: Thread is done: 热点参数限流 QPS1 1-162
2024-12-28 15:09:38,965 INFO o.a.j.t.JMeterThread: Thread finished: 热点参数限流 QPS1 1-162
2024-12-28 15:09:39,151 INFO o.a.j.t.JMeterThread: Thread started: 热点参数限流 QPS1 1-188
2024-12-28 15:09:39,158 INFO o.a.j.t.JMeterThread: Thread is done: 热点参数限流 QPS1 1-163
2024-12-28 15:09:39,158 INFO o.a.j.t.JMeterThread: Thread finished: 热点参数限流 QPS1 1-163
2024-12-28 15:09:39,350 INFO o.a.j.t.JMeterThread: Thread started: 热点参数限流 QPS1 1-189
2024-12-28 15:09:39,359 INFO o.a.j.t.JMeterThread: Thread is done: 热点参数限流 QPS1 1-139
2024-12-28 15:09:39,359 INFO o.a.j.t.JMeterThread: Thread finished: 热点参数限流 QPS1 1-139
2024-12-28 15:09:39,551 INFO o.a.j.t.JMeterThread: Thread started: 热点参数限流 QPS1 1-190
2024-12-28 15:09:39,560 INFO o.a.j.t.JMeterThread: Thread is done: 热点参数限流 QPS1 1-140
2024-12-28 15:09:39,560 INFO o.a.j.t.JMeterThread: Thread finished: 热点参数限流 QPS1 1-140
2024-12-28 15:09:39,751 INFO o.a.j.t.JMeterThread: Thread started: 热点参数限流 QPS1 1-191
2024-12-28 15:09:39,762 INFO o.a.j.t.JMeterThread: Thread is done: 热点参数限流 QPS1 1-166
2024-12-28 15:09:39,763 INFO o.a.j.t.JMeterThread: Thread finished: 热点参数限流 QPS1 1-166
2024-12-28 15:09:39,857 INFO o.a.j.t.JMeterThread: Thread is done: 热点参数限流 QPS1 1-117
2024-12-28 15:09:39,858 INFO o.a.j.t.JMeterThread: Thread finished: 热点参数限流 QPS1 1-117
2024-12-28 15:09:39,951 INFO o.a.j.t.JMeterThread: Thread started: 热点参数限流 QPS1 1-192
2024-12-28 15:09:40,151 INFO o.a.j.t.JMeterThread: Thread started: 热点参数限流 QPS1 1-193
2024-12-28 15:09:40,155 INFO o.a.j.t.JMeterThread: Thread is done: 热点参数限流 QPS1 1-168
2024-12-28 15:09:40,155 INFO o.a.j.t.JMeterThread: Thread finished: 热点参数限流 QPS1 1-168
2024-12-28 15:09:40,362 INFO o.a.j.t.JMeterThread: Thread started: 热点参数限流 QPS1 1-194
2024-12-28 15:09:40,362 INFO o.a.j.t.JMeterThread: Thread is done: 热点参数限流 QPS1 1-144
2024-12-28 15:09:40,362 INFO o.a.j.t.JMeterThread: Thread finished: 热点参数限流 QPS1 1-144
2024-12-28 15:09:40,562 INFO o.a.j.t.JMeterThread: Thread started: 热点参数限流 QPS1 1-195
2024-12-28 15:09:40,562 INFO o.a.j.t.JMeterThread: Thread is done: 热点参数限流 QPS1 1-145
2024-12-28 15:09:40,562 INFO o.a.j.t.JMeterThread: Thread finished: 热点参数限流 QPS1 1-145
2024-12-28 15:09:40,656 INFO o.a.j.t.JMeterThread: Thread is done: 热点参数限流 QPS1 1-121
2024-12-28 15:09:40,656 INFO o.a.j.t.JMeterThread: Thread finished: 热点参数限流 QPS1 1-121
2024-12-28 15:09:40,766 INFO o.a.j.t.JMeterThread: Thread started: 热点参数限流 QPS1 1-196
2024-12-28 15:09:40,954 INFO o.a.j.t.JMeterThread: Thread started: 热点参数限流 QPS1 1-197
2024-12-28 15:09:40,954 INFO o.a.j.t.JMeterThread: Thread is done: 热点参数限流 QPS1 1-172
2024-12-28 15:09:40,954 INFO o.a.j.t.JMeterThread: Thread finished: 热点参数限流 QPS1 1-172
2024-12-28 15:09:41,064 INFO o.a.j.t.JMeterThread: Thread is done: 热点参数限流 QPS1 1-123
2024-12-28 15:09:41,064 INFO o.a.j.t.JMeterThread: Thread finished: 热点参数限流 QPS1 1-123
2024-12-28 15:09:41,158 INFO o.a.j.t.JMeterThread: Thread started: 热点参数限流 QPS1 1-198
2024-12-28 15:09:41,351 INFO o.a.j.t.JMeterThread: Thread started: 热点参数限流 QPS1 1-199
2024-12-28 15:09:41,351 INFO o.a.j.t.JMeterThread: Thread is done: 热点参数限流 QPS1 1-174
2024-12-28 15:09:41,351 INFO o.a.j.t.JMeterThread: Thread finished: 热点参数限流 QPS1 1-174
2024-12-28 15:09:41,555 INFO o.a.j.t.JMeterThread: Thread started: 热点参数限流 QPS1 1-200
2024-12-28 15:09:41,558 INFO o.a.j.t.JMeterThread: Thread is done: 热点参数限流 QPS1 1-150
2024-12-28 15:09:41,558 INFO o.a.j.t.JMeterThread: Thread finished: 热点参数限流 QPS1 1-150
2024-12-28 15:09:41,753 INFO o.a.j.t.JMeterThread: Thread started: 热点参数限流 QPS1 1-201
2024-12-28 15:09:41,753 INFO o.a.j.t.JMeterThread: Thread is done: 热点参数限流 QPS1 1-151
2024-12-28 15:09:41,753 INFO o.a.j.t.JMeterThread: Thread finished: 热点参数限流 QPS1 1-151
2024-12-28 15:09:41,952 INFO o.a.j.t.JMeterThread: Thread started: 热点参数限流 QPS1 1-202
2024-12-28 15:09:41,955 INFO o.a.j.t.JMeterThread: Thread is done: 热点参数限流 QPS1 1-177
2024-12-28 15:09:41,955 INFO o.a.j.t.JMeterThread: Thread finished: 热点参数限流 QPS1 1-177
2024-12-28 15:09:42,067 INFO o.a.j.t.JMeterThread: Thread is done: 热点参数限流 QPS1 1-128
2024-12-28 15:09:42,067 INFO o.a.j.t.JMeterThread: Thread finished: 热点参数限流 QPS1 1-128
2024-12-28 15:09:42,178 INFO o.a.j.t.JMeterThread: Thread started: 热点参数限流 QPS1 1-203
2024-12-28 15:09:42,379 INFO o.a.j.t.JMeterThread: Thread started: 热点参数限流 QPS1 1-204
2024-12-28 15:09:42,381 INFO o.a.j.t.JMeterThread: Thread is done: 热点参数限流 QPS1 1-204
2024-12-28 15:09:42,381 INFO o.a.j.t.JMeterThread: Thread finished: 热点参数限流 QPS1 1-204
2024-12-28 15:09:42,553 INFO o.a.j.t.JMeterThread: Thread started: 热点参数限流 QPS1 1-205
2024-12-28 15:09:42,556 INFO o.a.j.t.JMeterThread: Thread is done: 热点参数限流 QPS1 1-155
2024-12-28 15:09:42,557 INFO o.a.j.t.JMeterThread: Thread finished: 热点参数限流 QPS1 1-155
2024-12-28 15:09:42,756 INFO o.a.j.t.JMeterThread: Thread started: 热点参数限流 QPS1 1-206
2024-12-28 15:09:42,761 INFO o.a.j.t.JMeterThread: Thread is done: 热点参数限流 QPS1 1-156
2024-12-28 15:09:42,761 INFO o.a.j.t.JMeterThread: Thread finished: 热点参数限流 QPS1 1-156
2024-12-28 15:09:42,863 INFO o.a.j.t.JMeterThread: Thread is done: 热点参数限流 QPS1 1-132
2024-12-28 15:09:42,863 INFO o.a.j.t.JMeterThread: Thread finished: 热点参数限流 QPS1 1-132
2024-12-28 15:09:42,959 INFO o.a.j.t.JMeterThread: Thread started: 热点参数限流 QPS1 1-207
2024-12-28 15:09:43,160 INFO o.a.j.t.JMeterThread: Thread started: 热点参数限流 QPS1 1-208
2024-12-28 15:09:43,163 INFO o.a.j.t.JMeterThread: Thread is done: 热点参数限流 QPS1 1-158
2024-12-28 15:09:43,163 INFO o.a.j.t.JMeterThread: Thread finished: 热点参数限流 QPS1 1-158
2024-12-28 15:09:43,362 INFO o.a.j.t.JMeterThread: Thread started: 热点参数限流 QPS1 1-209
2024-12-28 15:09:43,362 INFO o.a.j.t.JMeterThread: Thread is done: 热点参数限流 QPS1 1-184
2024-12-28 15:09:43,362 INFO o.a.j.t.JMeterThread: Thread finished: 热点参数限流 QPS1 1-184
2024-12-28 15:09:43,457 INFO o.a.j.t.JMeterThread: Thread is done: 热点参数限流 QPS1 1-135
2024-12-28 15:09:43,457 INFO o.a.j.t.JMeterThread: Thread finished: 热点参数限流 QPS1 1-135
2024-12-28 15:09:43,564 INFO o.a.j.t.JMeterThread: Thread started: 热点参数限流 QPS1 1-210
2024-12-28 15:09:43,760 INFO o.a.j.t.JMeterThread: Thread started: 热点参数限流 QPS1 1-211
2024-12-28 15:09:43,760 INFO o.a.j.t.JMeterThread: Thread is done: 热点参数限流 QPS1 1-161
2024-12-28 15:09:43,760 INFO o.a.j.t.JMeterThread: Thread finished: 热点参数限流 QPS1 1-161
2024-12-28 15:09:43,855 INFO o.a.j.t.JMeterThread: Thread is done: 热点参数限流 QPS1 1-137
2024-12-28 15:09:43,855 INFO o.a.j.t.JMeterThread: Thread finished: 热点参数限流 QPS1 1-137
2024-12-28 15:09:43,964 INFO o.a.j.t.JMeterThread: Thread started: 热点参数限流 QPS1 1-212
2024-12-28 15:09:44,061 INFO o.a.j.t.JMeterThread: Thread is done: 热点参数限流 QPS1 1-138
2024-12-28 15:09:44,061 INFO o.a.j.t.JMeterThread: Thread finished: 热点参数限流 QPS1 1-138
2024-12-28 15:09:44,155 INFO o.a.j.t.JMeterThread: Thread started: 热点参数限流 QPS1 1-213
2024-12-28 15:09:44,355 INFO o.a.j.t.JMeterThread: Thread started: 热点参数限流 QPS1 1-214
2024-12-28 15:09:44,355 INFO o.a.j.t.JMeterThread: Thread is done: 热点参数限流 QPS1 1-189
2024-12-28 15:09:44,355 INFO o.a.j.t.JMeterThread: Thread finished: 热点参数限流 QPS1 1-189
2024-12-28 15:09:44,559 INFO o.a.j.t.JMeterThread: Thread started: 热点参数限流 QPS1 1-215
2024-12-28 15:09:44,562 INFO o.a.j.t.JMeterThread: Thread is done: 热点参数限流 QPS1 1-190
2024-12-28 15:09:44,562 INFO o.a.j.t.JMeterThread: Thread finished: 热点参数限流 QPS1 1-190
2024-12-28 15:09:44,657 INFO o.a.j.t.JMeterThread: Thread is done: 热点参数限流 QPS1 1-141
2024-12-28 15:09:44,657 INFO o.a.j.t.JMeterThread: Thread finished: 热点参数限流 QPS1 1-141
2024-12-28 15:09:44,764 INFO o.a.j.t.JMeterThread: Thread started: 热点参数限流 QPS1 1-216
2024-12-28 15:09:44,957 INFO o.a.j.t.JMeterThread: Thread started: 热点参数限流 QPS1 1-217
2024-12-28 15:09:44,957 INFO o.a.j.t.JMeterThread: Thread is done: 热点参数限流 QPS1 1-167
2024-12-28 15:09:44,957 INFO o.a.j.t.JMeterThread: Thread finished: 热点参数限流 QPS1 1-167
2024-12-28 15:09:45,052 INFO o.a.j.t.JMeterThread: Thread is done: 热点参数限流 QPS1 1-143
2024-12-28 15:09:45,052 INFO o.a.j.t.JMeterThread: Thread finished: 热点参数限流 QPS1 1-143
2024-12-28 15:09:45,162 INFO o.a.j.t.JMeterThread: Thread started: 热点参数限流 QPS1 1-218
2024-12-28 15:09:45,358 INFO o.a.j.t.JMeterThread: Thread started: 热点参数限流 QPS1 1-219
2024-12-28 15:09:45,358 INFO o.a.j.t.JMeterThread: Thread is done: 热点参数限流 QPS1 1-194
2024-12-28 15:09:45,358 INFO o.a.j.t.JMeterThread: Thread finished: 热点参数限流 QPS1 1-194
2024-12-28 15:09:45,563 INFO o.a.j.t.JMeterThread: Thread started: 热点参数限流 QPS1 1-220
2024-12-28 15:09:45,563 INFO o.a.j.t.JMeterThread: Thread is done: 热点参数限流 QPS1 1-195
2024-12-28 15:09:45,563 INFO o.a.j.t.JMeterThread: Thread finished: 热点参数限流 QPS1 1-195
2024-12-28 15:09:45,752 INFO o.a.j.t.JMeterThread: Thread started: 热点参数限流 QPS1 1-221
2024-12-28 15:09:45,767 INFO o.a.j.t.JMeterThread: Thread is done: 热点参数限流 QPS1 1-171
2024-12-28 15:09:45,767 INFO o.a.j.t.JMeterThread: Thread finished: 热点参数限流 QPS1 1-171
2024-12-28 15:09:45,860 INFO o.a.j.t.JMeterThread: Thread is done: 热点参数限流 QPS1 1-147
2024-12-28 15:09:45,860 INFO o.a.j.t.JMeterThread: Thread finished: 热点参数限流 QPS1 1-147
2024-12-28 15:09:45,955 INFO o.a.j.t.JMeterThread: Thread started: 热点参数限流 QPS1 1-222
2024-12-28 15:09:46,158 INFO o.a.j.t.JMeterThread: Thread started: 热点参数限流 QPS1 1-223
2024-12-28 15:09:46,158 INFO o.a.j.t.JMeterThread: Thread is done: 热点参数限流 QPS1 1-173
2024-12-28 15:09:46,158 INFO o.a.j.t.JMeterThread: Thread finished: 热点参数限流 QPS1 1-173
2024-12-28 15:09:46,268 INFO o.a.j.t.JMeterThread: Thread is done: 热点参数限流 QPS1 1-149
2024-12-28 15:09:46,268 INFO o.a.j.t.JMeterThread: Thread finished: 热点参数限流 QPS1 1-149
2024-12-28 15:09:46,363 INFO o.a.j.t.JMeterThread: Thread started: 热点参数限流 QPS1 1-224
2024-12-28 15:09:46,551 INFO o.a.j.t.JMeterThread: Thread started: 热点参数限流 QPS1 1-225
2024-12-28 15:09:46,551 INFO o.a.j.t.JMeterThread: Thread is done: 热点参数限流 QPS1 1-200
2024-12-28 15:09:46,551 INFO o.a.j.t.JMeterThread: Thread finished: 热点参数限流 QPS1 1-200
2024-12-28 15:09:46,755 INFO o.a.j.t.JMeterThread: Thread started: 热点参数限流 QPS1 1-226
2024-12-28 15:09:46,759 INFO o.a.j.t.JMeterThread: Thread is done: 热点参数限流 QPS1 1-201
2024-12-28 15:09:46,759 INFO o.a.j.t.JMeterThread: Thread finished: 热点参数限流 QPS1 1-201
2024-12-28 15:09:46,864 INFO o.a.j.t.JMeterThread: Thread is done: 热点参数限流 QPS1 1-152
2024-12-28 15:09:46,864 INFO o.a.j.t.JMeterThread: Thread finished: 热点参数限流 QPS1 1-152
2024-12-28 15:09:46,961 INFO o.a.j.t.JMeterThread: Thread started: 热点参数限流 QPS1 1-227
2024-12-28 15:09:47,153 INFO o.a.j.t.JMeterThread: Thread started: 热点参数限流 QPS1 1-228
2024-12-28 15:09:47,153 INFO o.a.j.t.JMeterThread: Thread is done: 热点参数限流 QPS1 1-203
2024-12-28 15:09:47,153 INFO o.a.j.t.JMeterThread: Thread finished: 热点参数限流 QPS1 1-203
2024-12-28 15:09:47,357 INFO o.a.j.t.JMeterThread: Thread started: 热点参数限流 QPS1 1-229
2024-12-28 15:09:47,357 INFO o.a.j.t.JMeterThread: Thread is done: 热点参数限流 QPS1 1-154
2024-12-28 15:09:47,357 INFO o.a.j.t.JMeterThread: Thread finished: 热点参数限流 QPS1 1-154
2024-12-28 15:09:47,554 INFO o.a.j.t.JMeterThread: Thread started: 热点参数限流 QPS1 1-230
2024-12-28 15:09:47,554 INFO o.a.j.t.JMeterThread: Thread is done: 热点参数限流 QPS1 1-205
2024-12-28 15:09:47,554 INFO o.a.j.t.JMeterThread: Thread finished: 热点参数限流 QPS1 1-205
2024-12-28 15:09:47,759 INFO o.a.j.t.JMeterThread: Thread started: 热点参数限流 QPS1 1-231
2024-12-28 15:09:47,763 INFO o.a.j.t.JMeterThread: Thread is done: 热点参数限流 QPS1 1-206
2024-12-28 15:09:47,763 INFO o.a.j.t.JMeterThread: Thread finished: 热点参数限流 QPS1 1-206
2024-12-28 15:09:47,954 INFO o.a.j.t.JMeterThread: Thread started: 热点参数限流 QPS1 1-232
2024-12-28 15:09:47,957 INFO o.a.j.t.JMeterThread: Thread is done: 热点参数限流 QPS1 1-182
2024-12-28 15:09:47,958 INFO o.a.j.t.JMeterThread: Thread finished: 热点参数限流 QPS1 1-182
2024-12-28 15:09:48,151 INFO o.a.j.t.JMeterThread: Thread started: 热点参数限流 QPS1 1-233
2024-12-28 15:09:48,151 INFO o.a.j.t.JMeterThread: Thread is done: 热点参数限流 QPS1 1-208
2024-12-28 15:09:48,151 INFO o.a.j.t.JMeterThread: Thread finished: 热点参数限流 QPS1 1-208
2024-12-28 15:09:48,266 INFO o.a.j.t.JMeterThread: Thread is done: 热点参数限流 QPS1 1-159
2024-12-28 15:09:48,266 INFO o.a.j.t.JMeterThread: Thread finished: 热点参数限流 QPS1 1-159
2024-12-28 15:09:48,355 INFO o.a.j.t.JMeterThread: Thread started: 热点参数限流 QPS1 1-234
2024-12-28 15:09:48,557 INFO o.a.j.t.JMeterThread: Thread started: 热点参数限流 QPS1 1-235
2024-12-28 15:09:48,557 INFO o.a.j.t.JMeterThread: Thread is done: 热点参数限流 QPS1 1-185
2024-12-28 15:09:48,557 INFO o.a.j.t.JMeterThread: Thread finished: 热点参数限流 QPS1 1-185
2024-12-28 15:09:48,759 INFO o.a.j.t.JMeterThread: Thread started: 热点参数限流 QPS1 1-236
2024-12-28 15:09:48,763 INFO o.a.j.t.JMeterThread: Thread is done: 热点参数限流 QPS1 1-211
2024-12-28 15:09:48,763 INFO o.a.j.t.JMeterThread: Thread finished: 热点参数限流 QPS1 1-211
2024-12-28 15:09:48,960 INFO o.a.j.t.JMeterThread: Thread started: 热点参数限流 QPS1 1-237
2024-12-28 15:09:48,965 INFO o.a.j.t.JMeterThread: Thread is done: 热点参数限流 QPS1 1-187
2024-12-28 15:09:48,965 INFO o.a.j.t.JMeterThread: Thread finished: 热点参数限流 QPS1 1-187
2024-12-28 15:09:49,156 INFO o.a.j.t.JMeterThread: Thread started: 热点参数限流 QPS1 1-238
2024-12-28 15:09:49,156 INFO o.a.j.t.JMeterThread: Thread is done: 热点参数限流 QPS1 1-188
2024-12-28 15:09:49,156 INFO o.a.j.t.JMeterThread: Thread finished: 热点参数限流 QPS1 1-188
2024-12-28 15:09:49,269 INFO o.a.j.t.JMeterThread: Thread is done: 热点参数限流 QPS1 1-164
2024-12-28 15:09:49,269 INFO o.a.j.t.JMeterThread: Thread finished: 热点参数限流 QPS1 1-164
2024-12-28 15:09:49,359 INFO o.a.j.t.JMeterThread: Thread started: 热点参数限流 QPS1 1-239
2024-12-28 15:09:49,460 INFO o.a.j.t.JMeterThread: Thread is done: 热点参数限流 QPS1 1-165
2024-12-28 15:09:49,460 INFO o.a.j.t.JMeterThread: Thread finished: 热点参数限流 QPS1 1-165
2024-12-28 15:09:49,561 INFO o.a.j.t.JMeterThread: Thread started: 热点参数限流 QPS1 1-240
2024-12-28 15:09:49,763 INFO o.a.j.t.JMeterThread: Thread started: 热点参数限流 QPS1 1-241
2024-12-28 15:09:49,768 INFO o.a.j.t.JMeterThread: Thread is done: 热点参数限流 QPS1 1-191
2024-12-28 15:09:49,768 INFO o.a.j.t.JMeterThread: Thread finished: 热点参数限流 QPS1 1-191
2024-12-28 15:09:49,961 INFO o.a.j.t.JMeterThread: Thread started: 热点参数限流 QPS1 1-242
2024-12-28 15:09:49,961 INFO o.a.j.t.JMeterThread: Thread is done: 热点参数限流 QPS1 1-217
2024-12-28 15:09:49,961 INFO o.a.j.t.JMeterThread: Thread finished: 热点参数限流 QPS1 1-217
2024-12-28 15:09:50,157 INFO o.a.j.t.JMeterThread: Thread started: 热点参数限流 QPS1 1-243
2024-12-28 15:09:50,157 INFO o.a.j.t.JMeterThread: Thread is done: 热点参数限流 QPS1 1-193
2024-12-28 15:09:50,157 INFO o.a.j.t.JMeterThread: Thread finished: 热点参数限流 QPS1 1-193
2024-12-28 15:09:50,261 INFO o.a.j.t.JMeterThread: Thread is done: 热点参数限流 QPS1 1-169
2024-12-28 15:09:50,261 INFO o.a.j.t.JMeterThread: Thread finished: 热点参数限流 QPS1 1-169
2024-12-28 15:09:50,351 INFO o.a.j.t.JMeterThread: Thread started: 热点参数限流 QPS1 1-244
2024-12-28 15:09:50,460 INFO o.a.j.t.JMeterThread: Thread is done: 热点参数限流 QPS1 1-170
2024-12-28 15:09:50,460 INFO o.a.j.t.JMeterThread: Thread finished: 热点参数限流 QPS1 1-170
2024-12-28 15:09:50,560 INFO o.a.j.t.JMeterThread: Thread started: 热点参数限流 QPS1 1-245
2024-12-28 15:09:50,752 INFO o.a.j.t.JMeterThread: Thread started: 热点参数限流 QPS1 1-246
2024-12-28 15:09:50,756 INFO o.a.j.t.JMeterThread: Thread is done: 热点参数限流 QPS1 1-221
2024-12-28 15:09:50,756 INFO o.a.j.t.JMeterThread: Thread finished: 热点参数限流 QPS1 1-221
2024-12-28 15:09:50,952 INFO o.a.j.t.JMeterThread: Thread started: 热点参数限流 QPS1 1-247
2024-12-28 15:09:50,971 INFO o.a.j.t.JMeterThread: Thread is done: 热点参数限流 QPS1 1-197
2024-12-28 15:09:50,971 INFO o.a.j.t.JMeterThread: Thread finished: 热点参数限流 QPS1 1-197
2024-12-28 15:09:51,161 INFO o.a.j.t.JMeterThread: Thread started: 热点参数限流 QPS1 1-248
2024-12-28 15:09:51,161 INFO o.a.j.t.JMeterThread: Thread is done: 热点参数限流 QPS1 1-223
2024-12-28 15:09:51,161 INFO o.a.j.t.JMeterThread: Thread finished: 热点参数限流 QPS1 1-223
2024-12-28 15:09:51,358 INFO o.a.j.t.JMeterThread: Thread started: 热点参数限流 QPS1 1-249
2024-12-28 15:09:51,358 INFO o.a.j.t.JMeterThread: Thread is done: 热点参数限流 QPS1 1-199
2024-12-28 15:09:51,358 INFO o.a.j.t.JMeterThread: Thread finished: 热点参数限流 QPS1 1-199
2024-12-28 15:09:51,468 INFO o.a.j.t.JMeterThread: Thread is done: 热点参数限流 QPS1 1-175
2024-12-28 15:09:51,468 INFO o.a.j.t.JMeterThread: Thread finished: 热点参数限流 QPS1 1-175
2024-12-28 15:09:51,561 INFO o.a.j.t.JMeterThread: Thread started: 热点参数限流 QPS1 1-250
2024-12-28 15:09:51,661 INFO o.a.j.t.JMeterThread: Thread is done: 热点参数限流 QPS1 1-176
2024-12-28 15:09:51,661 INFO o.a.j.t.JMeterThread: Thread finished: 热点参数限流 QPS1 1-176
2024-12-28 15:09:51,755 INFO o.a.j.t.JMeterThread: Thread started: 热点参数限流 QPS1 1-251
2024-12-28 15:09:51,959 INFO o.a.j.t.JMeterThread: Thread started: 热点参数限流 QPS1 1-252
2024-12-28 15:09:51,962 INFO o.a.j.t.JMeterThread: Thread is done: 热点参数限流 QPS1 1-202
2024-12-28 15:09:51,963 INFO o.a.j.t.JMeterThread: Thread finished: 热点参数限流 QPS1 1-202
2024-12-28 15:09:52,074 INFO o.a.j.t.JMeterThread: Thread is done: 热点参数限流 QPS1 1-178
2024-12-28 15:09:52,074 INFO o.a.j.t.JMeterThread: Thread finished: 热点参数限流 QPS1 1-178
2024-12-28 15:09:52,162 INFO o.a.j.t.JMeterThread: Thread started: 热点参数限流 QPS1 1-253
2024-12-28 15:09:52,260 INFO o.a.j.t.JMeterThread: Thread is done: 热点参数限流 QPS1 1-179
2024-12-28 15:09:52,260 INFO o.a.j.t.JMeterThread: Thread finished: 热点参数限流 QPS1 1-179
2024-12-28 15:09:52,356 INFO o.a.j.t.JMeterThread: Thread started: 热点参数限流 QPS1 1-254
2024-12-28 15:09:52,467 INFO o.a.j.t.JMeterThread: Thread is done: 热点参数限流 QPS1 1-180
2024-12-28 15:09:52,467 INFO o.a.j.t.JMeterThread: Thread finished: 热点参数限流 QPS1 1-180
2024-12-28 15:09:52,560 INFO o.a.j.t.JMeterThread: Thread started: 热点参数限流 QPS1 1-255
2024-12-28 15:09:52,655 INFO o.a.j.t.JMeterThread: Thread is done: 热点参数限流 QPS1 1-181
2024-12-28 15:09:52,655 INFO o.a.j.t.JMeterThread: Thread finished: 热点参数限流 QPS1 1-181
2024-12-28 15:09:52,759 INFO o.a.j.t.JMeterThread: Thread started: 热点参数限流 QPS1 1-256
2024-12-28 15:09:52,964 INFO o.a.j.t.JMeterThread: Thread started: 热点参数限流 QPS1 1-257
2024-12-28 15:09:52,968 INFO o.a.j.t.JMeterThread: Thread is done: 热点参数限流 QPS1 1-232
2024-12-28 15:09:52,968 INFO o.a.j.t.JMeterThread: Thread finished: 热点参数限流 QPS1 1-232
2024-12-28 15:09:53,061 INFO o.a.j.t.JMeterThread: Thread is done: 热点参数限流 QPS1 1-183
2024-12-28 15:09:53,061 INFO o.a.j.t.JMeterThread: Thread finished: 热点参数限流 QPS1 1-183
2024-12-28 15:09:53,161 INFO o.a.j.t.JMeterThread: Thread started: 热点参数限流 QPS1 1-258
2024-12-28 15:09:53,363 INFO o.a.j.t.JMeterThread: Thread started: 热点参数限流 QPS1 1-259
2024-12-28 15:09:53,367 INFO o.a.j.t.JMeterThread: Thread is done: 热点参数限流 QPS1 1-209
2024-12-28 15:09:53,367 INFO o.a.j.t.JMeterThread: Thread finished: 热点参数限流 QPS1 1-209
2024-12-28 15:09:53,560 INFO o.a.j.t.JMeterThread: Thread started: 热点参数限流 QPS1 1-260
2024-12-28 15:09:53,560 INFO o.a.j.t.JMeterThread: Thread is done: 热点参数限流 QPS1 1-235
2024-12-28 15:09:53,560 INFO o.a.j.t.JMeterThread: Thread finished: 热点参数限流 QPS1 1-235
2024-12-28 15:09:53,654 INFO o.a.j.t.JMeterThread: Thread is done: 热点参数限流 QPS1 1-186
2024-12-28 15:09:53,654 INFO o.a.j.t.JMeterThread: Thread finished: 热点参数限流 QPS1 1-186
2024-12-28 15:09:53,761 INFO o.a.j.t.JMeterThread: Thread started: 热点参数限流 QPS1 1-261
2024-12-28 15:09:53,965 INFO o.a.j.t.JMeterThread: Thread started: 热点参数限流 QPS1 1-262
2024-12-28 15:09:53,965 INFO o.a.j.t.JMeterThread: Thread is done: 热点参数限流 QPS1 1-237
2024-12-28 15:09:53,965 INFO o.a.j.t.JMeterThread: Thread finished: 热点参数限流 QPS1 1-237
2024-12-28 15:09:54,154 INFO o.a.j.t.JMeterThread: Thread started: 热点参数限流 QPS1 1-263
2024-12-28 15:09:54,154 INFO o.a.j.t.JMeterThread: Thread is done: 热点参数限流 QPS1 1-238
2024-12-28 15:09:54,154 INFO o.a.j.t.JMeterThread: Thread finished: 热点参数限流 QPS1 1-238
2024-12-28 15:09:54,358 INFO o.a.j.t.JMeterThread: Thread started: 热点参数限流 QPS1 1-264
2024-12-28 15:09:54,358 INFO o.a.j.t.JMeterThread: Thread is done: 热点参数限流 QPS1 1-214
2024-12-28 15:09:54,358 INFO o.a.j.t.JMeterThread: Thread finished: 热点参数限流 QPS1 1-214
2024-12-28 15:09:54,563 INFO o.a.j.t.JMeterThread: Thread started: 热点参数限流 QPS1 1-265
2024-12-28 15:09:54,563 INFO o.a.j.t.JMeterThread: Thread is done: 热点参数限流 QPS1 1-215
2024-12-28 15:09:54,563 INFO o.a.j.t.JMeterThread: Thread finished: 热点参数限流 QPS1 1-215
2024-12-28 15:09:54,755 INFO o.a.j.t.JMeterThread: Thread started: 热点参数限流 QPS1 1-266
2024-12-28 15:09:54,755 INFO o.a.j.t.JMeterThread: Thread is done: 热点参数限流 QPS1 1-241
2024-12-28 15:09:54,755 INFO o.a.j.t.JMeterThread: Thread finished: 热点参数限流 QPS1 1-241
2024-12-28 15:09:54,881 INFO o.a.j.t.JMeterThread: Thread is done: 热点参数限流 QPS1 1-192
2024-12-28 15:09:54,881 INFO o.a.j.t.JMeterThread: Thread finished: 热点参数限流 QPS1 1-192
2024-12-28 15:09:54,959 INFO o.a.j.t.JMeterThread: Thread started: 热点参数限流 QPS1 1-267
2024-12-28 15:09:55,163 INFO o.a.j.t.JMeterThread: Thread started: 热点参数限流 QPS1 1-268
2024-12-28 15:09:55,163 INFO o.a.j.t.JMeterThread: Thread is done: 热点参数限流 QPS1 1-243
2024-12-28 15:09:55,163 INFO o.a.j.t.JMeterThread: Thread finished: 热点参数限流 QPS1 1-243
2024-12-28 15:09:55,352 INFO o.a.j.t.JMeterThread: Thread started: 热点参数限流 QPS1 1-269
2024-12-28 15:09:55,352 INFO o.a.j.t.JMeterThread: Thread is done: 热点参数限流 QPS1 1-219
2024-12-28 15:09:55,352 INFO o.a.j.t.JMeterThread: Thread finished: 热点参数限流 QPS1 1-219
2024-12-28 15:09:55,556 INFO o.a.j.t.JMeterThread: Thread started: 热点参数限流 QPS1 1-270
2024-12-28 15:09:55,556 INFO o.a.j.t.JMeterThread: Thread is done: 热点参数限流 QPS1 1-220
2024-12-28 15:09:55,556 INFO o.a.j.t.JMeterThread: Thread finished: 热点参数限流 QPS1 1-220
2024-12-28 15:09:55,665 INFO o.a.j.t.JMeterThread: Thread is done: 热点参数限流 QPS1 1-196
2024-12-28 15:09:55,665 INFO o.a.j.t.JMeterThread: Thread finished: 热点参数限流 QPS1 1-196
2024-12-28 15:09:55,760 INFO o.a.j.t.JMeterThread: Thread started: 热点参数限流 QPS1 1-271
2024-12-28 15:09:55,963 INFO o.a.j.t.JMeterThread: Thread started: 热点参数限流 QPS1 1-272
2024-12-28 15:09:55,963 INFO o.a.j.t.JMeterThread: Thread is done: 热点参数限流 QPS1 1-247
2024-12-28 15:09:55,963 INFO o.a.j.t.JMeterThread: Thread finished: 热点参数限流 QPS1 1-247
2024-12-28 15:09:56,058 INFO o.a.j.t.JMeterThread: Thread is done: 热点参数限流 QPS1 1-198
2024-12-28 15:09:56,058 INFO o.a.j.t.JMeterThread: Thread finished: 热点参数限流 QPS1 1-198
2024-12-28 15:09:56,152 INFO o.a.j.t.JMeterThread: Thread started: 热点参数限流 QPS1 1-273
2024-12-28 15:09:56,356 INFO o.a.j.t.JMeterThread: Thread started: 热点参数限流 QPS1 1-274
2024-12-28 15:09:56,356 INFO o.a.j.t.JMeterThread: Thread is done: 热点参数限流 QPS1 1-249
2024-12-28 15:09:56,356 INFO o.a.j.t.JMeterThread: Thread finished: 热点参数限流 QPS1 1-249
2024-12-28 15:09:56,560 INFO o.a.j.t.JMeterThread: Thread started: 热点参数限流 QPS1 1-275
2024-12-28 15:09:56,560 INFO o.a.j.t.JMeterThread: Thread is done: 热点参数限流 QPS1 1-225
2024-12-28 15:09:56,560 INFO o.a.j.t.JMeterThread: Thread finished: 热点参数限流 QPS1 1-225
2024-12-28 15:09:56,764 INFO o.a.j.t.JMeterThread: Thread started: 热点参数限流 QPS1 1-276
2024-12-28 15:09:56,764 INFO o.a.j.t.JMeterThread: Thread is done: 热点参数限流 QPS1 1-226
2024-12-28 15:09:56,764 INFO o.a.j.t.JMeterThread: Thread finished: 热点参数限流 QPS1 1-226
2024-12-28 15:09:56,953 INFO o.a.j.t.JMeterThread: Thread started: 热点参数限流 QPS1 1-277
2024-12-28 15:09:56,953 INFO o.a.j.t.JMeterThread: Thread is done: 热点参数限流 QPS1 1-252
2024-12-28 15:09:56,953 INFO o.a.j.t.JMeterThread: Thread finished: 热点参数限流 QPS1 1-252
2024-12-28 15:09:57,157 INFO o.a.j.t.JMeterThread: Thread started: 热点参数限流 QPS1 1-278
2024-12-28 15:09:57,157 INFO o.a.j.t.JMeterThread: Thread is done: 热点参数限流 QPS1 1-228
2024-12-28 15:09:57,157 INFO o.a.j.t.JMeterThread: Thread finished: 热点参数限流 QPS1 1-228
2024-12-28 15:09:57,361 INFO o.a.j.t.JMeterThread: Thread started: 热点参数限流 QPS1 1-279
2024-12-28 15:09:57,361 INFO o.a.j.t.JMeterThread: Thread is done: 热点参数限流 QPS1 1-229
2024-12-28 15:09:57,361 INFO o.a.j.t.JMeterThread: Thread finished: 热点参数限流 QPS1 1-229
2024-12-28 15:09:57,565 INFO o.a.j.t.JMeterThread: Thread started: 热点参数限流 QPS1 1-280
2024-12-28 15:09:57,565 INFO o.a.j.t.JMeterThread: Thread is done: 热点参数限流 QPS1 1-230
2024-12-28 15:09:57,565 INFO o.a.j.t.JMeterThread: Thread finished: 热点参数限流 QPS1 1-230
2024-12-28 15:09:57,753 INFO o.a.j.t.JMeterThread: Thread started: 热点参数限流 QPS1 1-281
2024-12-28 15:09:57,753 INFO o.a.j.t.JMeterThread: Thread is done: 热点参数限流 QPS1 1-231
2024-12-28 15:09:57,753 INFO o.a.j.t.JMeterThread: Thread finished: 热点参数限流 QPS1 1-231
2024-12-28 15:09:57,816 INFO o.a.j.v.ViewResultsFullVisualizer: Add JavaFX to your Java installation if you want to use renderer: org.apache.jmeter.visualizers.RenderInBrowser
2024-12-28 15:09:57,863 INFO o.a.j.t.JMeterThread: Thread is done: 热点参数限流 QPS1 1-207
2024-12-28 15:09:57,863 INFO o.a.j.t.JMeterThread: Thread finished: 热点参数限流 QPS1 1-207
2024-12-28 15:09:57,957 INFO o.a.j.t.JMeterThread: Thread started: 热点参数限流 QPS1 1-282
2024-12-28 15:09:58,161 INFO o.a.j.t.JMeterThread: Thread started: 热点参数限流 QPS1 1-283
2024-12-28 15:09:58,161 INFO o.a.j.t.JMeterThread: Thread is done: 热点参数限流 QPS1 1-233
2024-12-28 15:09:58,161 INFO o.a.j.t.JMeterThread: Thread finished: 热点参数限流 QPS1 1-233
2024-12-28 15:09:58,365 INFO o.a.j.t.JMeterThread: Thread started: 热点参数限流 QPS1 1-284
2024-12-28 15:09:58,365 INFO o.a.j.t.JMeterThread: Thread is done: 热点参数限流 QPS1 1-259
2024-12-28 15:09:58,365 INFO o.a.j.t.JMeterThread: Thread finished: 热点参数限流 QPS1 1-259
2024-12-28 15:09:58,459 INFO o.a.j.t.JMeterThread: Thread is done: 热点参数限流 QPS1 1-210
2024-12-28 15:09:58,459 INFO o.a.j.t.JMeterThread: Thread finished: 热点参数限流 QPS1 1-210
2024-12-28 15:09:58,554 INFO o.a.j.t.JMeterThread: Thread started: 热点参数限流 QPS1 1-285
2024-12-28 15:09:58,758 INFO o.a.j.t.JMeterThread: Thread started: 热点参数限流 QPS1 1-286
2024-12-28 15:09:58,758 INFO o.a.j.t.JMeterThread: Thread is done: 热点参数限流 QPS1 1-236
2024-12-28 15:09:58,758 INFO o.a.j.t.JMeterThread: Thread finished: 热点参数限流 QPS1 1-236
2024-12-28 15:09:58,868 INFO o.a.j.t.JMeterThread: Thread is done: 热点参数限流 QPS1 1-212
2024-12-28 15:09:58,868 INFO o.a.j.t.JMeterThread: Thread finished: 热点参数限流 QPS1 1-212
2024-12-28 15:09:58,962 INFO o.a.j.t.JMeterThread: Thread started: 热点参数限流 QPS1 1-287
2024-12-28 15:09:59,056 INFO o.a.j.t.JMeterThread: Thread is done: 热点参数限流 QPS1 1-213
2024-12-28 15:09:59,056 INFO o.a.j.t.JMeterThread: Thread finished: 热点参数限流 QPS1 1-213
2024-12-28 15:09:59,152 INFO o.a.j.t.JMeterThread: Thread started: 热点参数限流 QPS1 1-288
2024-12-28 15:09:59,351 INFO o.a.j.t.JMeterThread: Thread started: 热点参数限流 QPS1 1-289
2024-12-28 15:09:59,357 INFO o.a.j.t.JMeterThread: Thread is done: 热点参数限流 QPS1 1-264
2024-12-28 15:09:59,357 INFO o.a.j.t.JMeterThread: Thread finished: 热点参数限流 QPS1 1-264
2024-12-28 15:09:59,551 INFO o.a.j.t.JMeterThread: Thread started: 热点参数限流 QPS1 1-290
2024-12-28 15:09:59,559 INFO o.a.j.t.JMeterThread: Thread is done: 热点参数限流 QPS1 1-265
2024-12-28 15:09:59,559 INFO o.a.j.t.JMeterThread: Thread finished: 热点参数限流 QPS1 1-265
2024-12-28 15:09:59,668 INFO o.a.j.t.JMeterThread: Thread is done: 热点参数限流 QPS1 1-216
2024-12-28 15:09:59,668 INFO o.a.j.t.JMeterThread: Thread finished: 热点参数限流 QPS1 1-216
2024-12-28 15:09:59,752 INFO o.a.j.t.JMeterThread: Thread started: 热点参数限流 QPS1 1-291
2024-12-28 15:09:59,951 INFO o.a.j.t.JMeterThread: Thread started: 热点参数限流 QPS1 1-292
2024-12-28 15:09:59,967 INFO o.a.j.t.JMeterThread: Thread is done: 热点参数限流 QPS1 1-242
2024-12-28 15:09:59,967 INFO o.a.j.t.JMeterThread: Thread finished: 热点参数限流 QPS1 1-242
2024-12-28 15:10:00,062 INFO o.a.j.t.JMeterThread: Thread is done: 热点参数限流 QPS1 1-218
2024-12-28 15:10:00,062 INFO o.a.j.t.JMeterThread: Thread finished: 热点参数限流 QPS1 1-218
2024-12-28 15:10:00,156 INFO o.a.j.t.JMeterThread: Thread started: 热点参数限流 QPS1 1-293
2024-12-28 15:10:00,350 INFO o.a.j.t.JMeterThread: Thread started: 热点参数限流 QPS1 1-294
2024-12-28 15:10:00,366 INFO o.a.j.t.JMeterThread: Thread is done: 热点参数限流 QPS1 1-269
2024-12-28 15:10:00,366 INFO o.a.j.t.JMeterThread: Thread finished: 热点参数限流 QPS1 1-269
2024-12-28 15:10:00,554 INFO o.a.j.t.JMeterThread: Thread started: 热点参数限流 QPS1 1-295
2024-12-28 15:10:00,554 INFO o.a.j.t.JMeterThread: Thread is done: 热点参数限流 QPS1 1-270
2024-12-28 15:10:00,554 INFO o.a.j.t.JMeterThread: Thread finished: 热点参数限流 QPS1 1-270
2024-12-28 15:10:00,758 INFO o.a.j.t.JMeterThread: Thread started: 热点参数限流 QPS1 1-296
2024-12-28 15:10:00,762 INFO o.a.j.t.JMeterThread: Thread is done: 热点参数限流 QPS1 1-246
2024-12-28 15:10:00,762 INFO o.a.j.t.JMeterThread: Thread finished: 热点参数限流 QPS1 1-246
2024-12-28 15:10:00,872 INFO o.a.j.t.JMeterThread: Thread is done: 热点参数限流 QPS1 1-222
2024-12-28 15:10:00,872 INFO o.a.j.t.JMeterThread: Thread finished: 热点参数限流 QPS1 1-222
2024-12-28 15:10:00,958 INFO o.a.j.t.JMeterThread: Thread started: 热点参数限流 QPS1 1-297
2024-12-28 15:10:01,150 INFO o.a.j.t.JMeterThread: Thread started: 热点参数限流 QPS1 1-298
2024-12-28 15:10:01,162 INFO o.a.j.t.JMeterThread: Thread is done: 热点参数限流 QPS1 1-248
2024-12-28 15:10:01,162 INFO o.a.j.t.JMeterThread: Thread finished: 热点参数限流 QPS1 1-248
2024-12-28 15:10:01,271 INFO o.a.j.t.JMeterThread: Thread is done: 热点参数限流 QPS1 1-224
2024-12-28 15:10:01,271 INFO o.a.j.t.JMeterThread: Thread finished: 热点参数限流 QPS1 1-224
2024-12-28 15:10:01,353 INFO o.a.j.t.JMeterThread: Thread started: 热点参数限流 QPS1 1-299
2024-12-28 15:10:01,550 INFO o.a.j.t.JMeterThread: Thread started: 热点参数限流 QPS1 1-300
2024-12-28 15:10:01,565 INFO o.a.j.t.JMeterThread: Thread is done: 热点参数限流 QPS1 1-275
2024-12-28 15:10:01,565 INFO o.a.j.t.JMeterThread: Thread finished: 热点参数限流 QPS1 1-275
2024-12-28 15:10:01,751 INFO o.a.j.t.JMeterThread: Thread started: 热点参数限流 QPS1 1-301
2024-12-28 15:10:01,768 INFO o.a.j.t.JMeterThread: Thread is done: 热点参数限流 QPS1 1-276
2024-12-28 15:10:01,768 INFO o.a.j.t.JMeterThread: Thread finished: 热点参数限流 QPS1 1-276
2024-12-28 15:10:01,863 INFO o.a.j.t.JMeterThread: Thread is done: 热点参数限流 QPS1 1-227
2024-12-28 15:10:01,863 INFO o.a.j.t.JMeterThread: Thread finished: 热点参数限流 QPS1 1-227
2024-12-28 15:10:01,951 INFO o.a.j.t.JMeterThread: Thread started: 热点参数限流 QPS1 1-302
2024-12-28 15:10:02,154 INFO o.a.j.t.JMeterThread: Thread started: 热点参数限流 QPS1 1-303
2024-12-28 15:10:02,158 INFO o.a.j.t.JMeterThread: Thread is done: 热点参数限流 QPS1 1-278
2024-12-28 15:10:02,158 INFO o.a.j.t.JMeterThread: Thread finished: 热点参数限流 QPS1 1-278
2024-12-28 15:10:02,351 INFO o.a.j.t.JMeterThread: Thread started: 热点参数限流 QPS1 1-304
2024-12-28 15:10:02,359 INFO o.a.j.t.JMeterThread: Thread is done: 热点参数限流 QPS1 1-279
2024-12-28 15:10:02,359 INFO o.a.j.t.JMeterThread: Thread finished: 热点参数限流 QPS1 1-279
2024-12-28 15:10:02,551 INFO o.a.j.t.JMeterThread: Thread started: 热点参数限流 QPS1 1-305
2024-12-28 15:10:02,563 INFO o.a.j.t.JMeterThread: Thread is done: 热点参数限流 QPS1 1-280
2024-12-28 15:10:02,563 INFO o.a.j.t.JMeterThread: Thread finished: 热点参数限流 QPS1 1-280
2024-12-28 15:10:02,752 INFO o.a.j.t.JMeterThread: Thread started: 热点参数限流 QPS1 1-306
2024-12-28 15:10:02,765 INFO o.a.j.t.JMeterThread: Thread is done: 热点参数限流 QPS1 1-281
2024-12-28 15:10:02,766 INFO o.a.j.t.JMeterThread: Thread finished: 热点参数限流 QPS1 1-281
2024-12-28 15:10:02,950 INFO o.a.j.t.JMeterThread: Thread started: 热点参数限流 QPS1 1-307
2024-12-28 15:10:02,967 INFO o.a.j.t.JMeterThread: Thread is done: 热点参数限流 QPS1 1-257
2024-12-28 15:10:02,967 INFO o.a.j.t.JMeterThread: Thread finished: 热点参数限流 QPS1 1-257
2024-12-28 15:10:03,151 INFO o.a.j.t.JMeterThread: Thread started: 热点参数限流 QPS1 1-308
2024-12-28 15:10:03,171 INFO o.a.j.t.JMeterThread: Thread is done: 热点参数限流 QPS1 1-283
2024-12-28 15:10:03,171 INFO o.a.j.t.JMeterThread: Thread finished: 热点参数限流 QPS1 1-283
2024-12-28 15:10:03,264 INFO o.a.j.t.JMeterThread: Thread is done: 热点参数限流 QPS1 1-234
2024-12-28 15:10:03,264 INFO o.a.j.t.JMeterThread: Thread finished: 热点参数限流 QPS1 1-234
2024-12-28 15:10:03,352 INFO o.a.j.t.JMeterThread: Thread started: 热点参数限流 QPS1 1-309
2024-12-28 15:10:03,551 INFO o.a.j.t.JMeterThread: Thread started: 热点参数限流 QPS1 1-310
2024-12-28 15:10:03,569 INFO o.a.j.t.JMeterThread: Thread is done: 热点参数限流 QPS1 1-260
2024-12-28 15:10:03,569 INFO o.a.j.t.JMeterThread: Thread finished: 热点参数限流 QPS1 1-260
2024-12-28 15:10:03,751 INFO o.a.j.t.JMeterThread: Thread started: 热点参数限流 QPS1 1-311
2024-12-28 15:10:03,755 INFO o.a.j.t.JMeterThread: Thread is done: 热点参数限流 QPS1 1-286
2024-12-28 15:10:03,755 INFO o.a.j.t.JMeterThread: Thread finished: 热点参数限流 QPS1 1-286
2024-12-28 15:10:03,951 INFO o.a.j.t.JMeterThread: Thread started: 热点参数限流 QPS1 1-312
2024-12-28 15:10:03,959 INFO o.a.j.t.JMeterThread: Thread is done: 热点参数限流 QPS1 1-262
2024-12-28 15:10:03,959 INFO o.a.j.t.JMeterThread: Thread finished: 热点参数限流 QPS1 1-262
2024-12-28 15:10:04,151 INFO o.a.j.t.JMeterThread: Thread started: 热点参数限流 QPS1 1-313
2024-12-28 15:10:04,160 INFO o.a.j.t.JMeterThread: Thread is done: 热点参数限流 QPS1 1-263
2024-12-28 15:10:04,160 INFO o.a.j.t.JMeterThread: Thread finished: 热点参数限流 QPS1 1-263
2024-12-28 15:10:04,258 INFO o.a.j.t.JMeterThread: Thread is done: 热点参数限流 QPS1 1-239
2024-12-28 15:10:04,258 INFO o.a.j.t.JMeterThread: Thread finished: 热点参数限流 QPS1 1-239
2024-12-28 15:10:04,350 INFO o.a.j.t.JMeterThread: Thread started: 热点参数限流 QPS1 1-314
2024-12-28 15:10:04,460 INFO o.a.j.t.JMeterThread: Thread is done: 热点参数限流 QPS1 1-240
2024-12-28 15:10:04,460 INFO o.a.j.t.JMeterThread: Thread finished: 热点参数限流 QPS1 1-240
2024-12-28 15:10:04,551 INFO o.a.j.t.JMeterThread: Thread started: 热点参数限流 QPS1 1-315
2024-12-28 15:10:04,750 INFO o.a.j.t.JMeterThread: Thread started: 热点参数限流 QPS1 1-316
2024-12-28 15:10:04,758 INFO o.a.j.t.JMeterThread: Thread is done: 热点参数限流 QPS1 1-266
2024-12-28 15:10:04,759 INFO o.a.j.t.JMeterThread: Thread finished: 热点参数限流 QPS1 1-266
2024-12-28 15:10:04,951 INFO o.a.j.t.JMeterThread: Thread started: 热点参数限流 QPS1 1-317
2024-12-28 15:10:04,961 INFO o.a.j.t.JMeterThread: Thread is done: 热点参数限流 QPS1 1-292
2024-12-28 15:10:04,961 INFO o.a.j.t.JMeterThread: Thread finished: 热点参数限流 QPS1 1-292
2024-12-28 15:10:05,150 INFO o.a.j.t.JMeterThread: Thread started: 热点参数限流 QPS1 1-318
2024-12-28 15:10:05,166 INFO o.a.j.t.JMeterThread: Thread is done: 热点参数限流 QPS1 1-268
2024-12-28 15:10:05,166 INFO o.a.j.t.JMeterThread: Thread finished: 热点参数限流 QPS1 1-268
2024-12-28 15:10:05,264 INFO o.a.j.t.JMeterThread: Thread is done: 热点参数限流 QPS1 1-244
2024-12-28 15:10:05,264 INFO o.a.j.t.JMeterThread: Thread finished: 热点参数限流 QPS1 1-244
2024-12-28 15:10:05,351 INFO o.a.j.t.JMeterThread: Thread started: 热点参数限流 QPS1 1-319
2024-12-28 15:10:05,465 INFO o.a.j.t.JMeterThread: Thread is done: 热点参数限流 QPS1 1-245
2024-12-28 15:10:05,465 INFO o.a.j.t.JMeterThread: Thread finished: 热点参数限流 QPS1 1-245
2024-12-28 15:10:05,551 INFO o.a.j.t.JMeterThread: Thread started: 热点参数限流 QPS1 1-320
2024-12-28 15:10:05,762 INFO o.a.j.t.JMeterThread: Thread started: 热点参数限流 QPS1 1-321
2024-12-28 15:10:05,762 INFO o.a.j.t.JMeterThread: Thread is done: 热点参数限流 QPS1 1-296
2024-12-28 15:10:05,762 INFO o.a.j.t.JMeterThread: Thread finished: 热点参数限流 QPS1 1-296
2024-12-28 15:10:05,959 INFO o.a.j.t.JMeterThread: Thread started: 热点参数限流 QPS1 1-322
2024-12-28 15:10:05,959 INFO o.a.j.t.JMeterThread: Thread is done: 热点参数限流 QPS1 1-272
2024-12-28 15:10:05,959 INFO o.a.j.t.JMeterThread: Thread finished: 热点参数限流 QPS1 1-272
2024-12-28 15:10:06,163 INFO o.a.j.t.JMeterThread: Thread started: 热点参数限流 QPS1 1-323
2024-12-28 15:10:06,163 INFO o.a.j.t.JMeterThread: Thread is done: 热点参数限流 QPS1 1-298
2024-12-28 15:10:06,163 INFO o.a.j.t.JMeterThread: Thread finished: 热点参数限流 QPS1 1-298
2024-12-28 15:10:06,351 INFO o.a.j.t.JMeterThread: Thread started: 热点参数限流 QPS1 1-324
2024-12-28 15:10:06,352 INFO o.a.j.t.JMeterThread: Thread is done: 热点参数限流 QPS1 1-274
2024-12-28 15:10:06,352 INFO o.a.j.t.JMeterThread: Thread finished: 热点参数限流 QPS1 1-274
2024-12-28 15:10:06,464 INFO o.a.j.t.JMeterThread: Thread is done: 热点参数限流 QPS1 1-250
2024-12-28 15:10:06,464 INFO o.a.j.t.JMeterThread: Thread finished: 热点参数限流 QPS1 1-250
2024-12-28 15:10:06,556 INFO o.a.j.t.JMeterThread: Thread started: 热点参数限流 QPS1 1-325
2024-12-28 15:10:06,666 INFO o.a.j.t.JMeterThread: Thread is done: 热点参数限流 QPS1 1-251
2024-12-28 15:10:06,666 INFO o.a.j.t.JMeterThread: Thread finished: 热点参数限流 QPS1 1-251
2024-12-28 15:10:06,757 INFO o.a.j.t.JMeterThread: Thread started: 热点参数限流 QPS1 1-326
2024-12-28 15:10:06,962 INFO o.a.j.t.JMeterThread: Thread started: 热点参数限流 QPS1 1-327
2024-12-28 15:10:06,964 INFO o.a.j.t.JMeterThread: Thread is done: 热点参数限流 QPS1 1-277
2024-12-28 15:10:06,965 INFO o.a.j.t.JMeterThread: Thread finished: 热点参数限流 QPS1 1-277
2024-12-28 15:10:07,074 INFO o.a.j.t.JMeterThread: Thread is done: 热点参数限流 QPS1 1-253
2024-12-28 15:10:07,074 INFO o.a.j.t.JMeterThread: Thread finished: 热点参数限流 QPS1 1-253
2024-12-28 15:10:07,165 INFO o.a.j.t.JMeterThread: Thread started: 热点参数限流 QPS1 1-328
2024-12-28 15:10:07,261 INFO o.a.j.t.JMeterThread: Thread is done: 热点参数限流 QPS1 1-254
2024-12-28 15:10:07,261 INFO o.a.j.t.JMeterThread: Thread finished: 热点参数限流 QPS1 1-254
2024-12-28 15:10:07,364 INFO o.a.j.t.JMeterThread: Thread started: 热点参数限流 QPS1 1-329
2024-12-28 15:10:07,460 INFO o.a.j.t.JMeterThread: Thread is done: 热点参数限流 QPS1 1-255
2024-12-28 15:10:07,460 INFO o.a.j.t.JMeterThread: Thread finished: 热点参数限流 QPS1 1-255
2024-12-28 15:10:07,550 INFO o.a.j.t.JMeterThread: Thread started: 热点参数限流 QPS1 1-330
2024-12-28 15:10:07,654 INFO o.a.j.t.JMeterThread: Thread is done: 热点参数限流 QPS1 1-256
2024-12-28 15:10:07,654 INFO o.a.j.t.JMeterThread: Thread finished: 热点参数限流 QPS1 1-256
2024-12-28 15:10:07,764 INFO o.a.j.t.JMeterThread: Thread started: 热点参数限流 QPS1 1-331
2024-12-28 15:10:07,958 INFO o.a.j.t.JMeterThread: Thread started: 热点参数限流 QPS1 1-332
2024-12-28 15:10:07,958 INFO o.a.j.t.JMeterThread: Thread is done: 热点参数限流 QPS1 1-307
2024-12-28 15:10:07,958 INFO o.a.j.t.JMeterThread: Thread finished: 热点参数限流 QPS1 1-307
2024-12-28 15:10:08,053 INFO o.a.j.t.JMeterThread: Thread is done: 热点参数限流 QPS1 1-258
2024-12-28 15:10:08,053 INFO o.a.j.t.JMeterThread: Thread finished: 热点参数限流 QPS1 1-258
2024-12-28 15:10:08,162 INFO o.a.j.t.JMeterThread: Thread started: 热点参数限流 QPS1 1-333
2024-12-28 15:10:08,366 INFO o.a.j.t.JMeterThread: Thread started: 热点参数限流 QPS1 1-334
2024-12-28 15:10:08,366 INFO o.a.j.t.JMeterThread: Thread is done: 热点参数限流 QPS1 1-334
2024-12-28 15:10:08,366 INFO o.a.j.t.JMeterThread: Thread finished: 热点参数限流 QPS1 1-334
2024-12-28 15:10:08,555 INFO o.a.j.t.JMeterThread: Thread started: 热点参数限流 QPS1 1-335
2024-12-28 15:10:08,558 INFO o.a.j.t.JMeterThread: Thread is done: 热点参数限流 QPS1 1-310
2024-12-28 15:10:08,558 INFO o.a.j.t.JMeterThread: Thread finished: 热点参数限流 QPS1 1-310
2024-12-28 15:10:08,662 INFO o.a.j.t.JMeterThread: Thread is done: 热点参数限流 QPS1 1-261
2024-12-28 15:10:08,662 INFO o.a.j.t.JMeterThread: Thread finished: 热点参数限流 QPS1 1-261
2024-12-28 15:10:08,758 INFO o.a.j.t.JMeterThread: Thread started: 热点参数限流 QPS1 1-336
2024-12-28 15:10:08,958 INFO o.a.j.t.JMeterThread: Thread started: 热点参数限流 QPS1 1-337
2024-12-28 15:10:08,962 INFO o.a.j.t.JMeterThread: Thread is done: 热点参数限流 QPS1 1-312
2024-12-28 15:10:08,962 INFO o.a.j.t.JMeterThread: Thread finished: 热点参数限流 QPS1 1-312
2024-12-28 15:10:09,158 INFO o.a.j.t.JMeterThread: Thread started: 热点参数限流 QPS1 1-338
2024-12-28 15:10:09,162 INFO o.a.j.t.JMeterThread: Thread is done: 热点参数限流 QPS1 1-313
2024-12-28 15:10:09,162 INFO o.a.j.t.JMeterThread: Thread finished: 热点参数限流 QPS1 1-313
2024-12-28 15:10:09,358 INFO o.a.j.t.JMeterThread: Thread started: 热点参数限流 QPS1 1-339
2024-12-28 15:10:09,362 INFO o.a.j.t.JMeterThread: Thread is done: 热点参数限流 QPS1 1-289
2024-12-28 15:10:09,362 INFO o.a.j.t.JMeterThread: Thread finished: 热点参数限流 QPS1 1-289
2024-12-28 15:10:09,558 INFO o.a.j.t.JMeterThread: Thread started: 热点参数限流 QPS1 1-340
2024-12-28 15:10:09,561 INFO o.a.j.t.JMeterThread: Thread is done: 热点参数限流 QPS1 1-290
2024-12-28 15:10:09,561 INFO o.a.j.t.JMeterThread: Thread finished: 热点参数限流 QPS1 1-290
2024-12-28 15:10:09,775 INFO o.a.j.t.JMeterThread: Thread started: 热点参数限流 QPS1 1-341
2024-12-28 15:10:09,777 INFO o.a.j.t.JMeterThread: Thread is done: 热点参数限流 QPS1 1-341
2024-12-28 15:10:09,777 INFO o.a.j.t.JMeterThread: Thread finished: 热点参数限流 QPS1 1-341
2024-12-28 15:10:09,865 INFO o.a.j.t.JMeterThread: Thread is done: 热点参数限流 QPS1 1-267
2024-12-28 15:10:09,865 INFO o.a.j.t.JMeterThread: Thread finished: 热点参数限流 QPS1 1-267
2024-12-28 15:10:09,975 INFO o.a.j.t.JMeterThread: Thread started: 热点参数限流 QPS1 1-342
2024-12-28 15:10:10,174 INFO o.a.j.t.JMeterThread: Thread started: 热点参数限流 QPS1 1-343
2024-12-28 15:10:10,177 INFO o.a.j.t.JMeterThread: Thread is done: 热点参数限流 QPS1 1-343
2024-12-28 15:10:10,177 INFO o.a.j.t.JMeterThread: Thread finished: 热点参数限流 QPS1 1-343
2024-12-28 15:10:10,375 INFO o.a.j.t.JMeterThread: Thread started: 热点参数限流 QPS1 1-344
2024-12-28 15:10:10,378 INFO o.a.j.t.JMeterThread: Thread is done: 热点参数限流 QPS1 1-344
2024-12-28 15:10:10,378 INFO o.a.j.t.JMeterThread: Thread finished: 热点参数限流 QPS1 1-344
2024-12-28 15:10:10,568 INFO o.a.j.t.JMeterThread: Thread started: 热点参数限流 QPS1 1-345
2024-12-28 15:10:10,569 INFO o.a.j.t.JMeterThread: Thread is done: 热点参数限流 QPS1 1-345
2024-12-28 15:10:10,569 INFO o.a.j.t.JMeterThread: Thread finished: 热点参数限流 QPS1 1-345
2024-12-28 15:10:10,661 INFO o.a.j.t.JMeterThread: Thread is done: 热点参数限流 QPS1 1-271
2024-12-28 15:10:10,661 INFO o.a.j.t.JMeterThread: Thread finished: 热点参数限流 QPS1 1-271
2024-12-28 15:10:10,775 INFO o.a.j.t.JMeterThread: Thread started: 热点参数限流 QPS1 1-346
2024-12-28 15:10:10,953 INFO o.a.j.t.JMeterThread: Thread started: 热点参数限流 QPS1 1-347
2024-12-28 15:10:10,956 INFO o.a.j.t.JMeterThread: Thread is done: 热点参数限流 QPS1 1-322
2024-12-28 15:10:10,956 INFO o.a.j.t.JMeterThread: Thread finished: 热点参数限流 QPS1 1-322
2024-12-28 15:10:11,060 INFO o.a.j.t.JMeterThread: Thread is done: 热点参数限流 QPS1 1-273
2024-12-28 15:10:11,060 INFO o.a.j.t.JMeterThread: Thread finished: 热点参数限流 QPS1 1-273
2024-12-28 15:10:11,158 INFO o.a.j.t.JMeterThread: Thread started: 热点参数限流 QPS1 1-348
2024-12-28 15:10:11,355 INFO o.a.j.t.JMeterThread: Thread started: 热点参数限流 QPS1 1-349
2024-12-28 15:10:11,357 INFO o.a.j.t.JMeterThread: Thread is done: 热点参数限流 QPS1 1-324
2024-12-28 15:10:11,357 INFO o.a.j.t.JMeterThread: Thread finished: 热点参数限流 QPS1 1-324
2024-12-28 15:10:11,559 INFO o.a.j.t.JMeterThread: Thread started: 热点参数限流 QPS1 1-350
2024-12-28 15:10:11,561 INFO o.a.j.t.JMeterThread: Thread is done: 热点参数限流 QPS1 1-300
2024-12-28 15:10:11,561 INFO o.a.j.t.JMeterThread: Thread finished: 热点参数限流 QPS1 1-300
2024-12-28 15:10:11,759 INFO o.a.j.t.JMeterThread: Thread started: 热点参数限流 QPS1 1-351
2024-12-28 15:10:11,762 INFO o.a.j.t.JMeterThread: Thread is done: 热点参数限流 QPS1 1-301
2024-12-28 15:10:11,762 INFO o.a.j.t.JMeterThread: Thread finished: 热点参数限流 QPS1 1-301
2024-12-28 15:10:11,958 INFO o.a.j.t.JMeterThread: Thread started: 热点参数限流 QPS1 1-352
2024-12-28 15:10:11,962 INFO o.a.j.t.JMeterThread: Thread is done: 热点参数限流 QPS1 1-327
2024-12-28 15:10:11,962 INFO o.a.j.t.JMeterThread: Thread finished: 热点参数限流 QPS1 1-327
2024-12-28 15:10:12,157 INFO o.a.j.t.JMeterThread: Thread started: 热点参数限流 QPS1 1-353
2024-12-28 15:10:12,160 INFO o.a.j.t.JMeterThread: Thread is done: 热点参数限流 QPS1 1-303
2024-12-28 15:10:12,160 INFO o.a.j.t.JMeterThread: Thread finished: 热点参数限流 QPS1 1-303
2024-12-28 15:10:12,357 INFO o.a.j.t.JMeterThread: Thread started: 热点参数限流 QPS1 1-354
2024-12-28 15:10:12,360 INFO o.a.j.t.JMeterThread: Thread is done: 热点参数限流 QPS1 1-304
2024-12-28 15:10:12,360 INFO o.a.j.t.JMeterThread: Thread finished: 热点参数限流 QPS1 1-304
2024-12-28 15:10:12,561 INFO o.a.j.t.JMeterThread: Thread started: 热点参数限流 QPS1 1-355
2024-12-28 15:10:12,566 INFO o.a.j.t.JMeterThread: Thread is done: 热点参数限流 QPS1 1-305
2024-12-28 15:10:12,566 INFO o.a.j.t.JMeterThread: Thread finished: 热点参数限流 QPS1 1-305
2024-12-28 15:10:12,756 INFO o.a.j.t.JMeterThread: Thread started: 热点参数限流 QPS1 1-356
2024-12-28 15:10:12,756 INFO o.a.j.t.JMeterThread: Thread is done: 热点参数限流 QPS1 1-306
2024-12-28 15:10:12,756 INFO o.a.j.t.JMeterThread: Thread finished: 热点参数限流 QPS1 1-306
2024-12-28 15:10:12,866 INFO o.a.j.t.JMeterThread: Thread is done: 热点参数限流 QPS1 1-282
2024-12-28 15:10:12,866 INFO o.a.j.t.JMeterThread: Thread finished: 热点参数限流 QPS1 1-282
2024-12-28 15:10:12,960 INFO o.a.j.t.JMeterThread: Thread started: 热点参数限流 QPS1 1-357
2024-12-28 15:10:13,160 INFO o.a.j.t.JMeterThread: Thread started: 热点参数限流 QPS1 1-358
2024-12-28 15:10:13,163 INFO o.a.j.t.JMeterThread: Thread is done: 热点参数限流 QPS1 1-308
2024-12-28 15:10:13,163 INFO o.a.j.t.JMeterThread: Thread finished: 热点参数限流 QPS1 1-308
2024-12-28 15:10:13,363 INFO o.a.j.t.JMeterThread: Thread started: 热点参数限流 QPS1 1-359
2024-12-28 15:10:13,366 INFO o.a.j.t.JMeterThread: Thread is done: 热点参数限流 QPS1 1-284
2024-12-28 15:10:13,366 INFO o.a.j.t.JMeterThread: Thread finished: 热点参数限流 QPS1 1-284
2024-12-28 15:10:13,461 INFO o.a.j.t.JMeterThread: Thread is done: 热点参数限流 QPS1 1-285
2024-12-28 15:10:13,461 INFO o.a.j.t.JMeterThread: Thread finished: 热点参数限流 QPS1 1-285
2024-12-28 15:10:13,550 INFO o.a.j.t.JMeterThread: Thread started: 热点参数限流 QPS1 1-360
2024-12-28 15:10:13,754 INFO o.a.j.t.JMeterThread: Thread started: 热点参数限流 QPS1 1-361
2024-12-28 15:10:13,757 INFO o.a.j.t.JMeterThread: Thread is done: 热点参数限流 QPS1 1-311
2024-12-28 15:10:13,757 INFO o.a.j.t.JMeterThread: Thread finished: 热点参数限流 QPS1 1-311
2024-12-28 15:10:13,854 INFO o.a.j.t.JMeterThread: Thread is done: 热点参数限流 QPS1 1-287
2024-12-28 15:10:13,854 INFO o.a.j.t.JMeterThread: Thread finished: 热点参数限流 QPS1 1-287
2024-12-28 15:10:13,961 INFO o.a.j.t.JMeterThread: Thread started: 热点参数限流 QPS1 1-362
2024-12-28 15:10:14,060 INFO o.a.j.t.JMeterThread: Thread is done: 热点参数限流 QPS1 1-288
2024-12-28 15:10:14,060 INFO o.a.j.t.JMeterThread: Thread finished: 热点参数限流 QPS1 1-288
2024-12-28 15:10:14,151 INFO o.a.j.t.JMeterThread: Thread started: 热点参数限流 QPS1 1-363
2024-12-28 15:10:14,361 INFO o.a.j.t.JMeterThread: Thread started: 热点参数限流 QPS1 1-364
2024-12-28 15:10:14,365 INFO o.a.j.t.JMeterThread: Thread is done: 热点参数限流 QPS1 1-339
2024-12-28 15:10:14,365 INFO o.a.j.t.JMeterThread: Thread finished: 热点参数限流 QPS1 1-339
2024-12-28 15:10:14,565 INFO o.a.j.t.JMeterThread: Thread started: 热点参数限流 QPS1 1-365
2024-12-28 15:10:14,569 INFO o.a.j.t.JMeterThread: Thread is done: 热点参数限流 QPS1 1-340
2024-12-28 15:10:14,569 INFO o.a.j.t.JMeterThread: Thread finished: 热点参数限流 QPS1 1-340
2024-12-28 15:10:14,657 INFO o.a.j.t.JMeterThread: Thread is done: 热点参数限流 QPS1 1-291
2024-12-28 15:10:14,657 INFO o.a.j.t.JMeterThread: Thread finished: 热点参数限流 QPS1 1-291
2024-12-28 15:10:14,753 INFO o.a.j.t.JMeterThread: Thread started: 热点参数限流 QPS1 1-366
2024-12-28 15:10:14,957 INFO o.a.j.t.JMeterThread: Thread started: 热点参数限流 QPS1 1-367
2024-12-28 15:10:14,960 INFO o.a.j.t.JMeterThread: Thread is done: 热点参数限流 QPS1 1-342
2024-12-28 15:10:14,960 INFO o.a.j.t.JMeterThread: Thread finished: 热点参数限流 QPS1 1-342
2024-12-28 15:10:15,067 INFO o.a.j.t.JMeterThread: Thread is done: 热点参数限流 QPS1 1-293
2024-12-28 15:10:15,067 INFO o.a.j.t.JMeterThread: Thread finished: 热点参数限流 QPS1 1-293
2024-12-28 15:10:15,156 INFO o.a.j.t.JMeterThread: Thread started: 热点参数限流 QPS1 1-368
2024-12-28 15:10:15,351 INFO o.a.j.t.JMeterThread: Thread started: 热点参数限流 QPS1 1-369
2024-12-28 15:10:15,351 INFO o.a.j.t.JMeterThread: Thread is done: 热点参数限流 QPS1 1-294
2024-12-28 15:10:15,351 INFO o.a.j.t.JMeterThread: Thread finished: 热点参数限流 QPS1 1-294
2024-12-28 15:10:15,554 INFO o.a.j.t.JMeterThread: Thread started: 热点参数限流 QPS1 1-370
2024-12-28 15:10:15,557 INFO o.a.j.t.JMeterThread: Thread is done: 热点参数限流 QPS1 1-295
2024-12-28 15:10:15,557 INFO o.a.j.t.JMeterThread: Thread finished: 热点参数限流 QPS1 1-295
2024-12-28 15:10:15,756 INFO o.a.j.t.JMeterThread: Thread started: 热点参数限流 QPS1 1-371
2024-12-28 15:10:15,759 INFO o.a.j.t.JMeterThread: Thread is done: 热点参数限流 QPS1 1-346
2024-12-28 15:10:15,759 INFO o.a.j.t.JMeterThread: Thread finished: 热点参数限流 QPS1 1-346
2024-12-28 15:10:15,866 INFO o.a.j.t.JMeterThread: Thread is done: 热点参数限流 QPS1 1-297
2024-12-28 15:10:15,866 INFO o.a.j.t.JMeterThread: Thread finished: 热点参数限流 QPS1 1-297
2024-12-28 15:10:15,961 INFO o.a.j.t.JMeterThread: Thread started: 热点参数限流 QPS1 1-372
2024-12-28 15:10:16,155 INFO o.a.j.t.JMeterThread: Thread started: 热点参数限流 QPS1 1-373
2024-12-28 15:10:16,155 INFO o.a.j.t.JMeterThread: Thread is done: 热点参数限流 QPS1 1-323
2024-12-28 15:10:16,155 INFO o.a.j.t.JMeterThread: Thread finished: 热点参数限流 QPS1 1-323
2024-12-28 15:10:16,255 INFO o.a.j.t.JMeterThread: Thread is done: 热点参数限流 QPS1 1-299
2024-12-28 15:10:16,255 INFO o.a.j.t.JMeterThread: Thread finished: 热点参数限流 QPS1 1-299
2024-12-28 15:10:16,355 INFO o.a.j.t.JMeterThread: Thread started: 热点参数限流 QPS1 1-374
2024-12-28 15:10:16,554 INFO o.a.j.t.JMeterThread: Thread started: 热点参数限流 QPS1 1-375
2024-12-28 15:10:16,554 INFO o.a.j.t.JMeterThread: Thread is done: 热点参数限流 QPS1 1-350
2024-12-28 15:10:16,554 INFO o.a.j.t.JMeterThread: Thread finished: 热点参数限流 QPS1 1-350
2024-12-28 15:10:16,758 INFO o.a.j.t.JMeterThread: Thread started: 热点参数限流 QPS1 1-376
2024-12-28 15:10:16,762 INFO o.a.j.t.JMeterThread: Thread is done: 热点参数限流 QPS1 1-351
2024-12-28 15:10:16,762 INFO o.a.j.t.JMeterThread: Thread finished: 热点参数限流 QPS1 1-351
2024-12-28 15:10:16,868 INFO o.a.j.t.JMeterThread: Thread is done: 热点参数限流 QPS1 1-302
2024-12-28 15:10:16,868 INFO o.a.j.t.JMeterThread: Thread finished: 热点参数限流 QPS1 1-302
2024-12-28 15:10:16,955 INFO o.a.j.t.JMeterThread: Thread started: 热点参数限流 QPS1 1-377
2024-12-28 15:10:17,164 INFO o.a.j.t.JMeterThread: Thread started: 热点参数限流 QPS1 1-378
2024-12-28 15:10:17,164 INFO o.a.j.t.JMeterThread: Thread is done: 热点参数限流 QPS1 1-353
2024-12-28 15:10:17,164 INFO o.a.j.t.JMeterThread: Thread finished: 热点参数限流 QPS1 1-353
2024-12-28 15:10:17,356 INFO o.a.j.t.JMeterThread: Thread started: 热点参数限流 QPS1 1-379
2024-12-28 15:10:17,360 INFO o.a.j.t.JMeterThread: Thread is done: 热点参数限流 QPS1 1-354
2024-12-28 15:10:17,360 INFO o.a.j.t.JMeterThread: Thread finished: 热点参数限流 QPS1 1-354
2024-12-28 15:10:17,561 INFO o.a.j.t.JMeterThread: Thread started: 热点参数限流 QPS1 1-380
2024-12-28 15:10:17,561 INFO o.a.j.t.JMeterThread: Thread is done: 热点参数限流 QPS1 1-355
2024-12-28 15:10:17,561 INFO o.a.j.t.JMeterThread: Thread finished: 热点参数限流 QPS1 1-355
2024-12-28 15:10:17,751 INFO o.a.j.t.JMeterThread: Thread started: 热点参数限流 QPS1 1-381
2024-12-28 15:10:17,767 INFO o.a.j.t.JMeterThread: Thread is done: 热点参数限流 QPS1 1-356
2024-12-28 15:10:17,767 INFO o.a.j.t.JMeterThread: Thread finished: 热点参数限流 QPS1 1-356
2024-12-28 15:10:17,953 INFO o.a.j.t.JMeterThread: Thread started: 热点参数限流 QPS1 1-382
2024-12-28 15:10:17,956 INFO o.a.j.t.JMeterThread: Thread is done: 热点参数限流 QPS1 1-332
2024-12-28 15:10:17,956 INFO o.a.j.t.JMeterThread: Thread finished: 热点参数限流 QPS1 1-332
2024-12-28 15:10:18,158 INFO o.a.j.t.JMeterThread: Thread started: 热点参数限流 QPS1 1-383
2024-12-28 15:10:18,163 INFO o.a.j.t.JMeterThread: Thread is done: 热点参数限流 QPS1 1-358
2024-12-28 15:10:18,163 INFO o.a.j.t.JMeterThread: Thread finished: 热点参数限流 QPS1 1-358
2024-12-28 15:10:18,256 INFO o.a.j.t.JMeterThread: Thread is done: 热点参数限流 QPS1 1-309
2024-12-28 15:10:18,256 INFO o.a.j.t.JMeterThread: Thread finished: 热点参数限流 QPS1 1-309
2024-12-28 15:10:18,361 INFO o.a.j.t.JMeterThread: Thread started: 热点参数限流 QPS1 1-384
2024-12-28 15:10:18,565 INFO o.a.j.t.JMeterThread: Thread started: 热点参数限流 QPS1 1-385
2024-12-28 15:10:18,570 INFO o.a.j.t.JMeterThread: Thread is done: 热点参数限流 QPS1 1-335
2024-12-28 15:10:18,570 INFO o.a.j.t.JMeterThread: Thread finished: 热点参数限流 QPS1 1-335
2024-12-28 15:10:18,765 INFO o.a.j.t.JMeterThread: Thread started: 热点参数限流 QPS1 1-386
2024-12-28 15:10:18,765 INFO o.a.j.t.JMeterThread: Thread is done: 热点参数限流 QPS1 1-361
2024-12-28 15:10:18,765 INFO o.a.j.t.JMeterThread: Thread finished: 热点参数限流 QPS1 1-361
2024-12-28 15:10:18,953 INFO o.a.j.t.JMeterThread: Thread started: 热点参数限流 QPS1 1-387
2024-12-28 15:10:18,953 INFO o.a.j.t.JMeterThread: Thread is done: 热点参数限流 QPS1 1-337
2024-12-28 15:10:18,953 INFO o.a.j.t.JMeterThread: Thread finished: 热点参数限流 QPS1 1-337
2024-12-28 15:10:19,157 INFO o.a.j.t.JMeterThread: Thread started: 热点参数限流 QPS1 1-388
2024-12-28 15:10:19,162 INFO o.a.j.t.JMeterThread: Thread is done: 热点参数限流 QPS1 1-338
2024-12-28 15:10:19,162 INFO o.a.j.t.JMeterThread: Thread finished: 热点参数限流 QPS1 1-338
2024-12-28 15:10:19,255 INFO o.a.j.t.JMeterThread: Thread is done: 热点参数限流 QPS1 1-314
2024-12-28 15:10:19,255 INFO o.a.j.t.JMeterThread: Thread finished: 热点参数限流 QPS1 1-314
2024-12-28 15:10:19,366 INFO o.a.j.t.JMeterThread: Thread started: 热点参数限流 QPS1 1-389
2024-12-28 15:10:19,455 INFO o.a.j.t.JMeterThread: Thread is done: 热点参数限流 QPS1 1-315
2024-12-28 15:10:19,455 INFO o.a.j.t.JMeterThread: Thread finished: 热点参数限流 QPS1 1-315
2024-12-28 15:10:19,565 INFO o.a.j.t.JMeterThread: Thread started: 热点参数限流 QPS1 1-390
2024-12-28 15:10:19,753 INFO o.a.j.t.JMeterThread: Thread started: 热点参数限流 QPS1 1-391
2024-12-28 15:10:19,753 INFO o.a.j.t.JMeterThread: Thread is done: 热点参数限流 QPS1 1-316
2024-12-28 15:10:19,753 INFO o.a.j.t.JMeterThread: Thread finished: 热点参数限流 QPS1 1-316
2024-12-28 15:10:19,864 INFO o.a.j.t.JMeterThread: Thread is done: 热点参数限流 QPS1 1-317
2024-12-28 15:10:19,864 INFO o.a.j.t.JMeterThread: Thread finished: 热点参数限流 QPS1 1-317
2024-12-28 15:10:19,959 INFO o.a.j.t.JMeterThread: Thread started: 热点参数限流 QPS1 1-392
2024-12-28 15:10:19,964 INFO o.a.j.v.ViewResultsFullVisualizer: Add JavaFX to your Java installation if you want to use renderer: org.apache.jmeter.visualizers.RenderInBrowser
2024-12-28 15:10:20,163 INFO o.a.j.t.JMeterThread: Thread started: 热点参数限流 QPS1 1-393
2024-12-28 15:10:20,165 INFO o.a.j.t.JMeterThread: Thread is done: 热点参数限流 QPS1 1-318
2024-12-28 15:10:20,165 INFO o.a.j.t.JMeterThread: Thread finished: 热点参数限流 QPS1 1-318
2024-12-28 15:10:20,257 INFO o.a.j.t.JMeterThread: Thread is done: 热点参数限流 QPS1 1-319
2024-12-28 15:10:20,257 INFO o.a.j.t.JMeterThread: Thread finished: 热点参数限流 QPS1 1-319
2024-12-28 15:10:20,351 INFO o.a.j.t.JMeterThread: Thread started: 热点参数限流 QPS1 1-394
2024-12-28 15:10:20,465 INFO o.a.j.t.JMeterThread: Thread is done: 热点参数限流 QPS1 1-320
2024-12-28 15:10:20,465 INFO o.a.j.t.JMeterThread: Thread finished: 热点参数限流 QPS1 1-320
2024-12-28 15:10:20,556 INFO o.a.j.t.JMeterThread: Thread started: 热点参数限流 QPS1 1-395
2024-12-28 15:10:20,665 INFO o.a.j.t.JMeterThread: Thread is done: 热点参数限流 QPS1 1-321
2024-12-28 15:10:20,665 INFO o.a.j.t.JMeterThread: Thread finished: 热点参数限流 QPS1 1-321
2024-12-28 15:10:20,759 INFO o.a.j.t.JMeterThread: Thread started: 热点参数限流 QPS1 1-396
2024-12-28 15:10:20,963 INFO o.a.j.t.JMeterThread: Thread started: 热点参数限流 QPS1 1-397
2024-12-28 15:10:20,966 INFO o.a.j.t.JMeterThread: Thread is done: 热点参数限流 QPS1 1-347
2024-12-28 15:10:20,966 INFO o.a.j.t.JMeterThread: Thread finished: 热点参数限流 QPS1 1-347
2024-12-28 15:10:21,151 INFO o.a.j.t.JMeterThread: Thread started: 热点参数限流 QPS1 1-398
2024-12-28 15:10:21,167 INFO o.a.j.t.JMeterThread: Thread is done: 热点参数限流 QPS1 1-373
2024-12-28 15:10:21,167 INFO o.a.j.t.JMeterThread: Thread finished: 热点参数限流 QPS1 1-373
2024-12-28 15:10:21,356 INFO o.a.j.t.JMeterThread: Thread started: 热点参数限流 QPS1 1-399
2024-12-28 15:10:21,356 INFO o.a.j.t.JMeterThread: Thread is done: 热点参数限流 QPS1 1-349
2024-12-28 15:10:21,356 INFO o.a.j.t.JMeterThread: Thread finished: 热点参数限流 QPS1 1-349
2024-12-28 15:10:21,388 INFO o.a.j.g.a.Start: Stopping test
2024-12-28 15:10:21,404 INFO o.a.j.t.JMeterThread: Stopping: 热点参数限流 QPS1 1-473
2024-12-28 15:10:21,404 INFO o.a.j.t.JMeterThread: Stopping: 热点参数限流 QPS1 1-415
2024-12-28 15:10:21,404 INFO o.a.j.t.JMeterThread: Stopping: 热点参数限流 QPS1 1-441
2024-12-28 15:10:21,404 INFO o.a.j.t.JMeterThread: Stopping: 热点参数限流 QPS1 1-381
2024-12-28 15:10:21,404 INFO o.a.j.t.JMeterThread: Thread started: 热点参数限流 QPS1 1-441
2024-12-28 15:10:21,404 INFO o.a.j.t.JMeterThread: Thread started: 热点参数限流 QPS1 1-415
2024-12-28 15:10:21,404 INFO o.a.j.t.JMeterThread: Thread started: 热点参数限流 QPS1 1-473
2024-12-28 15:10:21,404 INFO o.a.j.t.JMeterThread: Thread finished: 热点参数限流 QPS1 1-441
2024-12-28 15:10:21,404 WARN o.a.j.t.JMeterThread: Interrupting: 热点参数限流 QPS1 1-381 sampler: HTTP请求
2024-12-28 15:10:21,404 INFO o.a.j.t.JMeterThread: Thread finished: 热点参数限流 QPS1 1-415
2024-12-28 15:10:21,404 INFO o.a.j.t.JMeterThread: Thread finished: 热点参数限流 QPS1 1-473
2024-12-28 15:10:21,404 INFO o.a.j.t.JMeterThread: Stopping: 热点参数限流 QPS1 1-457
2024-12-28 15:10:21,404 INFO o.a.j.t.JMeterThread: Stopping: 热点参数限流 QPS1 1-427
2024-12-28 15:10:21,404 INFO o.a.j.t.JMeterThread: Stopping: 热点参数限流 QPS1 1-439
2024-12-28 15:10:21,404 INFO o.a.j.t.JMeterThread: Thread started: 热点参数限流 QPS1 1-457
2024-12-28 15:10:21,404 INFO o.a.j.t.JMeterThread: Thread started: 热点参数限流 QPS1 1-427
2024-12-28 15:10:21,404 INFO o.a.j.t.JMeterThread: Stopping: 热点参数限流 QPS1 1-419
2024-12-28 15:10:21,404 INFO o.a.j.t.JMeterThread: Thread finished: 热点参数限流 QPS1 1-427
2024-12-28 15:10:21,404 INFO o.a.j.t.JMeterThread: Stopping: 热点参数限流 QPS1 1-372
2024-12-28 15:10:21,404 INFO o.a.j.t.JMeterThread: Thread started: 热点参数限流 QPS1 1-439
2024-12-28 15:10:21,404 WARN o.a.j.t.JMeterThread: Interrupting: 热点参数限流 QPS1 1-372 sampler: HTTP请求
2024-12-28 15:10:21,404 INFO o.a.j.t.JMeterThread: Thread finished: 热点参数限流 QPS1 1-457
2024-12-28 15:10:21,404 INFO o.a.j.t.JMeterThread: Thread started: 热点参数限流 QPS1 1-419
2024-12-28 15:10:21,404 INFO o.a.j.t.JMeterThread: Thread finished: 热点参数限流 QPS1 1-419
2024-12-28 15:10:21,404 INFO o.a.j.t.JMeterThread: Thread finished: 热点参数限流 QPS1 1-439
2024-12-28 15:10:21,404 INFO o.a.j.t.JMeterThread: Stopping: 热点参数限流 QPS1 1-488
2024-12-28 15:10:21,404 INFO o.a.j.t.JMeterThread: Stopping: 热点参数限流 QPS1 1-348
2024-12-28 15:10:21,404 WARN o.a.j.t.JMeterThread: Interrupting: 热点参数限流 QPS1 1-348 sampler: HTTP请求
2024-12-28 15:10:21,404 INFO o.a.j.t.JMeterThread: Thread started: 热点参数限流 QPS1 1-488
2024-12-28 15:10:21,404 INFO o.a.j.t.JMeterThread: Thread finished: 热点参数限流 QPS1 1-488
2024-12-28 15:10:21,404 INFO o.a.j.t.JMeterThread: Stopping: 热点参数限流 QPS1 1-443
2024-12-28 15:10:21,404 INFO o.a.j.t.JMeterThread: Stopping: 热点参数限流 QPS1 1-480
2024-12-28 15:10:21,404 INFO o.a.j.t.JMeterThread: Stopping: 热点参数限流 QPS1 1-404
2024-12-28 15:10:21,404 INFO o.a.j.t.JMeterThread: Thread started: 热点参数限流 QPS1 1-443
2024-12-28 15:10:21,404 INFO o.a.j.t.JMeterThread: Thread started: 热点参数限流 QPS1 1-480
2024-12-28 15:10:21,404 INFO o.a.j.t.JMeterThread: Stopping: 热点参数限流 QPS1 1-402
2024-12-28 15:10:21,404 INFO o.a.j.t.JMeterThread: Thread finished: 热点参数限流 QPS1 1-443
2024-12-28 15:10:21,404 INFO o.a.j.t.JMeterThread: Thread started: 热点参数限流 QPS1 1-404
2024-12-28 15:10:21,404 INFO o.a.j.t.JMeterThread: Thread started: 热点参数限流 QPS1 1-402
2024-12-28 15:10:21,404 INFO o.a.j.t.JMeterThread: Thread finished: 热点参数限流 QPS1 1-404
2024-12-28 15:10:21,404 INFO o.a.j.t.JMeterThread: Thread finished: 热点参数限流 QPS1 1-402
2024-12-28 15:10:21,404 INFO o.a.j.t.JMeterThread: Stopping: 热点参数限流 QPS1 1-378
2024-12-28 15:10:21,404 INFO o.a.j.t.JMeterThread: Thread finished: 热点参数限流 QPS1 1-480
2024-12-28 15:10:21,404 WARN o.a.j.t.JMeterThread: Interrupting: 热点参数限流 QPS1 1-378 sampler: HTTP请求
2024-12-28 15:10:21,404 INFO o.a.j.t.JMeterThread: Stopping: 热点参数限流 QPS1 1-490
2024-12-28 15:10:21,404 INFO o.a.j.t.JMeterThread: Stopping: 热点参数限流 QPS1 1-403
2024-12-28 15:10:21,404 INFO o.a.j.t.JMeterThread: Stopping: 热点参数限流 QPS1 1-475
2024-12-28 15:10:21,404 INFO o.a.j.t.JMeterThread: Thread started: 热点参数限流 QPS1 1-490
2024-12-28 15:10:21,404 INFO o.a.j.t.JMeterThread: Thread started: 热点参数限流 QPS1 1-403
2024-12-28 15:10:21,404 INFO o.a.j.t.JMeterThread: Stopping: 热点参数限流 QPS1 1-470
2024-12-28 15:10:21,404 INFO o.a.j.t.JMeterThread: Thread started: 热点参数限流 QPS1 1-475
2024-12-28 15:10:21,404 INFO o.a.j.t.JMeterThread: Thread finished: 热点参数限流 QPS1 1-490
2024-12-28 15:10:21,404 INFO o.a.j.t.JMeterThread: Thread finished: 热点参数限流 QPS1 1-403
2024-12-28 15:10:21,404 INFO o.a.j.t.JMeterThread: Thread finished: 热点参数限流 QPS1 1-372
2024-12-28 15:10:21,404 INFO o.a.j.t.JMeterThread: Thread finished: 热点参数限流 QPS1 1-378
2024-12-28 15:10:21,404 INFO o.a.j.t.JMeterThread: Thread is done: 热点参数限流 QPS1 1-348
2024-12-28 15:10:21,404 INFO o.a.j.t.JMeterThread: Thread finished: 热点参数限流 QPS1 1-381
2024-12-28 15:10:21,404 INFO o.a.j.t.JMeterThread: Thread finished: 热点参数限流 QPS1 1-475
2024-12-28 15:10:21,404 INFO o.a.j.t.JMeterThread: Thread finished: 热点参数限流 QPS1 1-348
2024-12-28 15:10:21,404 INFO o.a.j.t.JMeterThread: Thread started: 热点参数限流 QPS1 1-470
2024-12-28 15:10:21,404 INFO o.a.j.t.JMeterThread: Stopping: 热点参数限流 QPS1 1-454
2024-12-28 15:10:21,404 INFO o.a.j.t.JMeterThread: Thread finished: 热点参数限流 QPS1 1-470
2024-12-28 15:10:21,404 INFO o.a.j.t.JMeterThread: Stopping: 热点参数限流 QPS1 1-393
2024-12-28 15:10:21,404 INFO o.a.j.t.JMeterThread: Thread started: 热点参数限流 QPS1 1-454
2024-12-28 15:10:21,404 WARN o.a.j.t.JMeterThread: Interrupting: 热点参数限流 QPS1 1-393 sampler: HTTP请求
2024-12-28 15:10:21,404 INFO o.a.j.t.JMeterThread: Thread finished: 热点参数限流 QPS1 1-454
2024-12-28 15:10:21,404 INFO o.a.j.t.JMeterThread: Stopping: 热点参数限流 QPS1 1-376
2024-12-28 15:10:21,404 WARN o.a.j.t.JMeterThread: Interrupting: 热点参数限流 QPS1 1-376 sampler: HTTP请求
2024-12-28 15:10:21,404 INFO o.a.j.t.JMeterThread: Stopping: 热点参数限流 QPS1 1-367
2024-12-28 15:10:21,404 WARN o.a.j.t.JMeterThread: Interrupting: 热点参数限流 QPS1 1-367 sampler: HTTP请求
2024-12-28 15:10:21,404 INFO o.a.j.t.JMeterThread: Thread finished: 热点参数限流 QPS1 1-393
2024-12-28 15:10:21,404 INFO o.a.j.t.JMeterThread: Stopping: 热点参数限流 QPS1 1-491
2024-12-28 15:10:21,404 INFO o.a.j.t.JMeterThread: Thread finished: 热点参数限流 QPS1 1-376
2024-12-28 15:10:21,404 INFO o.a.j.t.JMeterThread: Stopping: 热点参数限流 QPS1 1-452
2024-12-28 15:10:21,404 INFO o.a.j.t.JMeterThread: Thread started: 热点参数限流 QPS1 1-491
2024-12-28 15:10:21,404 INFO o.a.j.t.JMeterThread: Stopping: 热点参数限流 QPS1 1-459
2024-12-28 15:10:21,404 INFO o.a.j.t.JMeterThread: Thread finished: 热点参数限流 QPS1 1-491
2024-12-28 15:10:21,404 INFO o.a.j.t.JMeterThread: Thread started: 热点参数限流 QPS1 1-452
2024-12-28 15:10:21,404 INFO o.a.j.t.JMeterThread: Stopping: 热点参数限流 QPS1 1-496
2024-12-28 15:10:21,404 INFO o.a.j.t.JMeterThread: Thread started: 热点参数限流 QPS1 1-459
2024-12-28 15:10:21,404 INFO o.a.j.t.JMeterThread: Thread finished: 热点参数限流 QPS1 1-452
2024-12-28 15:10:21,404 INFO o.a.j.t.JMeterThread: Thread finished: 热点参数限流 QPS1 1-367
2024-12-28 15:10:21,404 INFO o.a.j.t.JMeterThread: Stopping: 热点参数限流 QPS1 1-444
2024-12-28 15:10:21,404 INFO o.a.j.t.JMeterThread: Thread started: 热点参数限流 QPS1 1-496
2024-12-28 15:10:21,404 INFO o.a.j.t.JMeterThread: Thread finished: 热点参数限流 QPS1 1-459
2024-12-28 15:10:21,404 INFO o.a.j.t.JMeterThread: Stopping: 热点参数限流 QPS1 1-466
2024-12-28 15:10:21,404 INFO o.a.j.t.JMeterThread: Thread finished: 热点参数限流 QPS1 1-496
2024-12-28 15:10:21,404 INFO o.a.j.t.JMeterThread: Thread started: 热点参数限流 QPS1 1-444
2024-12-28 15:10:21,404 INFO o.a.j.t.JMeterThread: Stopping: 热点参数限流 QPS1 1-450
2024-12-28 15:10:21,404 INFO o.a.j.t.JMeterThread: Thread started: 热点参数限流 QPS1 1-466
2024-12-28 15:10:21,404 INFO o.a.j.t.JMeterThread: Thread finished: 热点参数限流 QPS1 1-444
2024-12-28 15:10:21,404 INFO o.a.j.t.JMeterThread: Stopping: 热点参数限流 QPS1 1-433
2024-12-28 15:10:21,404 INFO o.a.j.t.JMeterThread: Thread finished: 热点参数限流 QPS1 1-466
2024-12-28 15:10:21,404 INFO o.a.j.t.JMeterThread: Thread started: 热点参数限流 QPS1 1-450
2024-12-28 15:10:21,404 INFO o.a.j.t.JMeterThread: Thread started: 热点参数限流 QPS1 1-433
2024-12-28 15:10:21,404 INFO o.a.j.t.JMeterThread: Stopping: 热点参数限流 QPS1 1-476
2024-12-28 15:10:21,404 INFO o.a.j.t.JMeterThread: Thread finished: 热点参数限流 QPS1 1-433
2024-12-28 15:10:21,404 INFO o.a.j.t.JMeterThread: Thread finished: 热点参数限流 QPS1 1-450
2024-12-28 15:10:21,404 INFO o.a.j.t.JMeterThread: Stopping: 热点参数限流 QPS1 1-410
2024-12-28 15:10:21,404 INFO o.a.j.t.JMeterThread: Thread started: 热点参数限流 QPS1 1-476
2024-12-28 15:10:21,404 INFO o.a.j.t.JMeterThread: Stopping: 热点参数限流 QPS1 1-426
2024-12-28 15:10:21,404 INFO o.a.j.t.JMeterThread: Thread started: 热点参数限流 QPS1 1-410
2024-12-28 15:10:21,404 INFO o.a.j.t.JMeterThread: Thread finished: 热点参数限流 QPS1 1-476
2024-12-28 15:10:21,404 INFO o.a.j.t.JMeterThread: Thread started: 热点参数限流 QPS1 1-426
2024-12-28 15:10:21,404 INFO o.a.j.t.JMeterThread: Stopping: 热点参数限流 QPS1 1-352
2024-12-28 15:10:21,404 INFO o.a.j.t.JMeterThread: Thread finished: 热点参数限流 QPS1 1-410
2024-12-28 15:10:21,404 INFO o.a.j.t.JMeterThread: Thread finished: 热点参数限流 QPS1 1-426
2024-12-28 15:10:21,404 WARN o.a.j.t.JMeterThread: Interrupting: 热点参数限流 QPS1 1-352 sampler: HTTP请求
2024-12-28 15:10:21,404 INFO o.a.j.t.JMeterThread: Stopping: 热点参数限流 QPS1 1-428
2024-12-28 15:10:21,404 INFO o.a.j.t.JMeterThread: Stopping: 热点参数限流 QPS1 1-364
2024-12-28 15:10:21,404 WARN o.a.j.t.JMeterThread: Interrupting: 热点参数限流 QPS1 1-364 sampler: HTTP请求
2024-12-28 15:10:21,404 INFO o.a.j.t.JMeterThread: Thread started: 热点参数限流 QPS1 1-428
2024-12-28 15:10:21,404 INFO o.a.j.t.JMeterThread: Thread finished: 热点参数限流 QPS1 1-428
2024-12-28 15:10:21,404 INFO o.a.j.t.JMeterThread: Stopping: 热点参数限流 QPS1 1-462
2024-12-28 15:10:21,404 INFO o.a.j.t.JMeterThread: Stopping: 热点参数限流 QPS1 1-414
2024-12-28 15:10:21,404 INFO o.a.j.t.JMeterThread: Thread finished: 热点参数限流 QPS1 1-352
2024-12-28 15:10:21,404 INFO o.a.j.t.JMeterThread: Thread started: 热点参数限流 QPS1 1-462
2024-12-28 15:10:21,404 INFO o.a.j.t.JMeterThread: Thread started: 热点参数限流 QPS1 1-414
2024-12-28 15:10:21,404 INFO o.a.j.t.JMeterThread: Stopping: 热点参数限流 QPS1 1-483
2024-12-28 15:10:21,404 INFO o.a.j.t.JMeterThread: Thread finished: 热点参数限流 QPS1 1-364
2024-12-28 15:10:21,404 INFO o.a.j.t.JMeterThread: Thread finished: 热点参数限流 QPS1 1-462
2024-12-28 15:10:21,404 INFO o.a.j.t.JMeterThread: Thread started: 热点参数限流 QPS1 1-483
2024-12-28 15:10:21,404 INFO o.a.j.t.JMeterThread: Stopping: 热点参数限流 QPS1 1-377
2024-12-28 15:10:21,404 INFO o.a.j.t.JMeterThread: Thread finished: 热点参数限流 QPS1 1-414
2024-12-28 15:10:21,404 INFO o.a.j.t.JMeterThread: Thread finished: 热点参数限流 QPS1 1-483
2024-12-28 15:10:21,404 WARN o.a.j.t.JMeterThread: Interrupting: 热点参数限流 QPS1 1-377 sampler: HTTP请求
2024-12-28 15:10:21,404 INFO o.a.j.t.JMeterThread: Stopping: 热点参数限流 QPS1 1-399
2024-12-28 15:10:21,404 WARN o.a.j.t.JMeterThread: Interrupting: 热点参数限流 QPS1 1-399 sampler: HTTP请求
2024-12-28 15:10:21,404 INFO o.a.j.t.JMeterThread: Stopping: 热点参数限流 QPS1 1-425
2024-12-28 15:10:21,404 INFO o.a.j.t.JMeterThread: Stopping: 热点参数限流 QPS1 1-484
2024-12-28 15:10:21,404 INFO o.a.j.t.JMeterThread: Stopping: 热点参数限流 QPS1 1-391
2024-12-28 15:10:21,404 INFO o.a.j.t.JMeterThread: Thread finished: 热点参数限流 QPS1 1-377
2024-12-28 15:10:21,404 INFO o.a.j.t.JMeterThread: Thread started: 热点参数限流 QPS1 1-425
2024-12-28 15:10:21,404 INFO o.a.j.t.JMeterThread: Thread started: 热点参数限流 QPS1 1-484
2024-12-28 15:10:21,404 WARN o.a.j.t.JMeterThread: Interrupting: 热点参数限流 QPS1 1-391 sampler: HTTP请求
2024-12-28 15:10:21,404 INFO o.a.j.t.JMeterThread: Thread finished: 热点参数限流 QPS1 1-484
2024-12-28 15:10:21,404 INFO o.a.j.t.JMeterThread: Thread finished: 热点参数限流 QPS1 1-399
2024-12-28 15:10:21,404 INFO o.a.j.t.JMeterThread: Thread finished: 热点参数限流 QPS1 1-425
2024-12-28 15:10:21,404 INFO o.a.j.t.JMeterThread: Stopping: 热点参数限流 QPS1 1-325
2024-12-28 15:10:21,419 WARN o.a.j.t.JMeterThread: Interrupting: 热点参数限流 QPS1 1-325 sampler: HTTP请求
2024-12-28 15:10:21,419 INFO o.a.j.t.JMeterThread: Thread finished: 热点参数限流 QPS1 1-391
2024-12-28 15:10:21,419 INFO o.a.j.t.JMeterThread: Stopping: 热点参数限流 QPS1 1-369
2024-12-28 15:10:21,419 WARN o.a.j.t.JMeterThread: Interrupting: 热点参数限流 QPS1 1-369 sampler: HTTP请求
2024-12-28 15:10:21,419 INFO o.a.j.t.JMeterThread: Thread is done: 热点参数限流 QPS1 1-325
2024-12-28 15:10:21,419 INFO o.a.j.t.JMeterThread: Stopping: 热点参数限流 QPS1 1-370
2024-12-28 15:10:21,419 INFO o.a.j.t.JMeterThread: Thread finished: 热点参数限流 QPS1 1-325
2024-12-28 15:10:21,419 WARN o.a.j.t.JMeterThread: Interrupting: 热点参数限流 QPS1 1-370 sampler: HTTP请求
2024-12-28 15:10:21,419 INFO o.a.j.t.JMeterThread: Thread finished: 热点参数限流 QPS1 1-369
2024-12-28 15:10:21,419 INFO o.a.j.t.JMeterThread: Stopping: 热点参数限流 QPS1 1-333
2024-12-28 15:10:21,419 WARN o.a.j.t.JMeterThread: Interrupting: 热点参数限流 QPS1 1-333 sampler: HTTP请求
2024-12-28 15:10:21,419 INFO o.a.j.t.JMeterThread: Stopping: 热点参数限流 QPS1 1-499
2024-12-28 15:10:21,419 INFO o.a.j.t.JMeterThread: Thread finished: 热点参数限流 QPS1 1-370
2024-12-28 15:10:21,419 INFO o.a.j.t.JMeterThread: Stopping: 热点参数限流 QPS1 1-366
2024-12-28 15:10:21,419 INFO o.a.j.t.JMeterThread: Thread started: 热点参数限流 QPS1 1-499
2024-12-28 15:10:21,419 WARN o.a.j.t.JMeterThread: Interrupting: 热点参数限流 QPS1 1-366 sampler: HTTP请求
2024-12-28 15:10:21,419 INFO o.a.j.t.JMeterThread: Thread finished: 热点参数限流 QPS1 1-499
2024-12-28 15:10:21,419 INFO o.a.j.t.JMeterThread: Thread is done: 热点参数限流 QPS1 1-333
2024-12-28 15:10:21,419 INFO o.a.j.t.JMeterThread: Thread finished: 热点参数限流 QPS1 1-333
2024-12-28 15:10:21,419 INFO o.a.j.t.JMeterThread: Stopping: 热点参数限流 QPS1 1-368
2024-12-28 15:10:21,419 WARN o.a.j.t.JMeterThread: Interrupting: 热点参数限流 QPS1 1-368 sampler: HTTP请求
2024-12-28 15:10:21,419 INFO o.a.j.t.JMeterThread: Stopping: 热点参数限流 QPS1 1-467
2024-12-28 15:10:21,419 INFO o.a.j.t.JMeterThread: Stopping: 热点参数限流 QPS1 1-359
2024-12-28 15:10:21,419 WARN o.a.j.t.JMeterThread: Interrupting: 热点参数限流 QPS1 1-359 sampler: HTTP请求
2024-12-28 15:10:21,419 INFO o.a.j.t.JMeterThread: Thread finished: 热点参数限流 QPS1 1-366
2024-12-28 15:10:21,419 INFO o.a.j.t.JMeterThread: Thread started: 热点参数限流 QPS1 1-467
2024-12-28 15:10:21,419 INFO o.a.j.t.JMeterThread: Thread finished: 热点参数限流 QPS1 1-368
2024-12-28 15:10:21,419 INFO o.a.j.t.JMeterThread: Thread finished: 热点参数限流 QPS1 1-467
2024-12-28 15:10:21,419 INFO o.a.j.t.JMeterThread: Stopping: 热点参数限流 QPS1 1-489
2024-12-28 15:10:21,419 INFO o.a.j.t.JMeterThread: Stopping: 热点参数限流 QPS1 1-442
2024-12-28 15:10:21,419 INFO o.a.j.t.JMeterThread: Thread started: 热点参数限流 QPS1 1-489
2024-12-28 15:10:21,419 INFO o.a.j.t.JMeterThread: Stopping: 热点参数限流 QPS1 1-388
2024-12-28 15:10:21,419 INFO o.a.j.t.JMeterThread: Thread finished: 热点参数限流 QPS1 1-489
2024-12-28 15:10:21,419 INFO o.a.j.t.JMeterThread: Thread finished: 热点参数限流 QPS1 1-359
2024-12-28 15:10:21,419 INFO o.a.j.t.JMeterThread: Thread started: 热点参数限流 QPS1 1-442
2024-12-28 15:10:21,419 WARN o.a.j.t.JMeterThread: Interrupting: 热点参数限流 QPS1 1-388 sampler: HTTP请求
2024-12-28 15:10:21,419 INFO o.a.j.t.JMeterThread: Thread finished: 热点参数限流 QPS1 1-442
2024-12-28 15:10:21,419 INFO o.a.j.t.JMeterThread: Stopping: 热点参数限流 QPS1 1-482
2024-12-28 15:10:21,419 INFO o.a.j.t.JMeterThread: Stopping: 热点参数限流 QPS1 1-424
2024-12-28 15:10:21,419 INFO o.a.j.t.JMeterThread: Stopping: 热点参数限流 QPS1 1-398
2024-12-28 15:10:21,419 INFO o.a.j.t.JMeterThread: Thread started: 热点参数限流 QPS1 1-482
2024-12-28 15:10:21,419 INFO o.a.j.t.JMeterThread: Thread started: 热点参数限流 QPS1 1-424
2024-12-28 15:10:21,419 WARN o.a.j.t.JMeterThread: Interrupting: 热点参数限流 QPS1 1-398 sampler: HTTP请求
2024-12-28 15:10:21,419 INFO o.a.j.t.JMeterThread: Thread finished: 热点参数限流 QPS1 1-482
2024-12-28 15:10:21,419 INFO o.a.j.t.JMeterThread: Thread finished: 热点参数限流 QPS1 1-424
2024-12-28 15:10:21,419 INFO o.a.j.t.JMeterThread: Thread finished: 热点参数限流 QPS1 1-388
2024-12-28 15:10:21,419 INFO o.a.j.t.JMeterThread: Stopping: 热点参数限流 QPS1 1-447
2024-12-28 15:10:21,419 INFO o.a.j.t.JMeterThread: Stopping: 热点参数限流 QPS1 1-493
2024-12-28 15:10:21,419 INFO o.a.j.t.JMeterThread: Stopping: 热点参数限流 QPS1 1-383
2024-12-28 15:10:21,419 INFO o.a.j.t.JMeterThread: Thread started: 热点参数限流 QPS1 1-447
2024-12-28 15:10:21,419 INFO o.a.j.t.JMeterThread: Thread started: 热点参数限流 QPS1 1-493
2024-12-28 15:10:21,419 INFO o.a.j.t.JMeterThread: Thread finished: 热点参数限流 QPS1 1-398
2024-12-28 15:10:21,419 WARN o.a.j.t.JMeterThread: Interrupting: 热点参数限流 QPS1 1-383 sampler: HTTP请求
2024-12-28 15:10:21,419 INFO o.a.j.t.JMeterThread: Thread finished: 热点参数限流 QPS1 1-493
2024-12-28 15:10:21,419 INFO o.a.j.t.JMeterThread: Thread finished: 热点参数限流 QPS1 1-447
2024-12-28 15:10:21,419 INFO o.a.j.t.JMeterThread: Stopping: 热点参数限流 QPS1 1-455
2024-12-28 15:10:21,419 INFO o.a.j.t.JMeterThread: Stopping: 热点参数限流 QPS1 1-468
2024-12-28 15:10:21,419 INFO o.a.j.t.JMeterThread: Stopping: 热点参数限流 QPS1 1-397
2024-12-28 15:10:21,419 INFO o.a.j.t.JMeterThread: Thread started: 热点参数限流 QPS1 1-455
2024-12-28 15:10:21,419 INFO o.a.j.t.JMeterThread: Thread finished: 热点参数限流 QPS1 1-383
2024-12-28 15:10:21,419 INFO o.a.j.t.JMeterThread: Thread started: 热点参数限流 QPS1 1-468
2024-12-28 15:10:21,419 WARN o.a.j.t.JMeterThread: Interrupting: 热点参数限流 QPS1 1-397 sampler: HTTP请求
2024-12-28 15:10:21,419 INFO o.a.j.t.JMeterThread: Thread finished: 热点参数限流 QPS1 1-455
2024-12-28 15:10:21,419 INFO o.a.j.t.JMeterThread: Thread finished: 热点参数限流 QPS1 1-468
2024-12-28 15:10:21,419 INFO o.a.j.t.JMeterThread: Stopping: 热点参数限流 QPS1 1-423
2024-12-28 15:10:21,419 INFO o.a.j.t.JMeterThread: Stopping: 热点参数限流 QPS1 1-432
2024-12-28 15:10:21,419 INFO o.a.j.t.JMeterThread: Stopping: 热点参数限流 QPS1 1-487
2024-12-28 15:10:21,419 INFO o.a.j.t.JMeterThread: Thread started: 热点参数限流 QPS1 1-423
2024-12-28 15:10:21,419 INFO o.a.j.t.JMeterThread: Thread started: 热点参数限流 QPS1 1-432
2024-12-28 15:10:21,419 INFO o.a.j.t.JMeterThread: Thread finished: 热点参数限流 QPS1 1-423
2024-12-28 15:10:21,419 INFO o.a.j.t.JMeterThread: Thread finished: 热点参数限流 QPS1 1-432
2024-12-28 15:10:21,419 INFO o.a.j.t.JMeterThread: Stopping: 热点参数限流 QPS1 1-471
2024-12-28 15:10:21,419 INFO o.a.j.t.JMeterThread: Thread started: 热点参数限流 QPS1 1-487
2024-12-28 15:10:21,419 INFO o.a.j.t.JMeterThread: Thread finished: 热点参数限流 QPS1 1-397
2024-12-28 15:10:21,419 INFO o.a.j.t.JMeterThread: Thread finished: 热点参数限流 QPS1 1-487
2024-12-28 15:10:21,419 INFO o.a.j.t.JMeterThread: Stopping: 热点参数限流 QPS1 1-446
2024-12-28 15:10:21,419 INFO o.a.j.t.JMeterThread: Thread started: 热点参数限流 QPS1 1-471
2024-12-28 15:10:21,419 INFO o.a.j.t.JMeterThread: Stopping: 热点参数限流 QPS1 1-380
2024-12-28 15:10:21,419 INFO o.a.j.t.JMeterThread: Thread finished: 热点参数限流 QPS1 1-471
2024-12-28 15:10:21,419 WARN o.a.j.t.JMeterThread: Interrupting: 热点参数限流 QPS1 1-380 sampler: HTTP请求
2024-12-28 15:10:21,419 INFO o.a.j.t.JMeterThread: Thread started: 热点参数限流 QPS1 1-446
2024-12-28 15:10:21,419 INFO o.a.j.t.JMeterThread: Thread finished: 热点参数限流 QPS1 1-446
2024-12-28 15:10:21,419 INFO o.a.j.t.JMeterThread: Stopping: 热点参数限流 QPS1 1-465
2024-12-28 15:10:21,419 INFO o.a.j.t.JMeterThread: Stopping: 热点参数限流 QPS1 1-418
2024-12-28 15:10:21,419 INFO o.a.j.t.JMeterThread: Stopping: 热点参数限流 QPS1 1-379
2024-12-28 15:10:21,419 INFO o.a.j.t.JMeterThread: Thread started: 热点参数限流 QPS1 1-465
2024-12-28 15:10:21,419 INFO o.a.j.t.JMeterThread: Thread started: 热点参数限流 QPS1 1-418
2024-12-28 15:10:21,419 WARN o.a.j.t.JMeterThread: Interrupting: 热点参数限流 QPS1 1-379 sampler: HTTP请求
2024-12-28 15:10:21,419 INFO o.a.j.t.JMeterThread: Thread finished: 热点参数限流 QPS1 1-465
2024-12-28 15:10:21,419 INFO o.a.j.t.JMeterThread: Thread finished: 热点参数限流 QPS1 1-380
2024-12-28 15:10:21,419 INFO o.a.j.t.JMeterThread: Thread finished: 热点参数限流 QPS1 1-418
2024-12-28 15:10:21,419 INFO o.a.j.t.JMeterThread: Stopping: 热点参数限流 QPS1 1-411
2024-12-28 15:10:21,419 INFO o.a.j.t.JMeterThread: Stopping: 热点参数限流 QPS1 1-472
2024-12-28 15:10:21,419 INFO o.a.j.t.JMeterThread: Stopping: 热点参数限流 QPS1 1-500
2024-12-28 15:10:21,419 INFO o.a.j.t.JMeterThread: Thread started: 热点参数限流 QPS1 1-411
2024-12-28 15:10:21,419 INFO o.a.j.t.JMeterThread: Thread started: 热点参数限流 QPS1 1-472
2024-12-28 15:10:21,419 INFO o.a.j.t.JMeterThread: Stopping: 热点参数限流 QPS1 1-417
2024-12-28 15:10:21,419 INFO o.a.j.t.JMeterThread: Thread finished: 热点参数限流 QPS1 1-379
2024-12-28 15:10:21,419 INFO o.a.j.t.JMeterThread: Thread finished: 热点参数限流 QPS1 1-472
2024-12-28 15:10:21,419 INFO o.a.j.t.JMeterThread: Thread finished: 热点参数限流 QPS1 1-411
2024-12-28 15:10:21,419 INFO o.a.j.t.JMeterThread: Thread started: 热点参数限流 QPS1 1-500
2024-12-28 15:10:21,419 INFO o.a.j.t.JMeterThread: Thread started: 热点参数限流 QPS1 1-417
2024-12-28 15:10:21,419 INFO o.a.j.t.JMeterThread: Thread finished: 热点参数限流 QPS1 1-500
2024-12-28 15:10:21,419 INFO o.a.j.t.JMeterThread: Thread finished: 热点参数限流 QPS1 1-417
2024-12-28 15:10:21,419 INFO o.a.j.t.JMeterThread: Stopping: 热点参数限流 QPS1 1-437
2024-12-28 15:10:21,419 INFO o.a.j.t.JMeterThread: Stopping: 热点参数限流 QPS1 1-384
2024-12-28 15:10:21,419 WARN o.a.j.t.JMeterThread: Interrupting: 热点参数限流 QPS1 1-384 sampler: HTTP请求
2024-12-28 15:10:21,419 INFO o.a.j.t.JMeterThread: Thread started: 热点参数限流 QPS1 1-437
2024-12-28 15:10:21,419 INFO o.a.j.t.JMeterThread: Thread finished: 热点参数限流 QPS1 1-437
2024-12-28 15:10:21,419 INFO o.a.j.t.JMeterThread: Stopping: 热点参数限流 QPS1 1-474
2024-12-28 15:10:21,419 INFO o.a.j.t.JMeterThread: Stopping: 热点参数限流 QPS1 1-461
2024-12-28 15:10:21,419 INFO o.a.j.t.JMeterThread: Stopping: 热点参数限流 QPS1 1-329
2024-12-28 15:10:21,419 INFO o.a.j.t.JMeterThread: Thread started: 热点参数限流 QPS1 1-474
2024-12-28 15:10:21,419 INFO o.a.j.t.JMeterThread: Thread started: 热点参数限流 QPS1 1-461
2024-12-28 15:10:21,419 WARN o.a.j.t.JMeterThread: Interrupting: 热点参数限流 QPS1 1-329 sampler: HTTP请求
2024-12-28 15:10:21,419 INFO o.a.j.t.JMeterThread: Thread finished: 热点参数限流 QPS1 1-474
2024-12-28 15:10:21,419 INFO o.a.j.t.JMeterThread: Thread finished: 热点参数限流 QPS1 1-461
2024-12-28 15:10:21,419 INFO o.a.j.t.JMeterThread: Thread finished: 热点参数限流 QPS1 1-384
2024-12-28 15:10:21,419 INFO o.a.j.t.JMeterThread: Stopping: 热点参数限流 QPS1 1-331
2024-12-28 15:10:21,419 WARN o.a.j.t.JMeterThread: Interrupting: 热点参数限流 QPS1 1-331 sampler: HTTP请求
2024-12-28 15:10:21,419 INFO o.a.j.t.JMeterThread: Thread is done: 热点参数限流 QPS1 1-329
2024-12-28 15:10:21,419 INFO o.a.j.t.JMeterThread: Thread finished: 热点参数限流 QPS1 1-329
2024-12-28 15:10:21,419 INFO o.a.j.t.JMeterThread: Stopping: 热点参数限流 QPS1 1-436
2024-12-28 15:10:21,419 INFO o.a.j.t.JMeterThread: Stopping: 热点参数限流 QPS1 1-387
2024-12-28 15:10:21,419 WARN o.a.j.t.JMeterThread: Interrupting: 热点参数限流 QPS1 1-387 sampler: HTTP请求
2024-12-28 15:10:21,419 INFO o.a.j.t.JMeterThread: Thread started: 热点参数限流 QPS1 1-436
2024-12-28 15:10:21,419 INFO o.a.j.t.JMeterThread: Thread is done: 热点参数限流 QPS1 1-331
2024-12-28 15:10:21,419 INFO o.a.j.t.JMeterThread: Thread finished: 热点参数限流 QPS1 1-436
2024-12-28 15:10:21,419 INFO o.a.j.t.JMeterThread: Thread finished: 热点参数限流 QPS1 1-331
2024-12-28 15:10:21,419 INFO o.a.j.t.JMeterThread: Stopping: 热点参数限流 QPS1 1-401
2024-12-28 15:10:21,419 INFO o.a.j.t.JMeterThread: Stopping: 热点参数限流 QPS1 1-389
2024-12-28 15:10:21,419 WARN o.a.j.t.JMeterThread: Interrupting: 热点参数限流 QPS1 1-389 sampler: HTTP请求
2024-12-28 15:10:21,419 INFO o.a.j.t.JMeterThread: Thread started: 热点参数限流 QPS1 1-401
2024-12-28 15:10:21,419 INFO o.a.j.t.JMeterThread: Thread finished: 热点参数限流 QPS1 1-387
2024-12-28 15:10:21,419 INFO o.a.j.t.JMeterThread: Thread finished: 热点参数限流 QPS1 1-401
2024-12-28 15:10:21,419 INFO o.a.j.t.JMeterThread: Stopping: 热点参数限流 QPS1 1-460
2024-12-28 15:10:21,419 INFO o.a.j.t.JMeterThread: Stopping: 热点参数限流 QPS1 1-469
2024-12-28 15:10:21,419 INFO o.a.j.t.JMeterThread: Stopping: 热点参数限流 QPS1 1-407
2024-12-28 15:10:21,419 INFO o.a.j.t.JMeterThread: Thread started: 热点参数限流 QPS1 1-460
2024-12-28 15:10:21,419 INFO o.a.j.t.JMeterThread: Thread started: 热点参数限流 QPS1 1-469
2024-12-28 15:10:21,419 INFO o.a.j.t.JMeterThread: Stopping: 热点参数限流 QPS1 1-429
2024-12-28 15:10:21,419 INFO o.a.j.t.JMeterThread: Thread started: 热点参数限流 QPS1 1-407
2024-12-28 15:10:21,419 INFO o.a.j.t.JMeterThread: Thread finished: 热点参数限流 QPS1 1-460
2024-12-28 15:10:21,419 INFO o.a.j.t.JMeterThread: Thread finished: 热点参数限流 QPS1 1-389
2024-12-28 15:10:21,419 INFO o.a.j.t.JMeterThread: Thread finished: 热点参数限流 QPS1 1-407
2024-12-28 15:10:21,419 INFO o.a.j.t.JMeterThread: Thread started: 热点参数限流 QPS1 1-429
2024-12-28 15:10:21,419 INFO o.a.j.t.JMeterThread: Stopping: 热点参数限流 QPS1 1-422
2024-12-28 15:10:21,419 INFO o.a.j.t.JMeterThread: Thread finished: 热点参数限流 QPS1 1-469
2024-12-28 15:10:21,419 INFO o.a.j.t.JMeterThread: Thread finished: 热点参数限流 QPS1 1-429
2024-12-28 15:10:21,419 INFO o.a.j.t.JMeterThread: Stopping: 热点参数限流 QPS1 1-477
2024-12-28 15:10:21,419 INFO o.a.j.t.JMeterThread: Thread started: 热点参数限流 QPS1 1-422
2024-12-28 15:10:21,419 INFO o.a.j.t.JMeterThread: Stopping: 热点参数限流 QPS1 1-326
2024-12-28 15:10:21,419 INFO o.a.j.t.JMeterThread: Thread finished: 热点参数限流 QPS1 1-422
2024-12-28 15:10:21,419 WARN o.a.j.t.JMeterThread: Interrupting: 热点参数限流 QPS1 1-326 sampler: HTTP请求
2024-12-28 15:10:21,419 INFO o.a.j.t.JMeterThread: Thread started: 热点参数限流 QPS1 1-477
2024-12-28 15:10:21,419 INFO o.a.j.t.JMeterThread: Thread finished: 热点参数限流 QPS1 1-477
2024-12-28 15:10:21,419 INFO o.a.j.t.JMeterThread: Stopping: 热点参数限流 QPS1 1-374
2024-12-28 15:10:21,419 WARN o.a.j.t.JMeterThread: Interrupting: 热点参数限流 QPS1 1-374 sampler: HTTP请求
2024-12-28 15:10:21,419 INFO o.a.j.t.JMeterThread: Thread is done: 热点参数限流 QPS1 1-326
2024-12-28 15:10:21,419 INFO o.a.j.t.JMeterThread: Stopping: 热点参数限流 QPS1 1-458
2024-12-28 15:10:21,419 INFO o.a.j.t.JMeterThread: Thread finished: 热点参数限流 QPS1 1-326
2024-12-28 15:10:21,419 INFO o.a.j.t.JMeterThread: Stopping: 热点参数限流 QPS1 1-394
2024-12-28 15:10:21,419 INFO o.a.j.t.JMeterThread: Thread started: 热点参数限流 QPS1 1-458
2024-12-28 15:10:21,419 INFO o.a.j.t.JMeterThread: Thread finished: 热点参数限流 QPS1 1-374
2024-12-28 15:10:21,419 WARN o.a.j.t.JMeterThread: Interrupting: 热点参数限流 QPS1 1-394 sampler: HTTP请求
2024-12-28 15:10:21,419 INFO o.a.j.t.JMeterThread: Thread finished: 热点参数限流 QPS1 1-458
2024-12-28 15:10:21,419 INFO o.a.j.t.JMeterThread: Stopping: 热点参数限流 QPS1 1-396
2024-12-28 15:10:21,419 WARN o.a.j.t.JMeterThread: Interrupting: 热点参数限流 QPS1 1-396 sampler: HTTP请求
2024-12-28 15:10:21,419 INFO o.a.j.t.JMeterThread: Thread finished: 热点参数限流 QPS1 1-394
2024-12-28 15:10:21,419 INFO o.a.j.t.JMeterThread: Stopping: 热点参数限流 QPS1 1-463
2024-12-28 15:10:21,419 INFO o.a.j.t.JMeterThread: Stopping: 热点参数限流 QPS1 1-405
2024-12-28 15:10:21,419 INFO o.a.j.t.JMeterThread: Stopping: 热点参数限流 QPS1 1-420
2024-12-28 15:10:21,419 INFO o.a.j.t.JMeterThread: Thread started: 热点参数限流 QPS1 1-463
2024-12-28 15:10:21,419 INFO o.a.j.t.JMeterThread: Thread started: 热点参数限流 QPS1 1-405
2024-12-28 15:10:21,419 INFO o.a.j.t.JMeterThread: Stopping: 热点参数限流 QPS1 1-449
2024-12-28 15:10:21,419 INFO o.a.j.t.JMeterThread: Thread finished: 热点参数限流 QPS1 1-463
2024-12-28 15:10:21,419 INFO o.a.j.t.JMeterThread: Thread started: 热点参数限流 QPS1 1-420
2024-12-28 15:10:21,419 INFO o.a.j.t.JMeterThread: Stopping: 热点参数限流 QPS1 1-421
2024-12-28 15:10:21,419 INFO o.a.j.t.JMeterThread: Thread finished: 热点参数限流 QPS1 1-405
2024-12-28 15:10:21,419 INFO o.a.j.t.JMeterThread: Thread finished: 热点参数限流 QPS1 1-396
2024-12-28 15:10:21,419 INFO o.a.j.t.JMeterThread: Thread started: 热点参数限流 QPS1 1-421
2024-12-28 15:10:21,419 INFO o.a.j.t.JMeterThread: Thread finished: 热点参数限流 QPS1 1-420
2024-12-28 15:10:21,419 INFO o.a.j.t.JMeterThread: Thread started: 热点参数限流 QPS1 1-449
2024-12-28 15:10:21,419 INFO o.a.j.t.JMeterThread: Thread finished: 热点参数限流 QPS1 1-421
2024-12-28 15:10:21,419 INFO o.a.j.t.JMeterThread: Stopping: 热点参数限流 QPS1 1-486
2024-12-28 15:10:21,419 INFO o.a.j.t.JMeterThread: Thread finished: 热点参数限流 QPS1 1-449
2024-12-28 15:10:21,419 INFO o.a.j.t.JMeterThread: Stopping: 热点参数限流 QPS1 1-362
2024-12-28 15:10:21,419 INFO o.a.j.t.JMeterThread: Thread started: 热点参数限流 QPS1 1-486
2024-12-28 15:10:21,419 WARN o.a.j.t.JMeterThread: Interrupting: 热点参数限流 QPS1 1-362 sampler: HTTP请求
2024-12-28 15:10:21,419 INFO o.a.j.t.JMeterThread: Thread finished: 热点参数限流 QPS1 1-486
2024-12-28 15:10:21,419 INFO o.a.j.t.JMeterThread: Stopping: 热点参数限流 QPS1 1-492
2024-12-28 15:10:21,419 INFO o.a.j.t.JMeterThread: Stopping: 热点参数限流 QPS1 1-495
2024-12-28 15:10:21,419 INFO o.a.j.t.JMeterThread: Stopping: 热点参数限流 QPS1 1-438
2024-12-28 15:10:21,419 INFO o.a.j.t.JMeterThread: Thread started: 热点参数限流 QPS1 1-492
2024-12-28 15:10:21,419 INFO o.a.j.t.JMeterThread: Thread started: 热点参数限流 QPS1 1-495
2024-12-28 15:10:21,419 INFO o.a.j.t.JMeterThread: Thread started: 热点参数限流 QPS1 1-438
2024-12-28 15:10:21,419 INFO o.a.j.t.JMeterThread: Stopping: 热点参数限流 QPS1 1-481
2024-12-28 15:10:21,419 INFO o.a.j.t.JMeterThread: Thread finished: 热点参数限流 QPS1 1-492
2024-12-28 15:10:21,419 INFO o.a.j.t.JMeterThread: Thread finished: 热点参数限流 QPS1 1-362
2024-12-28 15:10:21,419 INFO o.a.j.t.JMeterThread: Thread started: 热点参数限流 QPS1 1-481
2024-12-28 15:10:21,419 INFO o.a.j.t.JMeterThread: Stopping: 热点参数限流 QPS1 1-357
2024-12-28 15:10:21,419 INFO o.a.j.t.JMeterThread: Thread finished: 热点参数限流 QPS1 1-438
2024-12-28 15:10:21,419 INFO o.a.j.t.JMeterThread: Thread finished: 热点参数限流 QPS1 1-481
2024-12-28 15:10:21,419 INFO o.a.j.t.JMeterThread: Thread finished: 热点参数限流 QPS1 1-495
2024-12-28 15:10:21,419 WARN o.a.j.t.JMeterThread: Interrupting: 热点参数限流 QPS1 1-357 sampler: HTTP请求
2024-12-28 15:10:21,419 INFO o.a.j.t.JMeterThread: Stopping: 热点参数限流 QPS1 1-448
2024-12-28 15:10:21,419 INFO o.a.j.t.JMeterThread: Stopping: 热点参数限流 QPS1 1-409
2024-12-28 15:10:21,419 INFO o.a.j.t.JMeterThread: Stopping: 热点参数限流 QPS1 1-435
2024-12-28 15:10:21,419 INFO o.a.j.t.JMeterThread: Thread started: 热点参数限流 QPS1 1-448
2024-12-28 15:10:21,419 INFO o.a.j.t.JMeterThread: Thread finished: 热点参数限流 QPS1 1-357
2024-12-28 15:10:21,419 INFO o.a.j.t.JMeterThread: Thread started: 热点参数限流 QPS1 1-409
2024-12-28 15:10:21,419 INFO o.a.j.t.JMeterThread: Stopping: 热点参数限流 QPS1 1-386
2024-12-28 15:10:21,419 INFO o.a.j.t.JMeterThread: Thread started: 热点参数限流 QPS1 1-435
2024-12-28 15:10:21,419 INFO o.a.j.t.JMeterThread: Thread finished: 热点参数限流 QPS1 1-448
2024-12-28 15:10:21,419 WARN o.a.j.t.JMeterThread: Interrupting: 热点参数限流 QPS1 1-386 sampler: HTTP请求
2024-12-28 15:10:21,419 INFO o.a.j.t.JMeterThread: Thread finished: 热点参数限流 QPS1 1-435
2024-12-28 15:10:21,419 INFO o.a.j.t.JMeterThread: Thread finished: 热点参数限流 QPS1 1-409
2024-12-28 15:10:21,419 INFO o.a.j.t.JMeterThread: Stopping: 热点参数限流 QPS1 1-413
2024-12-28 15:10:21,419 INFO o.a.j.t.JMeterThread: Stopping: 热点参数限流 QPS1 1-456
2024-12-28 15:10:21,419 INFO o.a.j.t.JMeterThread: Stopping: 热点参数限流 QPS1 1-498
2024-12-28 15:10:21,419 INFO o.a.j.t.JMeterThread: Thread started: 热点参数限流 QPS1 1-413
2024-12-28 15:10:21,419 INFO o.a.j.t.JMeterThread: Thread started: 热点参数限流 QPS1 1-456
2024-12-28 15:10:21,419 INFO o.a.j.t.JMeterThread: Stopping: 热点参数限流 QPS1 1-416
2024-12-28 15:10:21,419 INFO o.a.j.t.JMeterThread: Thread started: 热点参数限流 QPS1 1-498
2024-12-28 15:10:21,419 INFO o.a.j.t.JMeterThread: Thread finished: 热点参数限流 QPS1 1-413
2024-12-28 15:10:21,419 INFO o.a.j.t.JMeterThread: Thread finished: 热点参数限流 QPS1 1-386
2024-12-28 15:10:21,419 INFO o.a.j.t.JMeterThread: Thread finished: 热点参数限流 QPS1 1-498
2024-12-28 15:10:21,419 INFO o.a.j.t.JMeterThread: Thread started: 热点参数限流 QPS1 1-416
2024-12-28 15:10:21,419 INFO o.a.j.t.JMeterThread: Stopping: 热点参数限流 QPS1 1-363
2024-12-28 15:10:21,419 INFO o.a.j.t.JMeterThread: Thread finished: 热点参数限流 QPS1 1-456
2024-12-28 15:10:21,419 INFO o.a.j.t.JMeterThread: Thread finished: 热点参数限流 QPS1 1-416
2024-12-28 15:10:21,419 WARN o.a.j.t.JMeterThread: Interrupting: 热点参数限流 QPS1 1-363 sampler: HTTP请求
2024-12-28 15:10:21,419 INFO o.a.j.t.JMeterThread: Stopping: 热点参数限流 QPS1 1-494
2024-12-28 15:10:21,419 INFO o.a.j.t.JMeterThread: Stopping: 热点参数限流 QPS1 1-434
2024-12-28 15:10:21,419 INFO o.a.j.t.JMeterThread: Stopping: 热点参数限流 QPS1 1-431
2024-12-28 15:10:21,419 INFO o.a.j.t.JMeterThread: Thread started: 热点参数限流 QPS1 1-494
2024-12-28 15:10:21,419 INFO o.a.j.t.JMeterThread: Stopping: 热点参数限流 QPS1 1-479
2024-12-28 15:10:21,419 INFO o.a.j.t.JMeterThread: Thread finished: 热点参数限流 QPS1 1-494
2024-12-28 15:10:21,419 INFO o.a.j.t.JMeterThread: Thread started: 热点参数限流 QPS1 1-431
2024-12-28 15:10:21,419 INFO o.a.j.t.JMeterThread: Thread started: 热点参数限流 QPS1 1-434
2024-12-28 15:10:21,419 INFO o.a.j.t.JMeterThread: Thread started: 热点参数限流 QPS1 1-479
2024-12-28 15:10:21,419 INFO o.a.j.t.JMeterThread: Thread finished: 热点参数限流 QPS1 1-431
2024-12-28 15:10:21,419 INFO o.a.j.t.JMeterThread: Stopping: 热点参数限流 QPS1 1-330
2024-12-28 15:10:21,419 INFO o.a.j.t.JMeterThread: Thread finished: 热点参数限流 QPS1 1-479
2024-12-28 15:10:21,419 INFO o.a.j.t.JMeterThread: Thread finished: 热点参数限流 QPS1 1-363
2024-12-28 15:10:21,419 WARN o.a.j.t.JMeterThread: Interrupting: 热点参数限流 QPS1 1-330 sampler: HTTP请求
2024-12-28 15:10:21,419 INFO o.a.j.t.JMeterThread: Thread finished: 热点参数限流 QPS1 1-434
2024-12-28 15:10:21,419 INFO o.a.j.t.JMeterThread: Stopping: 热点参数限流 QPS1 1-451
2024-12-28 15:10:21,419 INFO o.a.j.t.JMeterThread: Stopping: 热点参数限流 QPS1 1-408
2024-12-28 15:10:21,419 INFO o.a.j.t.JMeterThread: Stopping: 热点参数限流 QPS1 1-375
2024-12-28 15:10:21,419 WARN o.a.j.t.JMeterThread: Interrupting: 热点参数限流 QPS1 1-375 sampler: HTTP请求
2024-12-28 15:10:21,419 INFO o.a.j.t.JMeterThread: Thread started: 热点参数限流 QPS1 1-451
2024-12-28 15:10:21,419 INFO o.a.j.t.JMeterThread: Thread started: 热点参数限流 QPS1 1-408
2024-12-28 15:10:21,419 INFO o.a.j.t.JMeterThread: Thread finished: 热点参数限流 QPS1 1-451
2024-12-28 15:10:21,419 INFO o.a.j.t.JMeterThread: Thread finished: 热点参数限流 QPS1 1-408
2024-12-28 15:10:21,419 INFO o.a.j.t.JMeterThread: Thread is done: 热点参数限流 QPS1 1-330
2024-12-28 15:10:21,419 INFO o.a.j.t.JMeterThread: Thread finished: 热点参数限流 QPS1 1-330
2024-12-28 15:10:21,419 INFO o.a.j.t.JMeterThread: Stopping: 热点参数限流 QPS1 1-390
2024-12-28 15:10:21,419 WARN o.a.j.t.JMeterThread: Interrupting: 热点参数限流 QPS1 1-390 sampler: HTTP请求
2024-12-28 15:10:21,419 INFO o.a.j.t.JMeterThread: Thread finished: 热点参数限流 QPS1 1-375
2024-12-28 15:10:21,419 INFO o.a.j.t.JMeterThread: Stopping: 热点参数限流 QPS1 1-392
2024-12-28 15:10:21,419 WARN o.a.j.t.JMeterThread: Interrupting: 热点参数限流 QPS1 1-392 sampler: HTTP请求
2024-12-28 15:10:21,419 INFO o.a.j.t.JMeterThread: Thread finished: 热点参数限流 QPS1 1-390
2024-12-28 15:10:21,419 INFO o.a.j.t.JMeterThread: Stopping: 热点参数限流 QPS1 1-430
2024-12-28 15:10:21,419 INFO o.a.j.t.JMeterThread: Stopping: 热点参数限流 QPS1 1-360
2024-12-28 15:10:21,419 WARN o.a.j.t.JMeterThread: Interrupting: 热点参数限流 QPS1 1-360 sampler: HTTP请求
2024-12-28 15:10:21,419 INFO o.a.j.t.JMeterThread: Thread started: 热点参数限流 QPS1 1-430
2024-12-28 15:10:21,419 INFO o.a.j.t.JMeterThread: Thread finished: 热点参数限流 QPS1 1-392
2024-12-28 15:10:21,419 INFO o.a.j.t.JMeterThread: Thread finished: 热点参数限流 QPS1 1-430
2024-12-28 15:10:21,419 INFO o.a.j.t.JMeterThread: Stopping: 热点参数限流 QPS1 1-336
2024-12-28 15:10:21,419 WARN o.a.j.t.JMeterThread: Interrupting: 热点参数限流 QPS1 1-336 sampler: HTTP请求
2024-12-28 15:10:21,419 INFO o.a.j.t.JMeterThread: Thread finished: 热点参数限流 QPS1 1-360
2024-12-28 15:10:21,419 INFO o.a.j.t.JMeterThread: Stopping: 热点参数限流 QPS1 1-395
2024-12-28 15:10:21,419 WARN o.a.j.t.JMeterThread: Interrupting: 热点参数限流 QPS1 1-395 sampler: HTTP请求
2024-12-28 15:10:21,419 INFO o.a.j.t.JMeterThread: Thread is done: 热点参数限流 QPS1 1-336
2024-12-28 15:10:21,419 INFO o.a.j.t.JMeterThread: Thread finished: 热点参数限流 QPS1 1-336
2024-12-28 15:10:21,419 INFO o.a.j.t.JMeterThread: Stopping: 热点参数限流 QPS1 1-382
2024-12-28 15:10:21,419 WARN o.a.j.t.JMeterThread: Interrupting: 热点参数限流 QPS1 1-382 sampler: HTTP请求
2024-12-28 15:10:21,419 INFO o.a.j.t.JMeterThread: Thread finished: 热点参数限流 QPS1 1-395
2024-12-28 15:10:21,419 INFO o.a.j.t.JMeterThread: Stopping: 热点参数限流 QPS1 1-453
2024-12-28 15:10:21,419 INFO o.a.j.t.JMeterThread: Stopping: 热点参数限流 QPS1 1-485
2024-12-28 15:10:21,419 INFO o.a.j.t.JMeterThread: Stopping: 热点参数限流 QPS1 1-412
2024-12-28 15:10:21,419 INFO o.a.j.t.JMeterThread: Thread started: 热点参数限流 QPS1 1-453
2024-12-28 15:10:21,419 INFO o.a.j.t.JMeterThread: Thread started: 热点参数限流 QPS1 1-485
2024-12-28 15:10:21,419 INFO o.a.j.t.JMeterThread: Stopping: 热点参数限流 QPS1 1-464
2024-12-28 15:10:21,419 INFO o.a.j.t.JMeterThread: Thread finished: 热点参数限流 QPS1 1-485
2024-12-28 15:10:21,419 INFO o.a.j.t.JMeterThread: Stopping: 热点参数限流 QPS1 1-328
2024-12-28 15:10:21,419 INFO o.a.j.t.JMeterThread: Thread finished: 热点参数限流 QPS1 1-382
2024-12-28 15:10:21,419 INFO o.a.j.t.JMeterThread: Thread started: 热点参数限流 QPS1 1-412
2024-12-28 15:10:21,419 INFO o.a.j.t.JMeterThread: Thread started: 热点参数限流 QPS1 1-464
2024-12-28 15:10:21,419 WARN o.a.j.t.JMeterThread: Interrupting: 热点参数限流 QPS1 1-328 sampler: HTTP请求
2024-12-28 15:10:21,419 INFO o.a.j.t.JMeterThread: Thread finished: 热点参数限流 QPS1 1-464
2024-12-28 15:10:21,419 INFO o.a.j.t.JMeterThread: Thread finished: 热点参数限流 QPS1 1-453
2024-12-28 15:10:21,419 INFO o.a.j.t.JMeterThread: Thread finished: 热点参数限流 QPS1 1-412
2024-12-28 15:10:21,419 INFO o.a.j.t.JMeterThread: Stopping: 热点参数限流 QPS1 1-497
2024-12-28 15:10:21,419 INFO o.a.j.t.JMeterThread: Stopping: 热点参数限流 QPS1 1-445
2024-12-28 15:10:21,419 INFO o.a.j.t.JMeterThread: Stopping: 热点参数限流 QPS1 1-371
2024-12-28 15:10:21,419 INFO o.a.j.t.JMeterThread: Thread started: 热点参数限流 QPS1 1-497
2024-12-28 15:10:21,419 INFO o.a.j.t.JMeterThread: Thread is done: 热点参数限流 QPS1 1-328
2024-12-28 15:10:21,419 INFO o.a.j.t.JMeterThread: Thread started: 热点参数限流 QPS1 1-445
2024-12-28 15:10:21,419 INFO o.a.j.t.JMeterThread: Thread finished: 热点参数限流 QPS1 1-328
2024-12-28 15:10:21,419 WARN o.a.j.t.JMeterThread: Interrupting: 热点参数限流 QPS1 1-371 sampler: HTTP请求
2024-12-28 15:10:21,419 INFO o.a.j.t.JMeterThread: Thread finished: 热点参数限流 QPS1 1-497
2024-12-28 15:10:21,435 INFO o.a.j.t.JMeterThread: Thread finished: 热点参数限流 QPS1 1-445
2024-12-28 15:10:21,435 INFO o.a.j.t.JMeterThread: Stopping: 热点参数限流 QPS1 1-478
2024-12-28 15:10:21,435 INFO o.a.j.t.JMeterThread: Stopping: 热点参数限流 QPS1 1-440
2024-12-28 15:10:21,435 INFO o.a.j.t.JMeterThread: Stopping: 热点参数限流 QPS1 1-365
2024-12-28 15:10:21,435 INFO o.a.j.t.JMeterThread: Thread started: 热点参数限流 QPS1 1-478
2024-12-28 15:10:21,435 INFO o.a.j.t.JMeterThread: Thread started: 热点参数限流 QPS1 1-440
2024-12-28 15:10:21,435 WARN o.a.j.t.JMeterThread: Interrupting: 热点参数限流 QPS1 1-365 sampler: HTTP请求
2024-12-28 15:10:21,435 INFO o.a.j.t.JMeterThread: Thread finished: 热点参数限流 QPS1 1-371
2024-12-28 15:10:21,435 INFO o.a.j.t.JMeterThread: Thread finished: 热点参数限流 QPS1 1-478
2024-12-28 15:10:21,435 INFO o.a.j.t.JMeterThread: Thread finished: 热点参数限流 QPS1 1-440
2024-12-28 15:10:21,435 INFO o.a.j.t.JMeterThread: Stopping: 热点参数限流 QPS1 1-406
2024-12-28 15:10:21,435 INFO o.a.j.t.JMeterThread: Stopping: 热点参数限流 QPS1 1-385
2024-12-28 15:10:21,435 WARN o.a.j.t.JMeterThread: Interrupting: 热点参数限流 QPS1 1-385 sampler: HTTP请求
2024-12-28 15:10:21,435 INFO o.a.j.t.JMeterThread: Thread started: 热点参数限流 QPS1 1-406
2024-12-28 15:10:21,435 INFO o.a.j.t.JMeterThread: Thread finished: 热点参数限流 QPS1 1-365
2024-12-28 15:10:21,435 INFO o.a.j.t.JMeterThread: Stopping: 热点参数限流 QPS1 1-400
2024-12-28 15:10:21,435 INFO o.a.j.t.JMeterThread: Thread finished: 热点参数限流 QPS1 1-406
2024-12-28 15:10:21,435 INFO o.a.j.t.JMeterThread: Thread started: 热点参数限流 QPS1 1-400
2024-12-28 15:10:21,435 INFO o.a.j.t.JMeterThread: Thread finished: 热点参数限流 QPS1 1-385
2024-12-28 15:10:21,435 INFO o.a.j.t.JMeterThread: Thread finished: 热点参数限流 QPS1 1-400
2024-12-28 15:10:21,435 INFO o.a.j.e.StandardJMeterEngine: Notifying test listeners of end of test
2024-12-28 15:10:21,435 INFO o.a.j.g.u.JMeterMenuBar: setRunning(false, *local*)
2024-12-28 15:10:35,296 INFO o.a.j.e.StandardJMeterEngine: Running the test!
2024-12-28 15:10:35,296 INFO o.a.j.s.SampleEvent: List of sample_variables: []
2024-12-28 15:10:35,296 INFO o.a.j.g.u.JMeterMenuBar: setRunning(true, *local*)
2024-12-28 15:10:35,343 INFO o.a.j.e.StandardJMeterEngine: Starting ThreadGroup: 1 : 热点参数限流 QPS1
2024-12-28 15:10:35,343 INFO o.a.j.e.StandardJMeterEngine: Starting 500 threads for group 热点参数限流 QPS1.
2024-12-28 15:10:35,343 INFO o.a.j.e.StandardJMeterEngine: Thread will continue on error
2024-12-28 15:10:35,343 INFO o.a.j.t.ThreadGroup: Starting thread group... number=1 threads=500 ramp-up=10 delayedStart=false
2024-12-28 15:10:35,343 INFO o.a.j.t.JMeterThread: Thread started: 热点参数限流 QPS1 1-1
2024-12-28 15:10:35,374 INFO o.a.j.t.JMeterThread: Thread started: 热点参数限流 QPS1 1-2
2024-12-28 15:10:35,374 INFO o.a.j.t.ThreadGroup: Started thread group number 1
2024-12-28 15:10:35,374 INFO o.a.j.e.StandardJMeterEngine: All thread groups have been started
2024-12-28 15:10:35,389 INFO o.a.j.t.JMeterThread: Thread started: 热点参数限流 QPS1 1-3
2024-12-28 15:10:35,410 INFO o.a.j.t.JMeterThread: Thread started: 热点参数限流 QPS1 1-4
2024-12-28 15:10:35,430 INFO o.a.j.t.JMeterThread: Thread started: 热点参数限流 QPS1 1-5
2024-12-28 15:10:35,450 INFO o.a.j.t.JMeterThread: Thread started: 热点参数限流 QPS1 1-6
2024-12-28 15:10:35,470 INFO o.a.j.t.JMeterThread: Thread started: 热点参数限流 QPS1 1-7
2024-12-28 15:10:35,490 INFO o.a.j.t.JMeterThread: Thread started: 热点参数限流 QPS1 1-8
2024-12-28 15:10:35,517 INFO o.a.j.t.JMeterThread: Thread started: 热点参数限流 QPS1 1-9
2024-12-28 15:10:35,533 INFO o.a.j.t.JMeterThread: Thread started: 热点参数限流 QPS1 1-10
2024-12-28 15:10:35,551 INFO o.a.j.t.JMeterThread: Thread started: 热点参数限流 QPS1 1-11
2024-12-28 15:10:35,570 INFO o.a.j.t.JMeterThread: Thread started: 热点参数限流 QPS1 1-12
2024-12-28 15:10:35,590 INFO o.a.j.t.JMeterThread: Thread started: 热点参数限流 QPS1 1-13
2024-12-28 15:10:35,618 INFO o.a.j.t.JMeterThread: Thread started: 热点参数限流 QPS1 1-14
2024-12-28 15:10:35,633 INFO o.a.j.t.JMeterThread: Thread started: 热点参数限流 QPS1 1-15
2024-12-28 15:10:35,649 INFO o.a.j.t.JMeterThread: Thread started: 热点参数限流 QPS1 1-16
2024-12-28 15:10:35,670 INFO o.a.j.t.JMeterThread: Thread started: 热点参数限流 QPS1 1-17
2024-12-28 15:10:35,690 INFO o.a.j.t.JMeterThread: Thread started: 热点参数限流 QPS1 1-18
2024-12-28 15:10:35,709 INFO o.a.j.t.JMeterThread: Thread started: 热点参数限流 QPS1 1-19
2024-12-28 15:10:35,737 INFO o.a.j.t.JMeterThread: Thread started: 热点参数限流 QPS1 1-20
2024-12-28 15:10:35,752 INFO o.a.j.t.JMeterThread: Thread started: 热点参数限流 QPS1 1-21
2024-12-28 15:10:35,771 INFO o.a.j.t.JMeterThread: Thread started: 热点参数限流 QPS1 1-22
2024-12-28 15:10:35,790 INFO o.a.j.t.JMeterThread: Thread started: 热点参数限流 QPS1 1-23
2024-12-28 15:10:35,818 INFO o.a.j.t.JMeterThread: Thread started: 热点参数限流 QPS1 1-24
2024-12-28 15:10:35,833 INFO o.a.j.t.JMeterThread: Thread started: 热点参数限流 QPS1 1-25
2024-12-28 15:10:35,851 INFO o.a.j.t.JMeterThread: Thread started: 热点参数限流 QPS1 1-26
2024-12-28 15:10:35,870 INFO o.a.j.t.JMeterThread: Thread started: 热点参数限流 QPS1 1-27
2024-12-28 15:10:35,891 INFO o.a.j.t.JMeterThread: Thread started: 热点参数限流 QPS1 1-28
2024-12-28 15:10:35,918 INFO o.a.j.t.JMeterThread: Thread started: 热点参数限流 QPS1 1-29
2024-12-28 15:10:35,933 INFO o.a.j.t.JMeterThread: Thread started: 热点参数限流 QPS1 1-30
2024-12-28 15:10:35,951 INFO o.a.j.t.JMeterThread: Thread started: 热点参数限流 QPS1 1-31
2024-12-28 15:10:35,971 INFO o.a.j.t.JMeterThread: Thread started: 热点参数限流 QPS1 1-32
2024-12-28 15:10:35,991 INFO o.a.j.t.JMeterThread: Thread started: 热点参数限流 QPS1 1-33
2024-12-28 15:10:36,010 INFO o.a.j.t.JMeterThread: Thread started: 热点参数限流 QPS1 1-34
2024-12-28 15:10:36,030 INFO o.a.j.t.JMeterThread: Thread started: 热点参数限流 QPS1 1-35
2024-12-28 15:10:36,049 INFO o.a.j.t.JMeterThread: Thread is done: 热点参数限流 QPS1 1-1
2024-12-28 15:10:36,049 INFO o.a.j.t.JMeterThread: Thread finished: 热点参数限流 QPS1 1-1
2024-12-28 15:10:36,052 INFO o.a.j.t.JMeterThread: Thread started: 热点参数限流 QPS1 1-36
2024-12-28 15:10:36,072 INFO o.a.j.t.JMeterThread: Thread started: 热点参数限流 QPS1 1-37
2024-12-28 15:10:36,092 INFO o.a.j.t.JMeterThread: Thread started: 热点参数限流 QPS1 1-38
2024-12-28 15:10:36,111 INFO o.a.j.t.JMeterThread: Thread started: 热点参数限流 QPS1 1-39
2024-12-28 15:10:36,132 INFO o.a.j.t.JMeterThread: Thread started: 热点参数限流 QPS1 1-40
2024-12-28 15:10:36,153 INFO o.a.j.t.JMeterThread: Thread started: 热点参数限流 QPS1 1-41
2024-12-28 15:10:36,172 INFO o.a.j.t.JMeterThread: Thread started: 热点参数限流 QPS1 1-42
2024-12-28 15:10:36,192 INFO o.a.j.t.JMeterThread: Thread started: 热点参数限流 QPS1 1-43
2024-12-28 15:10:36,212 INFO o.a.j.t.JMeterThread: Thread started: 热点参数限流 QPS1 1-44
2024-12-28 15:10:36,232 INFO o.a.j.t.JMeterThread: Thread started: 热点参数限流 QPS1 1-45
2024-12-28 15:10:36,252 INFO o.a.j.t.JMeterThread: Thread started: 热点参数限流 QPS1 1-46
2024-12-28 15:10:36,271 INFO o.a.j.t.JMeterThread: Thread started: 热点参数限流 QPS1 1-47
2024-12-28 15:10:36,292 INFO o.a.j.t.JMeterThread: Thread started: 热点参数限流 QPS1 1-48
2024-12-28 15:10:36,312 INFO o.a.j.t.JMeterThread: Thread started: 热点参数限流 QPS1 1-49
2024-12-28 15:10:36,333 INFO o.a.j.t.JMeterThread: Thread started: 热点参数限流 QPS1 1-50
2024-12-28 15:10:36,352 INFO o.a.j.t.JMeterThread: Thread started: 热点参数限流 QPS1 1-51
2024-12-28 15:10:36,364 INFO o.a.j.t.JMeterThread: Thread started: 热点参数限流 QPS1 1-52
2024-12-28 15:10:36,366 INFO o.a.j.t.JMeterThread: Thread is done: 热点参数限流 QPS1 1-52
2024-12-28 15:10:36,366 INFO o.a.j.t.JMeterThread: Thread finished: 热点参数限流 QPS1 1-52
2024-12-28 15:10:36,383 INFO o.a.j.t.JMeterThread: Thread started: 热点参数限流 QPS1 1-53
2024-12-28 15:10:36,384 INFO o.a.j.t.JMeterThread: Thread is done: 热点参数限流 QPS1 1-53
2024-12-28 15:10:36,384 INFO o.a.j.t.JMeterThread: Thread finished: 热点参数限流 QPS1 1-53
2024-12-28 15:10:36,404 INFO o.a.j.t.JMeterThread: Thread started: 热点参数限流 QPS1 1-54
2024-12-28 15:10:36,405 INFO o.a.j.t.JMeterThread: Thread is done: 热点参数限流 QPS1 1-54
2024-12-28 15:10:36,405 INFO o.a.j.t.JMeterThread: Thread finished: 热点参数限流 QPS1 1-54
2024-12-28 15:10:36,425 INFO o.a.j.t.JMeterThread: Thread started: 热点参数限流 QPS1 1-55
2024-12-28 15:10:36,426 INFO o.a.j.t.JMeterThread: Thread is done: 热点参数限流 QPS1 1-55
2024-12-28 15:10:36,426 INFO o.a.j.t.JMeterThread: Thread finished: 热点参数限流 QPS1 1-55
2024-12-28 15:10:36,446 INFO o.a.j.t.JMeterThread: Thread started: 热点参数限流 QPS1 1-56
2024-12-28 15:10:36,459 INFO o.a.j.t.JMeterThread: Thread is done: 热点参数限流 QPS1 1-10
2024-12-28 15:10:36,459 INFO o.a.j.t.JMeterThread: Thread finished: 热点参数限流 QPS1 1-10
2024-12-28 15:10:36,464 INFO o.a.j.t.JMeterThread: Thread started: 热点参数限流 QPS1 1-57
2024-12-28 15:10:36,465 INFO o.a.j.t.JMeterThread: Thread is done: 热点参数限流 QPS1 1-57
2024-12-28 15:10:36,465 INFO o.a.j.t.JMeterThread: Thread finished: 热点参数限流 QPS1 1-57
2024-12-28 15:10:36,484 INFO o.a.j.t.JMeterThread: Thread started: 热点参数限流 QPS1 1-58
2024-12-28 15:10:36,485 INFO o.a.j.t.JMeterThread: Thread is done: 热点参数限流 QPS1 1-58
2024-12-28 15:10:36,485 INFO o.a.j.t.JMeterThread: Thread finished: 热点参数限流 QPS1 1-58
2024-12-28 15:10:36,503 INFO o.a.j.t.JMeterThread: Thread started: 热点参数限流 QPS1 1-59
2024-12-28 15:10:36,505 INFO o.a.j.t.JMeterThread: Thread is done: 热点参数限流 QPS1 1-59
2024-12-28 15:10:36,505 INFO o.a.j.t.JMeterThread: Thread finished: 热点参数限流 QPS1 1-59
2024-12-28 15:10:36,524 INFO o.a.j.t.JMeterThread: Thread started: 热点参数限流 QPS1 1-60
2024-12-28 15:10:36,527 INFO o.a.j.t.JMeterThread: Thread is done: 热点参数限流 QPS1 1-60
2024-12-28 15:10:36,527 INFO o.a.j.t.JMeterThread: Thread finished: 热点参数限流 QPS1 1-60
2024-12-28 15:10:36,544 INFO o.a.j.t.JMeterThread: Thread started: 热点参数限流 QPS1 1-61
2024-12-28 15:10:36,552 INFO o.a.j.t.JMeterThread: Thread is done: 热点参数限流 QPS1 1-2
2024-12-28 15:10:36,552 INFO o.a.j.t.JMeterThread: Thread finished: 热点参数限流 QPS1 1-2
2024-12-28 15:10:36,564 INFO o.a.j.t.JMeterThread: Thread started: 热点参数限流 QPS1 1-62
2024-12-28 15:10:36,566 INFO o.a.j.t.JMeterThread: Thread is done: 热点参数限流 QPS1 1-62
2024-12-28 15:10:36,566 INFO o.a.j.t.JMeterThread: Thread finished: 热点参数限流 QPS1 1-62
2024-12-28 15:10:36,584 INFO o.a.j.t.JMeterThread: Thread started: 热点参数限流 QPS1 1-63
2024-12-28 15:10:36,586 INFO o.a.j.t.JMeterThread: Thread is done: 热点参数限流 QPS1 1-63
2024-12-28 15:10:36,586 INFO o.a.j.t.JMeterThread: Thread finished: 热点参数限流 QPS1 1-63
2024-12-28 15:10:36,604 INFO o.a.j.t.JMeterThread: Thread started: 热点参数限流 QPS1 1-64
2024-12-28 15:10:36,606 INFO o.a.j.t.JMeterThread: Thread is done: 热点参数限流 QPS1 1-64
2024-12-28 15:10:36,606 INFO o.a.j.t.JMeterThread: Thread finished: 热点参数限流 QPS1 1-64
2024-12-28 15:10:36,624 INFO o.a.j.t.JMeterThread: Thread started: 热点参数限流 QPS1 1-65
2024-12-28 15:10:36,626 INFO o.a.j.t.JMeterThread: Thread is done: 热点参数限流 QPS1 1-65
2024-12-28 15:10:36,626 INFO o.a.j.t.JMeterThread: Thread finished: 热点参数限流 QPS1 1-65
2024-12-28 15:10:36,644 INFO o.a.j.t.JMeterThread: Thread started: 热点参数限流 QPS1 1-66
2024-12-28 15:10:36,660 INFO o.a.j.t.JMeterThread: Thread is done: 热点参数限流 QPS1 1-11
2024-12-28 15:10:36,660 INFO o.a.j.t.JMeterThread: Thread finished: 热点参数限流 QPS1 1-11
2024-12-28 15:10:36,665 INFO o.a.j.t.JMeterThread: Thread started: 热点参数限流 QPS1 1-67
2024-12-28 15:10:36,667 INFO o.a.j.t.JMeterThread: Thread is done: 热点参数限流 QPS1 1-67
2024-12-28 15:10:36,667 INFO o.a.j.t.JMeterThread: Thread finished: 热点参数限流 QPS1 1-67
2024-12-28 15:10:36,684 INFO o.a.j.t.JMeterThread: Thread started: 热点参数限流 QPS1 1-68
2024-12-28 15:10:36,686 INFO o.a.j.t.JMeterThread: Thread is done: 热点参数限流 QPS1 1-68
2024-12-28 15:10:36,686 INFO o.a.j.t.JMeterThread: Thread finished: 热点参数限流 QPS1 1-68
2024-12-28 15:10:36,704 INFO o.a.j.t.JMeterThread: Thread started: 热点参数限流 QPS1 1-69
2024-12-28 15:10:36,706 INFO o.a.j.t.JMeterThread: Thread is done: 热点参数限流 QPS1 1-69
2024-12-28 15:10:36,706 INFO o.a.j.t.JMeterThread: Thread finished: 热点参数限流 QPS1 1-69
2024-12-28 15:10:36,724 INFO o.a.j.t.JMeterThread: Thread started: 热点参数限流 QPS1 1-70
2024-12-28 15:10:36,725 INFO o.a.j.t.JMeterThread: Thread is done: 热点参数限流 QPS1 1-70
2024-12-28 15:10:36,725 INFO o.a.j.t.JMeterThread: Thread finished: 热点参数限流 QPS1 1-70
2024-12-28 15:10:36,744 INFO o.a.j.t.JMeterThread: Thread started: 热点参数限流 QPS1 1-71
2024-12-28 15:10:36,755 INFO o.a.j.t.JMeterThread: Thread is done: 热点参数限流 QPS1 1-12
2024-12-28 15:10:36,755 INFO o.a.j.t.JMeterThread: Thread finished: 热点参数限流 QPS1 1-12
2024-12-28 15:10:36,764 INFO o.a.j.t.JMeterThread: Thread started: 热点参数限流 QPS1 1-72
2024-12-28 15:10:36,765 INFO o.a.j.t.JMeterThread: Thread is done: 热点参数限流 QPS1 1-72
2024-12-28 15:10:36,765 INFO o.a.j.t.JMeterThread: Thread finished: 热点参数限流 QPS1 1-72
2024-12-28 15:10:36,784 INFO o.a.j.t.JMeterThread: Thread started: 热点参数限流 QPS1 1-73
2024-12-28 15:10:36,785 INFO o.a.j.t.JMeterThread: Thread is done: 热点参数限流 QPS1 1-73
2024-12-28 15:10:36,785 INFO o.a.j.t.JMeterThread: Thread finished: 热点参数限流 QPS1 1-73
2024-12-28 15:10:36,803 INFO o.a.j.t.JMeterThread: Thread started: 热点参数限流 QPS1 1-74
2024-12-28 15:10:36,805 INFO o.a.j.t.JMeterThread: Thread is done: 热点参数限流 QPS1 1-74
2024-12-28 15:10:36,805 INFO o.a.j.t.JMeterThread: Thread finished: 热点参数限流 QPS1 1-74
2024-12-28 15:10:36,824 INFO o.a.j.t.JMeterThread: Thread started: 热点参数限流 QPS1 1-75
2024-12-28 15:10:36,825 INFO o.a.j.t.JMeterThread: Thread is done: 热点参数限流 QPS1 1-75
2024-12-28 15:10:36,825 INFO o.a.j.t.JMeterThread: Thread finished: 热点参数限流 QPS1 1-75
2024-12-28 15:10:36,843 INFO o.a.j.t.JMeterThread: Thread started: 热点参数限流 QPS1 1-76
2024-12-28 15:10:36,848 INFO o.a.j.t.JMeterThread: Thread is done: 热点参数限流 QPS1 1-13
2024-12-28 15:10:36,848 INFO o.a.j.t.JMeterThread: Thread finished: 热点参数限流 QPS1 1-13
2024-12-28 15:10:36,863 INFO o.a.j.t.JMeterThread: Thread started: 热点参数限流 QPS1 1-77
2024-12-28 15:10:36,864 INFO o.a.j.t.JMeterThread: Thread is done: 热点参数限流 QPS1 1-77
2024-12-28 15:10:36,864 INFO o.a.j.t.JMeterThread: Thread finished: 热点参数限流 QPS1 1-77
2024-12-28 15:10:36,886 INFO o.a.j.t.JMeterThread: Thread started: 热点参数限流 QPS1 1-78
2024-12-28 15:10:36,887 INFO o.a.j.t.JMeterThread: Thread is done: 热点参数限流 QPS1 1-78
2024-12-28 15:10:36,887 INFO o.a.j.t.JMeterThread: Thread finished: 热点参数限流 QPS1 1-78
2024-12-28 15:10:36,904 INFO o.a.j.t.JMeterThread: Thread started: 热点参数限流 QPS1 1-79
2024-12-28 15:10:36,905 INFO o.a.j.t.JMeterThread: Thread is done: 热点参数限流 QPS1 1-79
2024-12-28 15:10:36,905 INFO o.a.j.t.JMeterThread: Thread finished: 热点参数限流 QPS1 1-79
2024-12-28 15:10:36,924 INFO o.a.j.t.JMeterThread: Thread started: 热点参数限流 QPS1 1-80
2024-12-28 15:10:36,926 INFO o.a.j.t.JMeterThread: Thread is done: 热点参数限流 QPS1 1-80
2024-12-28 15:10:36,926 INFO o.a.j.t.JMeterThread: Thread finished: 热点参数限流 QPS1 1-80
2024-12-28 15:10:36,944 INFO o.a.j.t.JMeterThread: Thread started: 热点参数限流 QPS1 1-81
2024-12-28 15:10:36,957 INFO o.a.j.t.JMeterThread: Thread is done: 热点参数限流 QPS1 1-14
2024-12-28 15:10:36,957 INFO o.a.j.t.JMeterThread: Thread finished: 热点参数限流 QPS1 1-14
2024-12-28 15:10:36,963 INFO o.a.j.t.JMeterThread: Thread started: 热点参数限流 QPS1 1-82
2024-12-28 15:10:36,964 INFO o.a.j.t.JMeterThread: Thread is done: 热点参数限流 QPS1 1-82
2024-12-28 15:10:36,964 INFO o.a.j.t.JMeterThread: Thread finished: 热点参数限流 QPS1 1-82
2024-12-28 15:10:36,984 INFO o.a.j.t.JMeterThread: Thread started: 热点参数限流 QPS1 1-83
2024-12-28 15:10:36,986 INFO o.a.j.t.JMeterThread: Thread is done: 热点参数限流 QPS1 1-83
2024-12-28 15:10:36,986 INFO o.a.j.t.JMeterThread: Thread finished: 热点参数限流 QPS1 1-83
2024-12-28 15:10:37,004 INFO o.a.j.t.JMeterThread: Thread started: 热点参数限流 QPS1 1-84
2024-12-28 15:10:37,006 INFO o.a.j.t.JMeterThread: Thread is done: 热点参数限流 QPS1 1-84
2024-12-28 15:10:37,006 INFO o.a.j.t.JMeterThread: Thread finished: 热点参数限流 QPS1 1-84
2024-12-28 15:10:37,024 INFO o.a.j.t.JMeterThread: Thread started: 热点参数限流 QPS1 1-85
2024-12-28 15:10:37,026 INFO o.a.j.t.JMeterThread: Thread is done: 热点参数限流 QPS1 1-85
2024-12-28 15:10:37,026 INFO o.a.j.t.JMeterThread: Thread finished: 热点参数限流 QPS1 1-85
2024-12-28 15:10:37,044 INFO o.a.j.t.JMeterThread: Thread started: 热点参数限流 QPS1 1-86
2024-12-28 15:10:37,050 INFO o.a.j.t.JMeterThread: Thread is done: 热点参数限流 QPS1 1-15
2024-12-28 15:10:37,050 INFO o.a.j.t.JMeterThread: Thread finished: 热点参数限流 QPS1 1-15
2024-12-28 15:10:37,063 INFO o.a.j.t.JMeterThread: Thread started: 热点参数限流 QPS1 1-87
2024-12-28 15:10:37,065 INFO o.a.j.t.JMeterThread: Thread is done: 热点参数限流 QPS1 1-87
2024-12-28 15:10:37,065 INFO o.a.j.t.JMeterThread: Thread finished: 热点参数限流 QPS1 1-87
2024-12-28 15:10:37,084 INFO o.a.j.t.JMeterThread: Thread started: 热点参数限流 QPS1 1-88
2024-12-28 15:10:37,085 INFO o.a.j.t.JMeterThread: Thread is done: 热点参数限流 QPS1 1-88
2024-12-28 15:10:37,085 INFO o.a.j.t.JMeterThread: Thread finished: 热点参数限流 QPS1 1-88
2024-12-28 15:10:37,104 INFO o.a.j.t.JMeterThread: Thread started: 热点参数限流 QPS1 1-89
2024-12-28 15:10:37,105 INFO o.a.j.t.JMeterThread: Thread is done: 热点参数限流 QPS1 1-89
2024-12-28 15:10:37,105 INFO o.a.j.t.JMeterThread: Thread finished: 热点参数限流 QPS1 1-89
2024-12-28 15:10:37,124 INFO o.a.j.t.JMeterThread: Thread started: 热点参数限流 QPS1 1-90
2024-12-28 15:10:37,126 INFO o.a.j.t.JMeterThread: Thread is done: 热点参数限流 QPS1 1-90
2024-12-28 15:10:37,126 INFO o.a.j.t.JMeterThread: Thread finished: 热点参数限流 QPS1 1-90
2024-12-28 15:10:37,144 INFO o.a.j.t.JMeterThread: Thread started: 热点参数限流 QPS1 1-91
2024-12-28 15:10:37,160 INFO o.a.j.t.JMeterThread: Thread is done: 热点参数限流 QPS1 1-16
2024-12-28 15:10:37,160 INFO o.a.j.t.JMeterThread: Thread finished: 热点参数限流 QPS1 1-16
2024-12-28 15:10:37,164 INFO o.a.j.t.JMeterThread: Thread started: 热点参数限流 QPS1 1-92
2024-12-28 15:10:37,165 INFO o.a.j.t.JMeterThread: Thread is done: 热点参数限流 QPS1 1-92
2024-12-28 15:10:37,165 INFO o.a.j.t.JMeterThread: Thread finished: 热点参数限流 QPS1 1-92
2024-12-28 15:10:37,184 INFO o.a.j.t.JMeterThread: Thread started: 热点参数限流 QPS1 1-93
2024-12-28 15:10:37,185 INFO o.a.j.t.JMeterThread: Thread is done: 热点参数限流 QPS1 1-93
2024-12-28 15:10:37,185 INFO o.a.j.t.JMeterThread: Thread finished: 热点参数限流 QPS1 1-93
2024-12-28 15:10:37,207 INFO o.a.j.t.JMeterThread: Thread started: 热点参数限流 QPS1 1-94
2024-12-28 15:10:37,208 INFO o.a.j.t.JMeterThread: Thread is done: 热点参数限流 QPS1 1-94
2024-12-28 15:10:37,208 INFO o.a.j.t.JMeterThread: Thread finished: 热点参数限流 QPS1 1-94
2024-12-28 15:10:37,223 INFO o.a.j.t.JMeterThread: Thread started: 热点参数限流 QPS1 1-95
2024-12-28 15:10:37,224 INFO o.a.j.t.JMeterThread: Thread is done: 热点参数限流 QPS1 1-95
2024-12-28 15:10:37,224 INFO o.a.j.t.JMeterThread: Thread finished: 热点参数限流 QPS1 1-95
2024-12-28 15:10:37,243 INFO o.a.j.t.JMeterThread: Thread started: 热点参数限流 QPS1 1-96
2024-12-28 15:10:37,253 INFO o.a.j.t.JMeterThread: Thread is done: 热点参数限流 QPS1 1-3
2024-12-28 15:10:37,253 INFO o.a.j.t.JMeterThread: Thread finished: 热点参数限流 QPS1 1-3
2024-12-28 15:10:37,264 INFO o.a.j.t.JMeterThread: Thread started: 热点参数限流 QPS1 1-97
2024-12-28 15:10:37,266 INFO o.a.j.t.JMeterThread: Thread is done: 热点参数限流 QPS1 1-97
2024-12-28 15:10:37,266 INFO o.a.j.t.JMeterThread: Thread finished: 热点参数限流 QPS1 1-97
2024-12-28 15:10:37,283 INFO o.a.j.t.JMeterThread: Thread started: 热点参数限流 QPS1 1-98
2024-12-28 15:10:37,285 INFO o.a.j.t.JMeterThread: Thread is done: 热点参数限流 QPS1 1-98
2024-12-28 15:10:37,285 INFO o.a.j.t.JMeterThread: Thread finished: 热点参数限流 QPS1 1-98
2024-12-28 15:10:37,304 INFO o.a.j.t.JMeterThread: Thread started: 热点参数限流 QPS1 1-99
2024-12-28 15:10:37,305 INFO o.a.j.t.JMeterThread: Thread is done: 热点参数限流 QPS1 1-99
2024-12-28 15:10:37,305 INFO o.a.j.t.JMeterThread: Thread finished: 热点参数限流 QPS1 1-99
2024-12-28 15:10:37,323 INFO o.a.j.t.JMeterThread: Thread started: 热点参数限流 QPS1 1-100
2024-12-28 15:10:37,324 INFO o.a.j.t.JMeterThread: Thread is done: 热点参数限流 QPS1 1-100
2024-12-28 15:10:37,324 INFO o.a.j.t.JMeterThread: Thread finished: 热点参数限流 QPS1 1-100
2024-12-28 15:10:37,343 INFO o.a.j.t.JMeterThread: Thread started: 热点参数限流 QPS1 1-101
2024-12-28 15:10:37,346 INFO o.a.j.t.JMeterThread: Thread is done: 热点参数限流 QPS1 1-17
2024-12-28 15:10:37,346 INFO o.a.j.t.JMeterThread: Thread finished: 热点参数限流 QPS1 1-17
2024-12-28 15:10:37,365 INFO o.a.j.t.JMeterThread: Thread started: 热点参数限流 QPS1 1-102
2024-12-28 15:10:37,366 INFO o.a.j.t.JMeterThread: Thread is done: 热点参数限流 QPS1 1-102
2024-12-28 15:10:37,366 INFO o.a.j.t.JMeterThread: Thread finished: 热点参数限流 QPS1 1-102
2024-12-28 15:10:37,384 INFO o.a.j.t.JMeterThread: Thread started: 热点参数限流 QPS1 1-103
2024-12-28 15:10:37,385 INFO o.a.j.t.JMeterThread: Thread is done: 热点参数限流 QPS1 1-103
2024-12-28 15:10:37,385 INFO o.a.j.t.JMeterThread: Thread finished: 热点参数限流 QPS1 1-103
2024-12-28 15:10:37,404 INFO o.a.j.t.JMeterThread: Thread started: 热点参数限流 QPS1 1-104
2024-12-28 15:10:37,405 INFO o.a.j.t.JMeterThread: Thread is done: 热点参数限流 QPS1 1-104
2024-12-28 15:10:37,405 INFO o.a.j.t.JMeterThread: Thread finished: 热点参数限流 QPS1 1-104
2024-12-28 15:10:37,427 INFO o.a.j.t.JMeterThread: Thread started: 热点参数限流 QPS1 1-105
2024-12-28 15:10:37,429 INFO o.a.j.t.JMeterThread: Thread is done: 热点参数限流 QPS1 1-105
2024-12-28 15:10:37,429 INFO o.a.j.t.JMeterThread: Thread finished: 热点参数限流 QPS1 1-105
2024-12-28 15:10:37,445 INFO o.a.j.t.JMeterThread: Thread started: 热点参数限流 QPS1 1-106
2024-12-28 15:10:37,454 INFO o.a.j.t.JMeterThread: Thread is done: 热点参数限流 QPS1 1-18
2024-12-28 15:10:37,454 INFO o.a.j.t.JMeterThread: Thread finished: 热点参数限流 QPS1 1-18
2024-12-28 15:10:37,464 INFO o.a.j.t.JMeterThread: Thread started: 热点参数限流 QPS1 1-107
2024-12-28 15:10:37,466 INFO o.a.j.t.JMeterThread: Thread is done: 热点参数限流 QPS1 1-107
2024-12-28 15:10:37,466 INFO o.a.j.t.JMeterThread: Thread finished: 热点参数限流 QPS1 1-107
2024-12-28 15:10:37,484 INFO o.a.j.t.JMeterThread: Thread started: 热点参数限流 QPS1 1-108
2024-12-28 15:10:37,485 INFO o.a.j.t.JMeterThread: Thread is done: 热点参数限流 QPS1 1-108
2024-12-28 15:10:37,485 INFO o.a.j.t.JMeterThread: Thread finished: 热点参数限流 QPS1 1-108
2024-12-28 15:10:37,504 INFO o.a.j.t.JMeterThread: Thread started: 热点参数限流 QPS1 1-109
2024-12-28 15:10:37,505 INFO o.a.j.t.JMeterThread: Thread is done: 热点参数限流 QPS1 1-109
2024-12-28 15:10:37,505 INFO o.a.j.t.JMeterThread: Thread finished: 热点参数限流 QPS1 1-109
2024-12-28 15:10:37,523 INFO o.a.j.t.JMeterThread: Thread started: 热点参数限流 QPS1 1-110
2024-12-28 15:10:37,525 INFO o.a.j.t.JMeterThread: Thread is done: 热点参数限流 QPS1 1-110
2024-12-28 15:10:37,525 INFO o.a.j.t.JMeterThread: Thread finished: 热点参数限流 QPS1 1-110
2024-12-28 15:10:37,544 INFO o.a.j.t.JMeterThread: Thread started: 热点参数限流 QPS1 1-111
2024-12-28 15:10:37,561 INFO o.a.j.t.JMeterThread: Thread is done: 热点参数限流 QPS1 1-19
2024-12-28 15:10:37,561 INFO o.a.j.t.JMeterThread: Thread finished: 热点参数限流 QPS1 1-19
2024-12-28 15:10:37,563 INFO o.a.j.t.JMeterThread: Thread started: 热点参数限流 QPS1 1-112
2024-12-28 15:10:37,564 INFO o.a.j.t.JMeterThread: Thread is done: 热点参数限流 QPS1 1-112
2024-12-28 15:10:37,564 INFO o.a.j.t.JMeterThread: Thread finished: 热点参数限流 QPS1 1-112
2024-12-28 15:10:37,586 INFO o.a.j.t.JMeterThread: Thread started: 热点参数限流 QPS1 1-113
2024-12-28 15:10:37,587 INFO o.a.j.t.JMeterThread: Thread is done: 热点参数限流 QPS1 1-113
2024-12-28 15:10:37,587 INFO o.a.j.t.JMeterThread: Thread finished: 热点参数限流 QPS1 1-113
2024-12-28 15:10:37,603 INFO o.a.j.t.JMeterThread: Thread started: 热点参数限流 QPS1 1-114
2024-12-28 15:10:37,605 INFO o.a.j.t.JMeterThread: Thread is done: 热点参数限流 QPS1 1-114
2024-12-28 15:10:37,605 INFO o.a.j.t.JMeterThread: Thread finished: 热点参数限流 QPS1 1-114
2024-12-28 15:10:37,623 INFO o.a.j.t.JMeterThread: Thread started: 热点参数限流 QPS1 1-115
2024-12-28 15:10:37,625 INFO o.a.j.t.JMeterThread: Thread is done: 热点参数限流 QPS1 1-115
2024-12-28 15:10:37,625 INFO o.a.j.t.JMeterThread: Thread finished: 热点参数限流 QPS1 1-115
2024-12-28 15:10:37,644 INFO o.a.j.t.JMeterThread: Thread started: 热点参数限流 QPS1 1-116
2024-12-28 15:10:37,653 INFO o.a.j.t.JMeterThread: Thread is done: 热点参数限流 QPS1 1-20
2024-12-28 15:10:37,653 INFO o.a.j.t.JMeterThread: Thread finished: 热点参数限流 QPS1 1-20
2024-12-28 15:10:37,664 INFO o.a.j.t.JMeterThread: Thread started: 热点参数限流 QPS1 1-117
2024-12-28 15:10:37,666 INFO o.a.j.t.JMeterThread: Thread is done: 热点参数限流 QPS1 1-117
2024-12-28 15:10:37,666 INFO o.a.j.t.JMeterThread: Thread finished: 热点参数限流 QPS1 1-117
2024-12-28 15:10:37,683 INFO o.a.j.t.JMeterThread: Thread started: 热点参数限流 QPS1 1-118
2024-12-28 15:10:37,684 INFO o.a.j.t.JMeterThread: Thread is done: 热点参数限流 QPS1 1-118
2024-12-28 15:10:37,684 INFO o.a.j.t.JMeterThread: Thread finished: 热点参数限流 QPS1 1-118
2024-12-28 15:10:37,703 INFO o.a.j.t.JMeterThread: Thread started: 热点参数限流 QPS1 1-119
2024-12-28 15:10:37,704 INFO o.a.j.t.JMeterThread: Thread is done: 热点参数限流 QPS1 1-119
2024-12-28 15:10:37,704 INFO o.a.j.t.JMeterThread: Thread finished: 热点参数限流 QPS1 1-119
2024-12-28 15:10:37,723 INFO o.a.j.t.JMeterThread: Thread started: 热点参数限流 QPS1 1-120
2024-12-28 15:10:37,724 INFO o.a.j.t.JMeterThread: Thread is done: 热点参数限流 QPS1 1-120
2024-12-28 15:10:37,724 INFO o.a.j.t.JMeterThread: Thread finished: 热点参数限流 QPS1 1-120
2024-12-28 15:10:37,743 INFO o.a.j.t.JMeterThread: Thread started: 热点参数限流 QPS1 1-121
2024-12-28 15:10:37,760 INFO o.a.j.t.JMeterThread: Thread is done: 热点参数限流 QPS1 1-21
2024-12-28 15:10:37,760 INFO o.a.j.t.JMeterThread: Thread finished: 热点参数限流 QPS1 1-21
2024-12-28 15:10:37,763 INFO o.a.j.t.JMeterThread: Thread started: 热点参数限流 QPS1 1-122
2024-12-28 15:10:37,764 INFO o.a.j.t.JMeterThread: Thread is done: 热点参数限流 QPS1 1-122
2024-12-28 15:10:37,764 INFO o.a.j.t.JMeterThread: Thread finished: 热点参数限流 QPS1 1-122
2024-12-28 15:10:37,785 INFO o.a.j.t.JMeterThread: Thread started: 热点参数限流 QPS1 1-123
2024-12-28 15:10:37,786 INFO o.a.j.t.JMeterThread: Thread is done: 热点参数限流 QPS1 1-123
2024-12-28 15:10:37,786 INFO o.a.j.t.JMeterThread: Thread finished: 热点参数限流 QPS1 1-123
2024-12-28 15:10:37,804 INFO o.a.j.t.JMeterThread: Thread started: 热点参数限流 QPS1 1-124
2024-12-28 15:10:37,805 INFO o.a.j.t.JMeterThread: Thread is done: 热点参数限流 QPS1 1-124
2024-12-28 15:10:37,805 INFO o.a.j.t.JMeterThread: Thread finished: 热点参数限流 QPS1 1-124
2024-12-28 15:10:37,824 INFO o.a.j.t.JMeterThread: Thread started: 热点参数限流 QPS1 1-125
2024-12-28 15:10:37,826 INFO o.a.j.t.JMeterThread: Thread is done: 热点参数限流 QPS1 1-125
2024-12-28 15:10:37,826 INFO o.a.j.t.JMeterThread: Thread finished: 热点参数限流 QPS1 1-125
2024-12-28 15:10:37,843 INFO o.a.j.t.JMeterThread: Thread started: 热点参数限流 QPS1 1-126
2024-12-28 15:10:37,853 INFO o.a.j.t.JMeterThread: Thread is done: 热点参数限流 QPS1 1-4
2024-12-28 15:10:37,853 INFO o.a.j.t.JMeterThread: Thread finished: 热点参数限流 QPS1 1-4
2024-12-28 15:10:37,864 INFO o.a.j.t.JMeterThread: Thread started: 热点参数限流 QPS1 1-127
2024-12-28 15:10:37,866 INFO o.a.j.t.JMeterThread: Thread is done: 热点参数限流 QPS1 1-127
2024-12-28 15:10:37,866 INFO o.a.j.t.JMeterThread: Thread finished: 热点参数限流 QPS1 1-127
2024-12-28 15:10:37,883 INFO o.a.j.t.JMeterThread: Thread started: 热点参数限流 QPS1 1-128
2024-12-28 15:10:37,885 INFO o.a.j.t.JMeterThread: Thread is done: 热点参数限流 QPS1 1-128
2024-12-28 15:10:37,885 INFO o.a.j.t.JMeterThread: Thread finished: 热点参数限流 QPS1 1-128
2024-12-28 15:10:37,903 INFO o.a.j.t.JMeterThread: Thread started: 热点参数限流 QPS1 1-129
2024-12-28 15:10:37,905 INFO o.a.j.t.JMeterThread: Thread is done: 热点参数限流 QPS1 1-129
2024-12-28 15:10:37,905 INFO o.a.j.t.JMeterThread: Thread finished: 热点参数限流 QPS1 1-129
2024-12-28 15:10:37,923 INFO o.a.j.t.JMeterThread: Thread started: 热点参数限流 QPS1 1-130
2024-12-28 15:10:37,925 INFO o.a.j.t.JMeterThread: Thread is done: 热点参数限流 QPS1 1-130
2024-12-28 15:10:37,925 INFO o.a.j.t.JMeterThread: Thread finished: 热点参数限流 QPS1 1-130
2024-12-28 15:10:37,944 INFO o.a.j.t.JMeterThread: Thread started: 热点参数限流 QPS1 1-131
2024-12-28 15:10:37,949 INFO o.a.j.t.JMeterThread: Thread is done: 热点参数限流 QPS1 1-22
2024-12-28 15:10:37,949 INFO o.a.j.t.JMeterThread: Thread finished: 热点参数限流 QPS1 1-22
2024-12-28 15:10:37,963 INFO o.a.j.t.JMeterThread: Thread started: 热点参数限流 QPS1 1-132
2024-12-28 15:10:37,964 INFO o.a.j.t.JMeterThread: Thread is done: 热点参数限流 QPS1 1-132
2024-12-28 15:10:37,964 INFO o.a.j.t.JMeterThread: Thread finished: 热点参数限流 QPS1 1-132
2024-12-28 15:10:37,983 INFO o.a.j.t.JMeterThread: Thread started: 热点参数限流 QPS1 1-133
2024-12-28 15:10:37,985 INFO o.a.j.t.JMeterThread: Thread is done: 热点参数限流 QPS1 1-133
2024-12-28 15:10:37,985 INFO o.a.j.t.JMeterThread: Thread finished: 热点参数限流 QPS1 1-133
2024-12-28 15:10:38,004 INFO o.a.j.t.JMeterThread: Thread started: 热点参数限流 QPS1 1-134
2024-12-28 15:10:38,006 INFO o.a.j.t.JMeterThread: Thread is done: 热点参数限流 QPS1 1-134
2024-12-28 15:10:38,006 INFO o.a.j.t.JMeterThread: Thread finished: 热点参数限流 QPS1 1-134
2024-12-28 15:10:38,023 INFO o.a.j.t.JMeterThread: Thread started: 热点参数限流 QPS1 1-135
2024-12-28 15:10:38,025 INFO o.a.j.t.JMeterThread: Thread is done: 热点参数限流 QPS1 1-135
2024-12-28 15:10:38,025 INFO o.a.j.t.JMeterThread: Thread finished: 热点参数限流 QPS1 1-135
2024-12-28 15:10:38,043 INFO o.a.j.t.JMeterThread: Thread started: 热点参数限流 QPS1 1-136
2024-12-28 15:10:38,058 INFO o.a.j.t.JMeterThread: Thread is done: 热点参数限流 QPS1 1-23
2024-12-28 15:10:38,058 INFO o.a.j.t.JMeterThread: Thread finished: 热点参数限流 QPS1 1-23
2024-12-28 15:10:38,063 INFO o.a.j.t.JMeterThread: Thread started: 热点参数限流 QPS1 1-137
2024-12-28 15:10:38,065 INFO o.a.j.t.JMeterThread: Thread is done: 热点参数限流 QPS1 1-137
2024-12-28 15:10:38,065 INFO o.a.j.t.JMeterThread: Thread finished: 热点参数限流 QPS1 1-137
2024-12-28 15:10:38,083 INFO o.a.j.t.JMeterThread: Thread started: 热点参数限流 QPS1 1-138
2024-12-28 15:10:38,084 INFO o.a.j.t.JMeterThread: Thread is done: 热点参数限流 QPS1 1-138
2024-12-28 15:10:38,084 INFO o.a.j.t.JMeterThread: Thread finished: 热点参数限流 QPS1 1-138
2024-12-28 15:10:38,103 INFO o.a.j.t.JMeterThread: Thread started: 热点参数限流 QPS1 1-139
2024-12-28 15:10:38,105 INFO o.a.j.t.JMeterThread: Thread is done: 热点参数限流 QPS1 1-139
2024-12-28 15:10:38,105 INFO o.a.j.t.JMeterThread: Thread finished: 热点参数限流 QPS1 1-139
2024-12-28 15:10:38,125 INFO o.a.j.t.JMeterThread: Thread started: 热点参数限流 QPS1 1-140
2024-12-28 15:10:38,126 INFO o.a.j.t.JMeterThread: Thread is done: 热点参数限流 QPS1 1-140
2024-12-28 15:10:38,127 INFO o.a.j.t.JMeterThread: Thread finished: 热点参数限流 QPS1 1-140
2024-12-28 15:10:38,145 INFO o.a.j.t.JMeterThread: Thread started: 热点参数限流 QPS1 1-141
2024-12-28 15:10:38,152 INFO o.a.j.t.JMeterThread: Thread is done: 热点参数限流 QPS1 1-24
2024-12-28 15:10:38,152 INFO o.a.j.t.JMeterThread: Thread finished: 热点参数限流 QPS1 1-24
2024-12-28 15:10:38,164 INFO o.a.j.t.JMeterThread: Thread started: 热点参数限流 QPS1 1-142
2024-12-28 15:10:38,166 INFO o.a.j.t.JMeterThread: Thread is done: 热点参数限流 QPS1 1-142
2024-12-28 15:10:38,166 INFO o.a.j.t.JMeterThread: Thread finished: 热点参数限流 QPS1 1-142
2024-12-28 15:10:38,185 INFO o.a.j.t.JMeterThread: Thread started: 热点参数限流 QPS1 1-143
2024-12-28 15:10:38,186 INFO o.a.j.t.JMeterThread: Thread is done: 热点参数限流 QPS1 1-143
2024-12-28 15:10:38,186 INFO o.a.j.t.JMeterThread: Thread finished: 热点参数限流 QPS1 1-143
2024-12-28 15:10:38,203 INFO o.a.j.t.JMeterThread: Thread started: 热点参数限流 QPS1 1-144
2024-12-28 15:10:38,204 INFO o.a.j.t.JMeterThread: Thread is done: 热点参数限流 QPS1 1-144
2024-12-28 15:10:38,204 INFO o.a.j.t.JMeterThread: Thread finished: 热点参数限流 QPS1 1-144
2024-12-28 15:10:38,223 INFO o.a.j.t.JMeterThread: Thread started: 热点参数限流 QPS1 1-145
2024-12-28 15:10:38,224 INFO o.a.j.t.JMeterThread: Thread is done: 热点参数限流 QPS1 1-145
2024-12-28 15:10:38,224 INFO o.a.j.t.JMeterThread: Thread finished: 热点参数限流 QPS1 1-145
2024-12-28 15:10:38,246 INFO o.a.j.t.JMeterThread: Thread started: 热点参数限流 QPS1 1-146
2024-12-28 15:10:38,262 INFO o.a.j.t.JMeterThread: Thread is done: 热点参数限流 QPS1 1-25
2024-12-28 15:10:38,263 INFO o.a.j.t.JMeterThread: Thread started: 热点参数限流 QPS1 1-147
2024-12-28 15:10:38,263 INFO o.a.j.t.JMeterThread: Thread finished: 热点参数限流 QPS1 1-25
2024-12-28 15:10:38,264 INFO o.a.j.t.JMeterThread: Thread is done: 热点参数限流 QPS1 1-147
2024-12-28 15:10:38,264 INFO o.a.j.t.JMeterThread: Thread finished: 热点参数限流 QPS1 1-147
2024-12-28 15:10:38,286 INFO o.a.j.t.JMeterThread: Thread started: 热点参数限流 QPS1 1-148
2024-12-28 15:10:38,288 INFO o.a.j.t.JMeterThread: Thread is done: 热点参数限流 QPS1 1-148
2024-12-28 15:10:38,288 INFO o.a.j.t.JMeterThread: Thread finished: 热点参数限流 QPS1 1-148
2024-12-28 15:10:38,303 INFO o.a.j.t.JMeterThread: Thread started: 热点参数限流 QPS1 1-149
2024-12-28 15:10:38,305 INFO o.a.j.t.JMeterThread: Thread is done: 热点参数限流 QPS1 1-149
2024-12-28 15:10:38,305 INFO o.a.j.t.JMeterThread: Thread finished: 热点参数限流 QPS1 1-149
2024-12-28 15:10:38,323 INFO o.a.j.t.JMeterThread: Thread started: 热点参数限流 QPS1 1-150
2024-12-28 15:10:38,325 INFO o.a.j.t.JMeterThread: Thread is done: 热点参数限流 QPS1 1-150
2024-12-28 15:10:38,325 INFO o.a.j.t.JMeterThread: Thread finished: 热点参数限流 QPS1 1-150
2024-12-28 15:10:38,343 INFO o.a.j.t.JMeterThread: Thread started: 热点参数限流 QPS1 1-151
2024-12-28 15:10:38,358 INFO o.a.j.t.JMeterThread: Thread is done: 热点参数限流 QPS1 1-26
2024-12-28 15:10:38,358 INFO o.a.j.t.JMeterThread: Thread finished: 热点参数限流 QPS1 1-26
2024-12-28 15:10:38,374 INFO o.a.j.t.JMeterThread: Thread started: 热点参数限流 QPS1 1-152
2024-12-28 15:10:38,376 INFO o.a.j.t.JMeterThread: Thread is done: 热点参数限流 QPS1 1-152
2024-12-28 15:10:38,376 INFO o.a.j.t.JMeterThread: Thread finished: 热点参数限流 QPS1 1-152
2024-12-28 15:10:38,384 INFO o.a.j.t.JMeterThread: Thread started: 热点参数限流 QPS1 1-153
2024-12-28 15:10:38,385 INFO o.a.j.t.JMeterThread: Thread is done: 热点参数限流 QPS1 1-153
2024-12-28 15:10:38,385 INFO o.a.j.t.JMeterThread: Thread finished: 热点参数限流 QPS1 1-153
2024-12-28 15:10:38,418 INFO o.a.j.t.JMeterThread: Thread started: 热点参数限流 QPS1 1-154
2024-12-28 15:10:38,420 INFO o.a.j.t.JMeterThread: Thread is done: 热点参数限流 QPS1 1-154
2024-12-28 15:10:38,420 INFO o.a.j.t.JMeterThread: Thread finished: 热点参数限流 QPS1 1-154
2024-12-28 15:10:38,439 INFO o.a.j.t.JMeterThread: Thread started: 热点参数限流 QPS1 1-155
2024-12-28 15:10:38,442 INFO o.a.j.t.JMeterThread: Thread is done: 热点参数限流 QPS1 1-155
2024-12-28 15:10:38,442 INFO o.a.j.t.JMeterThread: Thread finished: 热点参数限流 QPS1 1-155
2024-12-28 15:10:38,459 INFO o.a.j.t.JMeterThread: Thread started: 热点参数限流 QPS1 1-156
2024-12-28 15:10:38,460 INFO o.a.j.t.JMeterThread: Thread is done: 热点参数限流 QPS1 1-156
2024-12-28 15:10:38,460 INFO o.a.j.t.JMeterThread: Thread finished: 热点参数限流 QPS1 1-156
2024-12-28 15:10:38,463 INFO o.a.j.t.JMeterThread: Thread started: 热点参数限流 QPS1 1-157
2024-12-28 15:10:38,464 INFO o.a.j.t.JMeterThread: Thread is done: 热点参数限流 QPS1 1-157
2024-12-28 15:10:38,464 INFO o.a.j.t.JMeterThread: Thread finished: 热点参数限流 QPS1 1-157
2024-12-28 15:10:38,484 INFO o.a.j.t.JMeterThread: Thread started: 热点参数限流 QPS1 1-158
2024-12-28 15:10:38,486 INFO o.a.j.t.JMeterThread: Thread is done: 热点参数限流 QPS1 1-158
2024-12-28 15:10:38,486 INFO o.a.j.t.JMeterThread: Thread finished: 热点参数限流 QPS1 1-158
2024-12-28 15:10:38,503 INFO o.a.j.t.JMeterThread: Thread started: 热点参数限流 QPS1 1-159
2024-12-28 15:10:38,505 INFO o.a.j.t.JMeterThread: Thread is done: 热点参数限流 QPS1 1-159
2024-12-28 15:10:38,505 INFO o.a.j.t.JMeterThread: Thread finished: 热点参数限流 QPS1 1-159
2024-12-28 15:10:38,525 INFO o.a.j.t.JMeterThread: Thread started: 热点参数限流 QPS1 1-160
2024-12-28 15:10:38,526 INFO o.a.j.t.JMeterThread: Thread is done: 热点参数限流 QPS1 1-160
2024-12-28 15:10:38,526 INFO o.a.j.t.JMeterThread: Thread finished: 热点参数限流 QPS1 1-160
2024-12-28 15:10:38,546 INFO o.a.j.t.JMeterThread: Thread started: 热点参数限流 QPS1 1-161
2024-12-28 15:10:38,548 INFO o.a.j.t.JMeterThread: Thread is done: 热点参数限流 QPS1 1-161
2024-12-28 15:10:38,548 INFO o.a.j.t.JMeterThread: Thread finished: 热点参数限流 QPS1 1-161
2024-12-28 15:10:38,566 INFO o.a.j.t.JMeterThread: Thread started: 热点参数限流 QPS1 1-162
2024-12-28 15:10:38,567 INFO o.a.j.t.JMeterThread: Thread is done: 热点参数限流 QPS1 1-162
2024-12-28 15:10:38,568 INFO o.a.j.t.JMeterThread: Thread finished: 热点参数限流 QPS1 1-162
2024-12-28 15:10:38,585 INFO o.a.j.t.JMeterThread: Thread started: 热点参数限流 QPS1 1-163
2024-12-28 15:10:38,586 INFO o.a.j.t.JMeterThread: Thread is done: 热点参数限流 QPS1 1-163
2024-12-28 15:10:38,586 INFO o.a.j.t.JMeterThread: Thread finished: 热点参数限流 QPS1 1-163
2024-12-28 15:10:38,604 INFO o.a.j.t.JMeterThread: Thread started: 热点参数限流 QPS1 1-164
2024-12-28 15:10:38,606 INFO o.a.j.t.JMeterThread: Thread is done: 热点参数限流 QPS1 1-164
2024-12-28 15:10:38,606 INFO o.a.j.t.JMeterThread: Thread finished: 热点参数限流 QPS1 1-164
2024-12-28 15:10:38,623 INFO o.a.j.t.JMeterThread: Thread started: 热点参数限流 QPS1 1-165
2024-12-28 15:10:38,625 INFO o.a.j.t.JMeterThread: Thread is done: 热点参数限流 QPS1 1-165
2024-12-28 15:10:38,625 INFO o.a.j.t.JMeterThread: Thread finished: 热点参数限流 QPS1 1-165
2024-12-28 15:10:38,644 INFO o.a.j.t.JMeterThread: Thread started: 热点参数限流 QPS1 1-166
2024-12-28 15:10:38,646 INFO o.a.j.t.JMeterThread: Thread is done: 热点参数限流 QPS1 1-166
2024-12-28 15:10:38,646 INFO o.a.j.t.JMeterThread: Thread finished: 热点参数限流 QPS1 1-166
2024-12-28 15:10:38,664 INFO o.a.j.t.JMeterThread: Thread started: 热点参数限流 QPS1 1-167
2024-12-28 15:10:38,665 INFO o.a.j.t.JMeterThread: Thread is done: 热点参数限流 QPS1 1-167
2024-12-28 15:10:38,665 INFO o.a.j.t.JMeterThread: Thread finished: 热点参数限流 QPS1 1-167
2024-12-28 15:10:38,684 INFO o.a.j.t.JMeterThread: Thread started: 热点参数限流 QPS1 1-168
2024-12-28 15:10:38,685 INFO o.a.j.t.JMeterThread: Thread is done: 热点参数限流 QPS1 1-168
2024-12-28 15:10:38,686 INFO o.a.j.t.JMeterThread: Thread finished: 热点参数限流 QPS1 1-168
2024-12-28 15:10:38,704 INFO o.a.j.t.JMeterThread: Thread started: 热点参数限流 QPS1 1-169
2024-12-28 15:10:38,706 INFO o.a.j.t.JMeterThread: Thread is done: 热点参数限流 QPS1 1-169
2024-12-28 15:10:38,706 INFO o.a.j.t.JMeterThread: Thread finished: 热点参数限流 QPS1 1-169
2024-12-28 15:10:38,724 INFO o.a.j.t.JMeterThread: Thread started: 热点参数限流 QPS1 1-170
2024-12-28 15:10:38,726 INFO o.a.j.t.JMeterThread: Thread is done: 热点参数限流 QPS1 1-170
2024-12-28 15:10:38,726 INFO o.a.j.t.JMeterThread: Thread finished: 热点参数限流 QPS1 1-170
2024-12-28 15:10:38,745 INFO o.a.j.t.JMeterThread: Thread started: 热点参数限流 QPS1 1-171
2024-12-28 15:10:38,763 INFO o.a.j.t.JMeterThread: Thread started: 热点参数限流 QPS1 1-172
2024-12-28 15:10:38,763 INFO o.a.j.t.JMeterThread: Thread is done: 热点参数限流 QPS1 1-29
2024-12-28 15:10:38,763 INFO o.a.j.t.JMeterThread: Thread finished: 热点参数限流 QPS1 1-29
2024-12-28 15:10:38,764 INFO o.a.j.t.JMeterThread: Thread is done: 热点参数限流 QPS1 1-172
2024-12-28 15:10:38,764 INFO o.a.j.t.JMeterThread: Thread finished: 热点参数限流 QPS1 1-172
2024-12-28 15:10:38,783 INFO o.a.j.t.JMeterThread: Thread started: 热点参数限流 QPS1 1-173
2024-12-28 15:10:38,784 INFO o.a.j.t.JMeterThread: Thread is done: 热点参数限流 QPS1 1-173
2024-12-28 15:10:38,785 INFO o.a.j.t.JMeterThread: Thread finished: 热点参数限流 QPS1 1-173
2024-12-28 15:10:38,803 INFO o.a.j.t.JMeterThread: Thread started: 热点参数限流 QPS1 1-174
2024-12-28 15:10:38,805 INFO o.a.j.t.JMeterThread: Thread is done: 热点参数限流 QPS1 1-174
2024-12-28 15:10:38,805 INFO o.a.j.t.JMeterThread: Thread finished: 热点参数限流 QPS1 1-174
2024-12-28 15:10:38,824 INFO o.a.j.t.JMeterThread: Thread started: 热点参数限流 QPS1 1-175
2024-12-28 15:10:38,825 INFO o.a.j.t.JMeterThread: Thread is done: 热点参数限流 QPS1 1-175
2024-12-28 15:10:38,825 INFO o.a.j.t.JMeterThread: Thread finished: 热点参数限流 QPS1 1-175
2024-12-28 15:10:38,844 INFO o.a.j.t.JMeterThread: Thread started: 热点参数限流 QPS1 1-176
2024-12-28 15:10:38,845 INFO o.a.j.t.JMeterThread: Thread is done: 热点参数限流 QPS1 1-176
2024-12-28 15:10:38,845 INFO o.a.j.t.JMeterThread: Thread finished: 热点参数限流 QPS1 1-176
2024-12-28 15:10:38,865 INFO o.a.j.t.JMeterThread: Thread started: 热点参数限流 QPS1 1-177
2024-12-28 15:10:38,866 INFO o.a.j.t.JMeterThread: Thread is done: 热点参数限流 QPS1 1-177
2024-12-28 15:10:38,866 INFO o.a.j.t.JMeterThread: Thread finished: 热点参数限流 QPS1 1-177
2024-12-28 15:10:38,884 INFO o.a.j.t.JMeterThread: Thread started: 热点参数限流 QPS1 1-178
2024-12-28 15:10:38,886 INFO o.a.j.t.JMeterThread: Thread is done: 热点参数限流 QPS1 1-178
2024-12-28 15:10:38,886 INFO o.a.j.t.JMeterThread: Thread finished: 热点参数限流 QPS1 1-178
2024-12-28 15:10:38,906 INFO o.a.j.t.JMeterThread: Thread started: 热点参数限流 QPS1 1-179
2024-12-28 15:10:38,908 INFO o.a.j.t.JMeterThread: Thread is done: 热点参数限流 QPS1 1-179
2024-12-28 15:10:38,908 INFO o.a.j.t.JMeterThread: Thread finished: 热点参数限流 QPS1 1-179
2024-12-28 15:10:38,923 INFO o.a.j.t.JMeterThread: Thread started: 热点参数限流 QPS1 1-180
2024-12-28 15:10:38,925 INFO o.a.j.t.JMeterThread: Thread is done: 热点参数限流 QPS1 1-180
2024-12-28 15:10:38,925 INFO o.a.j.t.JMeterThread: Thread finished: 热点参数限流 QPS1 1-180
2024-12-28 15:10:38,943 INFO o.a.j.t.JMeterThread: Thread started: 热点参数限流 QPS1 1-181
2024-12-28 15:10:38,945 INFO o.a.j.t.JMeterThread: Thread is done: 热点参数限流 QPS1 1-181
2024-12-28 15:10:38,945 INFO o.a.j.t.JMeterThread: Thread finished: 热点参数限流 QPS1 1-181
2024-12-28 15:10:38,964 INFO o.a.j.t.JMeterThread: Thread started: 热点参数限流 QPS1 1-182
2024-12-28 15:10:38,966 INFO o.a.j.t.JMeterThread: Thread is done: 热点参数限流 QPS1 1-182
2024-12-28 15:10:38,966 INFO o.a.j.t.JMeterThread: Thread finished: 热点参数限流 QPS1 1-182
2024-12-28 15:10:38,983 INFO o.a.j.t.JMeterThread: Thread started: 热点参数限流 QPS1 1-183
2024-12-28 15:10:38,985 INFO o.a.j.t.JMeterThread: Thread is done: 热点参数限流 QPS1 1-183
2024-12-28 15:10:38,985 INFO o.a.j.t.JMeterThread: Thread finished: 热点参数限流 QPS1 1-183
2024-12-28 15:10:39,005 INFO o.a.j.t.JMeterThread: Thread started: 热点参数限流 QPS1 1-184
2024-12-28 15:10:39,007 INFO o.a.j.t.JMeterThread: Thread is done: 热点参数限流 QPS1 1-184
2024-12-28 15:10:39,007 INFO o.a.j.t.JMeterThread: Thread finished: 热点参数限流 QPS1 1-184
2024-12-28 15:10:39,024 INFO o.a.j.t.JMeterThread: Thread started: 热点参数限流 QPS1 1-185
2024-12-28 15:10:39,026 INFO o.a.j.t.JMeterThread: Thread is done: 热点参数限流 QPS1 1-185
2024-12-28 15:10:39,026 INFO o.a.j.t.JMeterThread: Thread finished: 热点参数限流 QPS1 1-185
2024-12-28 15:10:39,047 INFO o.a.j.t.JMeterThread: Thread started: 热点参数限流 QPS1 1-186
2024-12-28 15:10:39,049 INFO o.a.j.t.JMeterThread: Thread is done: 热点参数限流 QPS1 1-186
2024-12-28 15:10:39,049 INFO o.a.j.t.JMeterThread: Thread finished: 热点参数限流 QPS1 1-186
2024-12-28 15:10:39,065 INFO o.a.j.t.JMeterThread: Thread started: 热点参数限流 QPS1 1-187
2024-12-28 15:10:39,066 INFO o.a.j.t.JMeterThread: Thread is done: 热点参数限流 QPS1 1-187
2024-12-28 15:10:39,066 INFO o.a.j.t.JMeterThread: Thread finished: 热点参数限流 QPS1 1-187
2024-12-28 15:10:39,086 INFO o.a.j.t.JMeterThread: Thread started: 热点参数限流 QPS1 1-188
2024-12-28 15:10:39,088 INFO o.a.j.t.JMeterThread: Thread is done: 热点参数限流 QPS1 1-188
2024-12-28 15:10:39,088 INFO o.a.j.t.JMeterThread: Thread finished: 热点参数限流 QPS1 1-188
2024-12-28 15:10:39,103 INFO o.a.j.t.JMeterThread: Thread started: 热点参数限流 QPS1 1-189
2024-12-28 15:10:39,104 INFO o.a.j.t.JMeterThread: Thread is done: 热点参数限流 QPS1 1-189
2024-12-28 15:10:39,104 INFO o.a.j.t.JMeterThread: Thread finished: 热点参数限流 QPS1 1-189
2024-12-28 15:10:39,123 INFO o.a.j.t.JMeterThread: Thread started: 热点参数限流 QPS1 1-190
2024-12-28 15:10:39,125 INFO o.a.j.t.JMeterThread: Thread is done: 热点参数限流 QPS1 1-190
2024-12-28 15:10:39,125 INFO o.a.j.t.JMeterThread: Thread finished: 热点参数限流 QPS1 1-190
2024-12-28 15:10:39,143 INFO o.a.j.t.JMeterThread: Thread started: 热点参数限流 QPS1 1-191
2024-12-28 15:10:39,145 INFO o.a.j.t.JMeterThread: Thread is done: 热点参数限流 QPS1 1-191
2024-12-28 15:10:39,145 INFO o.a.j.t.JMeterThread: Thread finished: 热点参数限流 QPS1 1-191
2024-12-28 15:10:39,166 INFO o.a.j.t.JMeterThread: Thread started: 热点参数限流 QPS1 1-192
2024-12-28 15:10:39,168 INFO o.a.j.t.JMeterThread: Thread is done: 热点参数限流 QPS1 1-192
2024-12-28 15:10:39,168 INFO o.a.j.t.JMeterThread: Thread finished: 热点参数限流 QPS1 1-192
2024-12-28 15:10:39,185 INFO o.a.j.t.JMeterThread: Thread started: 热点参数限流 QPS1 1-193
2024-12-28 15:10:39,186 INFO o.a.j.t.JMeterThread: Thread is done: 热点参数限流 QPS1 1-193
2024-12-28 15:10:39,186 INFO o.a.j.t.JMeterThread: Thread finished: 热点参数限流 QPS1 1-193
2024-12-28 15:10:39,206 INFO o.a.j.t.JMeterThread: Thread started: 热点参数限流 QPS1 1-194
2024-12-28 15:10:39,207 INFO o.a.j.t.JMeterThread: Thread is done: 热点参数限流 QPS1 1-194
2024-12-28 15:10:39,207 INFO o.a.j.t.JMeterThread: Thread finished: 热点参数限流 QPS1 1-194
2024-12-28 15:10:39,224 INFO o.a.j.t.JMeterThread: Thread started: 热点参数限流 QPS1 1-195
2024-12-28 15:10:39,226 INFO o.a.j.t.JMeterThread: Thread is done: 热点参数限流 QPS1 1-195
2024-12-28 15:10:39,226 INFO o.a.j.t.JMeterThread: Thread finished: 热点参数限流 QPS1 1-195
2024-12-28 15:10:39,243 INFO o.a.j.t.JMeterThread: Thread started: 热点参数限流 QPS1 1-196
2024-12-28 15:10:39,247 INFO o.a.j.t.JMeterThread: Thread is done: 热点参数限流 QPS1 1-33
2024-12-28 15:10:39,247 INFO o.a.j.t.JMeterThread: Thread finished: 热点参数限流 QPS1 1-33
2024-12-28 15:10:39,264 INFO o.a.j.t.JMeterThread: Thread started: 热点参数限流 QPS1 1-197
2024-12-28 15:10:39,265 INFO o.a.j.t.JMeterThread: Thread is done: 热点参数限流 QPS1 1-197
2024-12-28 15:10:39,265 INFO o.a.j.t.JMeterThread: Thread finished: 热点参数限流 QPS1 1-197
2024-12-28 15:10:39,283 INFO o.a.j.t.JMeterThread: Thread started: 热点参数限流 QPS1 1-198
2024-12-28 15:10:39,285 INFO o.a.j.t.JMeterThread: Thread is done: 热点参数限流 QPS1 1-198
2024-12-28 15:10:39,285 INFO o.a.j.t.JMeterThread: Thread finished: 热点参数限流 QPS1 1-198
2024-12-28 15:10:39,304 INFO o.a.j.t.JMeterThread: Thread started: 热点参数限流 QPS1 1-199
2024-12-28 15:10:39,306 INFO o.a.j.t.JMeterThread: Thread is done: 热点参数限流 QPS1 1-199
2024-12-28 15:10:39,306 INFO o.a.j.t.JMeterThread: Thread finished: 热点参数限流 QPS1 1-199
2024-12-28 15:10:39,323 INFO o.a.j.t.JMeterThread: Thread started: 热点参数限流 QPS1 1-200
2024-12-28 15:10:39,324 INFO o.a.j.t.JMeterThread: Thread is done: 热点参数限流 QPS1 1-200
2024-12-28 15:10:39,324 INFO o.a.j.t.JMeterThread: Thread finished: 热点参数限流 QPS1 1-200
2024-12-28 15:10:39,346 INFO o.a.j.t.JMeterThread: Thread started: 热点参数限流 QPS1 1-201
2024-12-28 15:10:39,347 INFO o.a.j.t.JMeterThread: Thread is done: 热点参数限流 QPS1 1-201
2024-12-28 15:10:39,347 INFO o.a.j.t.JMeterThread: Thread finished: 热点参数限流 QPS1 1-201
2024-12-28 15:10:39,366 INFO o.a.j.t.JMeterThread: Thread started: 热点参数限流 QPS1 1-202
2024-12-28 15:10:39,367 INFO o.a.j.t.JMeterThread: Thread is done: 热点参数限流 QPS1 1-202
2024-12-28 15:10:39,367 INFO o.a.j.t.JMeterThread: Thread finished: 热点参数限流 QPS1 1-202
2024-12-28 15:10:39,384 INFO o.a.j.t.JMeterThread: Thread started: 热点参数限流 QPS1 1-203
2024-12-28 15:10:39,386 INFO o.a.j.t.JMeterThread: Thread is done: 热点参数限流 QPS1 1-203
2024-12-28 15:10:39,386 INFO o.a.j.t.JMeterThread: Thread finished: 热点参数限流 QPS1 1-203
2024-12-28 15:10:39,404 INFO o.a.j.t.JMeterThread: Thread started: 热点参数限流 QPS1 1-204
2024-12-28 15:10:39,406 INFO o.a.j.t.JMeterThread: Thread is done: 热点参数限流 QPS1 1-204
2024-12-28 15:10:39,406 INFO o.a.j.t.JMeterThread: Thread finished: 热点参数限流 QPS1 1-204
2024-12-28 15:10:39,424 INFO o.a.j.t.JMeterThread: Thread started: 热点参数限流 QPS1 1-205
2024-12-28 15:10:39,426 INFO o.a.j.t.JMeterThread: Thread is done: 热点参数限流 QPS1 1-205
2024-12-28 15:10:39,426 INFO o.a.j.t.JMeterThread: Thread finished: 热点参数限流 QPS1 1-205
2024-12-28 15:10:39,444 INFO o.a.j.t.JMeterThread: Thread started: 热点参数限流 QPS1 1-206
2024-12-28 15:10:39,446 INFO o.a.j.t.JMeterThread: Thread is done: 热点参数限流 QPS1 1-206
2024-12-28 15:10:39,446 INFO o.a.j.t.JMeterThread: Thread finished: 热点参数限流 QPS1 1-206
2024-12-28 15:10:39,463 INFO o.a.j.t.JMeterThread: Thread started: 热点参数限流 QPS1 1-207
2024-12-28 15:10:39,465 INFO o.a.j.t.JMeterThread: Thread is done: 热点参数限流 QPS1 1-207
2024-12-28 15:10:39,465 INFO o.a.j.t.JMeterThread: Thread finished: 热点参数限流 QPS1 1-207
2024-12-28 15:10:39,483 INFO o.a.j.t.JMeterThread: Thread started: 热点参数限流 QPS1 1-208
2024-12-28 15:10:39,485 INFO o.a.j.t.JMeterThread: Thread is done: 热点参数限流 QPS1 1-208
2024-12-28 15:10:39,485 INFO o.a.j.t.JMeterThread: Thread finished: 热点参数限流 QPS1 1-208
2024-12-28 15:10:39,504 INFO o.a.j.t.JMeterThread: Thread started: 热点参数限流 QPS1 1-209
2024-12-28 15:10:39,506 INFO o.a.j.t.JMeterThread: Thread is done: 热点参数限流 QPS1 1-209
2024-12-28 15:10:39,506 INFO o.a.j.t.JMeterThread: Thread finished: 热点参数限流 QPS1 1-209
2024-12-28 15:10:39,523 INFO o.a.j.t.JMeterThread: Thread started: 热点参数限流 QPS1 1-210
2024-12-28 15:10:39,525 INFO o.a.j.t.JMeterThread: Thread is done: 热点参数限流 QPS1 1-210
2024-12-28 15:10:39,525 INFO o.a.j.t.JMeterThread: Thread finished: 热点参数限流 QPS1 1-210
2024-12-28 15:10:39,543 INFO o.a.j.t.JMeterThread: Thread started: 热点参数限流 QPS1 1-211
2024-12-28 15:10:39,544 INFO o.a.j.t.JMeterThread: Thread is done: 热点参数限流 QPS1 1-211
2024-12-28 15:10:39,544 INFO o.a.j.t.JMeterThread: Thread finished: 热点参数限流 QPS1 1-211
2024-12-28 15:10:39,563 INFO o.a.j.t.JMeterThread: Thread started: 热点参数限流 QPS1 1-212
2024-12-28 15:10:39,566 INFO o.a.j.t.JMeterThread: Thread is done: 热点参数限流 QPS1 1-212
2024-12-28 15:10:39,566 INFO o.a.j.t.JMeterThread: Thread finished: 热点参数限流 QPS1 1-212
2024-12-28 15:10:39,583 INFO o.a.j.t.JMeterThread: Thread started: 热点参数限流 QPS1 1-213
2024-12-28 15:10:39,586 INFO o.a.j.t.JMeterThread: Thread is done: 热点参数限流 QPS1 1-213
2024-12-28 15:10:39,586 INFO o.a.j.t.JMeterThread: Thread finished: 热点参数限流 QPS1 1-213
2024-12-28 15:10:39,603 INFO o.a.j.t.JMeterThread: Thread started: 热点参数限流 QPS1 1-214
2024-12-28 15:10:39,606 INFO o.a.j.t.JMeterThread: Thread is done: 热点参数限流 QPS1 1-214
2024-12-28 15:10:39,606 INFO o.a.j.t.JMeterThread: Thread finished: 热点参数限流 QPS1 1-214
2024-12-28 15:10:39,623 INFO o.a.j.t.JMeterThread: Thread started: 热点参数限流 QPS1 1-215
2024-12-28 15:10:39,626 INFO o.a.j.t.JMeterThread: Thread is done: 热点参数限流 QPS1 1-215
2024-12-28 15:10:39,626 INFO o.a.j.t.JMeterThread: Thread finished: 热点参数限流 QPS1 1-215
2024-12-28 15:10:39,643 INFO o.a.j.t.JMeterThread: Thread started: 热点参数限流 QPS1 1-216
2024-12-28 15:10:39,647 INFO o.a.j.t.JMeterThread: Thread is done: 热点参数限流 QPS1 1-216
2024-12-28 15:10:39,647 INFO o.a.j.t.JMeterThread: Thread finished: 热点参数限流 QPS1 1-216
2024-12-28 15:10:39,663 INFO o.a.j.t.JMeterThread: Thread started: 热点参数限流 QPS1 1-217
2024-12-28 15:10:39,667 INFO o.a.j.t.JMeterThread: Thread is done: 热点参数限流 QPS1 1-217
2024-12-28 15:10:39,667 INFO o.a.j.t.JMeterThread: Thread finished: 热点参数限流 QPS1 1-217
2024-12-28 15:10:39,683 INFO o.a.j.t.JMeterThread: Thread started: 热点参数限流 QPS1 1-218
2024-12-28 15:10:39,686 INFO o.a.j.t.JMeterThread: Thread is done: 热点参数限流 QPS1 1-218
2024-12-28 15:10:39,686 INFO o.a.j.t.JMeterThread: Thread finished: 热点参数限流 QPS1 1-218
2024-12-28 15:10:39,703 INFO o.a.j.t.JMeterThread: Thread started: 热点参数限流 QPS1 1-219
2024-12-28 15:10:39,706 INFO o.a.j.t.JMeterThread: Thread is done: 热点参数限流 QPS1 1-219
2024-12-28 15:10:39,706 INFO o.a.j.t.JMeterThread: Thread finished: 热点参数限流 QPS1 1-219
2024-12-28 15:10:39,724 INFO o.a.j.t.JMeterThread: Thread started: 热点参数限流 QPS1 1-220
2024-12-28 15:10:39,725 INFO o.a.j.t.JMeterThread: Thread is done: 热点参数限流 QPS1 1-220
2024-12-28 15:10:39,725 INFO o.a.j.t.JMeterThread: Thread finished: 热点参数限流 QPS1 1-220
2024-12-28 15:10:39,744 INFO o.a.j.t.JMeterThread: Thread started: 热点参数限流 QPS1 1-221
2024-12-28 15:10:39,761 INFO o.a.j.t.JMeterThread: Thread is done: 热点参数限流 QPS1 1-38
2024-12-28 15:10:39,761 INFO o.a.j.t.JMeterThread: Thread finished: 热点参数限流 QPS1 1-38
2024-12-28 15:10:39,764 INFO o.a.j.t.JMeterThread: Thread started: 热点参数限流 QPS1 1-222
2024-12-28 15:10:39,765 INFO o.a.j.t.JMeterThread: Thread is done: 热点参数限流 QPS1 1-222
2024-12-28 15:10:39,765 INFO o.a.j.t.JMeterThread: Thread finished: 热点参数限流 QPS1 1-222
2024-12-28 15:10:39,784 INFO o.a.j.t.JMeterThread: Thread started: 热点参数限流 QPS1 1-223
2024-12-28 15:10:39,786 INFO o.a.j.t.JMeterThread: Thread is done: 热点参数限流 QPS1 1-223
2024-12-28 15:10:39,786 INFO o.a.j.t.JMeterThread: Thread finished: 热点参数限流 QPS1 1-223
2024-12-28 15:10:39,804 INFO o.a.j.t.JMeterThread: Thread started: 热点参数限流 QPS1 1-224
2024-12-28 15:10:39,806 INFO o.a.j.t.JMeterThread: Thread is done: 热点参数限流 QPS1 1-224
2024-12-28 15:10:39,806 INFO o.a.j.t.JMeterThread: Thread finished: 热点参数限流 QPS1 1-224
2024-12-28 15:10:39,823 INFO o.a.j.t.JMeterThread: Thread started: 热点参数限流 QPS1 1-225
2024-12-28 15:10:39,824 INFO o.a.j.t.JMeterThread: Thread is done: 热点参数限流 QPS1 1-225
2024-12-28 15:10:39,824 INFO o.a.j.t.JMeterThread: Thread finished: 热点参数限流 QPS1 1-225
2024-12-28 15:10:39,846 INFO o.a.j.t.JMeterThread: Thread started: 热点参数限流 QPS1 1-226
2024-12-28 15:10:39,848 INFO o.a.j.t.JMeterThread: Thread is done: 热点参数限流 QPS1 1-226
2024-12-28 15:10:39,848 INFO o.a.j.t.JMeterThread: Thread finished: 热点参数限流 QPS1 1-226
2024-12-28 15:10:39,866 INFO o.a.j.t.JMeterThread: Thread started: 热点参数限流 QPS1 1-227
2024-12-28 15:10:39,868 INFO o.a.j.t.JMeterThread: Thread is done: 热点参数限流 QPS1 1-227
2024-12-28 15:10:39,868 INFO o.a.j.t.JMeterThread: Thread finished: 热点参数限流 QPS1 1-227
2024-12-28 15:10:39,884 INFO o.a.j.t.JMeterThread: Thread started: 热点参数限流 QPS1 1-228
2024-12-28 15:10:39,886 INFO o.a.j.t.JMeterThread: Thread is done: 热点参数限流 QPS1 1-228
2024-12-28 15:10:39,886 INFO o.a.j.t.JMeterThread: Thread finished: 热点参数限流 QPS1 1-228
2024-12-28 15:10:39,906 INFO o.a.j.t.JMeterThread: Thread started: 热点参数限流 QPS1 1-229
2024-12-28 15:10:39,907 INFO o.a.j.t.JMeterThread: Thread is done: 热点参数限流 QPS1 1-229
2024-12-28 15:10:39,907 INFO o.a.j.t.JMeterThread: Thread finished: 热点参数限流 QPS1 1-229
2024-12-28 15:10:39,923 INFO o.a.j.t.JMeterThread: Thread started: 热点参数限流 QPS1 1-230
2024-12-28 15:10:39,925 INFO o.a.j.t.JMeterThread: Thread is done: 热点参数限流 QPS1 1-230
2024-12-28 15:10:39,925 INFO o.a.j.t.JMeterThread: Thread finished: 热点参数限流 QPS1 1-230
2024-12-28 15:10:39,944 INFO o.a.j.t.JMeterThread: Thread started: 热点参数限流 QPS1 1-231
2024-12-28 15:10:39,963 INFO o.a.j.t.JMeterThread: Thread is done: 热点参数限流 QPS1 1-40
2024-12-28 15:10:39,963 INFO o.a.j.t.JMeterThread: Thread finished: 热点参数限流 QPS1 1-40
2024-12-28 15:10:39,964 INFO o.a.j.t.JMeterThread: Thread started: 热点参数限流 QPS1 1-232
2024-12-28 15:10:39,965 INFO o.a.j.t.JMeterThread: Thread is done: 热点参数限流 QPS1 1-232
2024-12-28 15:10:39,965 INFO o.a.j.t.JMeterThread: Thread finished: 热点参数限流 QPS1 1-232
2024-12-28 15:10:39,983 INFO o.a.j.t.JMeterThread: Thread started: 热点参数限流 QPS1 1-233
2024-12-28 15:10:39,985 INFO o.a.j.t.JMeterThread: Thread is done: 热点参数限流 QPS1 1-233
2024-12-28 15:10:39,985 INFO o.a.j.t.JMeterThread: Thread finished: 热点参数限流 QPS1 1-233
2024-12-28 15:10:40,003 INFO o.a.j.t.JMeterThread: Thread started: 热点参数限流 QPS1 1-234
2024-12-28 15:10:40,005 INFO o.a.j.t.JMeterThread: Thread is done: 热点参数限流 QPS1 1-234
2024-12-28 15:10:40,005 INFO o.a.j.t.JMeterThread: Thread finished: 热点参数限流 QPS1 1-234
2024-12-28 15:10:40,023 INFO o.a.j.t.JMeterThread: Thread started: 热点参数限流 QPS1 1-235
2024-12-28 15:10:40,025 INFO o.a.j.t.JMeterThread: Thread is done: 热点参数限流 QPS1 1-235
2024-12-28 15:10:40,026 INFO o.a.j.t.JMeterThread: Thread finished: 热点参数限流 QPS1 1-235
2024-12-28 15:10:40,046 INFO o.a.j.t.JMeterThread: Thread started: 热点参数限流 QPS1 1-236
2024-12-28 15:10:40,048 INFO o.a.j.t.JMeterThread: Thread is done: 热点参数限流 QPS1 1-236
2024-12-28 15:10:40,048 INFO o.a.j.t.JMeterThread: Thread finished: 热点参数限流 QPS1 1-236
2024-12-28 15:10:40,065 INFO o.a.j.t.JMeterThread: Thread started: 热点参数限流 QPS1 1-237
2024-12-28 15:10:40,066 INFO o.a.j.t.JMeterThread: Thread is done: 热点参数限流 QPS1 1-237
2024-12-28 15:10:40,066 INFO o.a.j.t.JMeterThread: Thread finished: 热点参数限流 QPS1 1-237
2024-12-28 15:10:40,084 INFO o.a.j.t.JMeterThread: Thread started: 热点参数限流 QPS1 1-238
2024-12-28 15:10:40,086 INFO o.a.j.t.JMeterThread: Thread is done: 热点参数限流 QPS1 1-238
2024-12-28 15:10:40,086 INFO o.a.j.t.JMeterThread: Thread finished: 热点参数限流 QPS1 1-238
2024-12-28 15:10:40,106 INFO o.a.j.t.JMeterThread: Thread started: 热点参数限流 QPS1 1-239
2024-12-28 15:10:40,107 INFO o.a.j.t.JMeterThread: Thread is done: 热点参数限流 QPS1 1-239
2024-12-28 15:10:40,107 INFO o.a.j.t.JMeterThread: Thread finished: 热点参数限流 QPS1 1-239
2024-12-28 15:10:40,123 INFO o.a.j.t.JMeterThread: Thread started: 热点参数限流 QPS1 1-240
2024-12-28 15:10:40,125 INFO o.a.j.t.JMeterThread: Thread is done: 热点参数限流 QPS1 1-240
2024-12-28 15:10:40,125 INFO o.a.j.t.JMeterThread: Thread finished: 热点参数限流 QPS1 1-240
2024-12-28 15:10:40,143 INFO o.a.j.t.JMeterThread: Thread started: 热点参数限流 QPS1 1-241
2024-12-28 15:10:40,145 INFO o.a.j.t.JMeterThread: Thread is done: 热点参数限流 QPS1 1-241
2024-12-28 15:10:40,145 INFO o.a.j.t.JMeterThread: Thread finished: 热点参数限流 QPS1 1-241
2024-12-28 15:10:40,164 INFO o.a.j.t.JMeterThread: Thread started: 热点参数限流 QPS1 1-242
2024-12-28 15:10:40,165 INFO o.a.j.t.JMeterThread: Thread is done: 热点参数限流 QPS1 1-242
2024-12-28 15:10:40,165 INFO o.a.j.t.JMeterThread: Thread finished: 热点参数限流 QPS1 1-242
2024-12-28 15:10:40,183 INFO o.a.j.t.JMeterThread: Thread started: 热点参数限流 QPS1 1-243
2024-12-28 15:10:40,185 INFO o.a.j.t.JMeterThread: Thread is done: 热点参数限流 QPS1 1-243
2024-12-28 15:10:40,185 INFO o.a.j.t.JMeterThread: Thread finished: 热点参数限流 QPS1 1-243
2024-12-28 15:10:40,204 INFO o.a.j.t.JMeterThread: Thread started: 热点参数限流 QPS1 1-244
2024-12-28 15:10:40,206 INFO o.a.j.t.JMeterThread: Thread is done: 热点参数限流 QPS1 1-244
2024-12-28 15:10:40,206 INFO o.a.j.t.JMeterThread: Thread finished: 热点参数限流 QPS1 1-244
2024-12-28 15:10:40,224 INFO o.a.j.t.JMeterThread: Thread started: 热点参数限流 QPS1 1-245
2024-12-28 15:10:40,226 INFO o.a.j.t.JMeterThread: Thread is done: 热点参数限流 QPS1 1-245
2024-12-28 15:10:40,226 INFO o.a.j.t.JMeterThread: Thread finished: 热点参数限流 QPS1 1-245
2024-12-28 15:10:40,244 INFO o.a.j.t.JMeterThread: Thread started: 热点参数限流 QPS1 1-246
2024-12-28 15:10:40,246 INFO o.a.j.t.JMeterThread: Thread is done: 热点参数限流 QPS1 1-246
2024-12-28 15:10:40,246 INFO o.a.j.t.JMeterThread: Thread finished: 热点参数限流 QPS1 1-246
2024-12-28 15:10:40,266 INFO o.a.j.t.JMeterThread: Thread started: 热点参数限流 QPS1 1-247
2024-12-28 15:10:40,267 INFO o.a.j.t.JMeterThread: Thread is done: 热点参数限流 QPS1 1-247
2024-12-28 15:10:40,267 INFO o.a.j.t.JMeterThread: Thread finished: 热点参数限流 QPS1 1-247
2024-12-28 15:10:40,285 INFO o.a.j.t.JMeterThread: Thread started: 热点参数限流 QPS1 1-248
2024-12-28 15:10:40,287 INFO o.a.j.t.JMeterThread: Thread is done: 热点参数限流 QPS1 1-248
2024-12-28 15:10:40,287 INFO o.a.j.t.JMeterThread: Thread finished: 热点参数限流 QPS1 1-248
2024-12-28 15:10:40,303 INFO o.a.j.t.JMeterThread: Thread started: 热点参数限流 QPS1 1-249
2024-12-28 15:10:40,305 INFO o.a.j.t.JMeterThread: Thread is done: 热点参数限流 QPS1 1-249
2024-12-28 15:10:40,305 INFO o.a.j.t.JMeterThread: Thread finished: 热点参数限流 QPS1 1-249
2024-12-28 15:10:40,323 INFO o.a.j.t.JMeterThread: Thread started: 热点参数限流 QPS1 1-250
2024-12-28 15:10:40,326 INFO o.a.j.t.JMeterThread: Thread is done: 热点参数限流 QPS1 1-250
2024-12-28 15:10:40,326 INFO o.a.j.t.JMeterThread: Thread finished: 热点参数限流 QPS1 1-250
2024-12-28 15:10:40,343 INFO o.a.j.t.JMeterThread: Thread started: 热点参数限流 QPS1 1-251
2024-12-28 15:10:40,346 INFO o.a.j.t.JMeterThread: Thread is done: 热点参数限流 QPS1 1-251
2024-12-28 15:10:40,346 INFO o.a.j.t.JMeterThread: Thread finished: 热点参数限流 QPS1 1-251
2024-12-28 15:10:40,363 INFO o.a.j.t.JMeterThread: Thread started: 热点参数限流 QPS1 1-252
2024-12-28 15:10:40,363 INFO o.a.j.t.JMeterThread: Thread is done: 热点参数限流 QPS1 1-252
2024-12-28 15:10:40,363 INFO o.a.j.t.JMeterThread: Thread finished: 热点参数限流 QPS1 1-252
2024-12-28 15:10:40,384 INFO o.a.j.t.JMeterThread: Thread started: 热点参数限流 QPS1 1-253
2024-12-28 15:10:40,386 INFO o.a.j.t.JMeterThread: Thread is done: 热点参数限流 QPS1 1-253
2024-12-28 15:10:40,386 INFO o.a.j.t.JMeterThread: Thread finished: 热点参数限流 QPS1 1-253
2024-12-28 15:10:40,404 INFO o.a.j.t.JMeterThread: Thread started: 热点参数限流 QPS1 1-254
2024-12-28 15:10:40,406 INFO o.a.j.t.JMeterThread: Thread is done: 热点参数限流 QPS1 1-254
2024-12-28 15:10:40,406 INFO o.a.j.t.JMeterThread: Thread finished: 热点参数限流 QPS1 1-254
2024-12-28 15:10:40,424 INFO o.a.j.t.JMeterThread: Thread started: 热点参数限流 QPS1 1-255
2024-12-28 15:10:40,425 INFO o.a.j.t.JMeterThread: Thread is done: 热点参数限流 QPS1 1-255
2024-12-28 15:10:40,425 INFO o.a.j.t.JMeterThread: Thread finished: 热点参数限流 QPS1 1-255
2024-12-28 15:10:40,445 INFO o.a.j.t.JMeterThread: Thread started: 热点参数限流 QPS1 1-256
2024-12-28 15:10:40,446 INFO o.a.j.t.JMeterThread: Thread is done: 热点参数限流 QPS1 1-256
2024-12-28 15:10:40,446 INFO o.a.j.t.JMeterThread: Thread finished: 热点参数限流 QPS1 1-256
2024-12-28 15:10:40,466 INFO o.a.j.t.JMeterThread: Thread started: 热点参数限流 QPS1 1-257
2024-12-28 15:10:40,467 INFO o.a.j.t.JMeterThread: Thread is done: 热点参数限流 QPS1 1-257
2024-12-28 15:10:40,467 INFO o.a.j.t.JMeterThread: Thread finished: 热点参数限流 QPS1 1-257
2024-12-28 15:10:40,483 INFO o.a.j.t.JMeterThread: Thread started: 热点参数限流 QPS1 1-258
2024-12-28 15:10:40,485 INFO o.a.j.t.JMeterThread: Thread is done: 热点参数限流 QPS1 1-258
2024-12-28 15:10:40,485 INFO o.a.j.t.JMeterThread: Thread finished: 热点参数限流 QPS1 1-258
2024-12-28 15:10:40,503 INFO o.a.j.t.JMeterThread: Thread started: 热点参数限流 QPS1 1-259
2024-12-28 15:10:40,505 INFO o.a.j.t.JMeterThread: Thread is done: 热点参数限流 QPS1 1-259
2024-12-28 15:10:40,505 INFO o.a.j.t.JMeterThread: Thread finished: 热点参数限流 QPS1 1-259
2024-12-28 15:10:40,523 INFO o.a.j.t.JMeterThread: Thread started: 热点参数限流 QPS1 1-260
2024-12-28 15:10:40,525 INFO o.a.j.t.JMeterThread: Thread is done: 热点参数限流 QPS1 1-260
2024-12-28 15:10:40,525 INFO o.a.j.t.JMeterThread: Thread finished: 热点参数限流 QPS1 1-260
2024-12-28 15:10:40,543 INFO o.a.j.t.JMeterThread: Thread started: 热点参数限流 QPS1 1-261
2024-12-28 15:10:40,545 INFO o.a.j.t.JMeterThread: Thread is done: 热点参数限流 QPS1 1-261
2024-12-28 15:10:40,545 INFO o.a.j.t.JMeterThread: Thread finished: 热点参数限流 QPS1 1-261
2024-12-28 15:10:40,564 INFO o.a.j.t.JMeterThread: Thread started: 热点参数限流 QPS1 1-262
2024-12-28 15:10:40,566 INFO o.a.j.t.JMeterThread: Thread is done: 热点参数限流 QPS1 1-262
2024-12-28 15:10:40,566 INFO o.a.j.t.JMeterThread: Thread finished: 热点参数限流 QPS1 1-262
2024-12-28 15:10:40,584 INFO o.a.j.t.JMeterThread: Thread started: 热点参数限流 QPS1 1-263
2024-12-28 15:10:40,586 INFO o.a.j.t.JMeterThread: Thread is done: 热点参数限流 QPS1 1-263
2024-12-28 15:10:40,586 INFO o.a.j.t.JMeterThread: Thread finished: 热点参数限流 QPS1 1-263
2024-12-28 15:10:40,604 INFO o.a.j.t.JMeterThread: Thread started: 热点参数限流 QPS1 1-264
2024-12-28 15:10:40,606 INFO o.a.j.t.JMeterThread: Thread is done: 热点参数限流 QPS1 1-264
2024-12-28 15:10:40,606 INFO o.a.j.t.JMeterThread: Thread finished: 热点参数限流 QPS1 1-264
2024-12-28 15:10:40,624 INFO o.a.j.t.JMeterThread: Thread started: 热点参数限流 QPS1 1-265
2024-12-28 15:10:40,626 INFO o.a.j.t.JMeterThread: Thread is done: 热点参数限流 QPS1 1-265
2024-12-28 15:10:40,626 INFO o.a.j.t.JMeterThread: Thread finished: 热点参数限流 QPS1 1-265
2024-12-28 15:10:40,643 INFO o.a.j.t.JMeterThread: Thread started: 热点参数限流 QPS1 1-266
2024-12-28 15:10:40,646 INFO o.a.j.t.JMeterThread: Thread is done: 热点参数限流 QPS1 1-8
2024-12-28 15:10:40,647 INFO o.a.j.t.JMeterThread: Thread finished: 热点参数限流 QPS1 1-8
2024-12-28 15:10:40,664 INFO o.a.j.t.JMeterThread: Thread started: 热点参数限流 QPS1 1-267
2024-12-28 15:10:40,665 INFO o.a.j.t.JMeterThread: Thread is done: 热点参数限流 QPS1 1-267
2024-12-28 15:10:40,666 INFO o.a.j.t.JMeterThread: Thread finished: 热点参数限流 QPS1 1-267
2024-12-28 15:10:40,683 INFO o.a.j.t.JMeterThread: Thread started: 热点参数限流 QPS1 1-268
2024-12-28 15:10:40,685 INFO o.a.j.t.JMeterThread: Thread is done: 热点参数限流 QPS1 1-268
2024-12-28 15:10:40,685 INFO o.a.j.t.JMeterThread: Thread finished: 热点参数限流 QPS1 1-268
2024-12-28 15:10:40,703 INFO o.a.j.t.JMeterThread: Thread started: 热点参数限流 QPS1 1-269
2024-12-28 15:10:40,704 INFO o.a.j.t.JMeterThread: Thread is done: 热点参数限流 QPS1 1-269
2024-12-28 15:10:40,704 INFO o.a.j.t.JMeterThread: Thread finished: 热点参数限流 QPS1 1-269
2024-12-28 15:10:40,723 INFO o.a.j.t.JMeterThread: Thread started: 热点参数限流 QPS1 1-270
2024-12-28 15:10:40,724 INFO o.a.j.t.JMeterThread: Thread is done: 热点参数限流 QPS1 1-270
2024-12-28 15:10:40,724 INFO o.a.j.t.JMeterThread: Thread finished: 热点参数限流 QPS1 1-270
2024-12-28 15:10:40,743 INFO o.a.j.t.JMeterThread: Thread started: 热点参数限流 QPS1 1-271
2024-12-28 15:10:40,745 INFO o.a.j.t.JMeterThread: Thread is done: 热点参数限流 QPS1 1-271
2024-12-28 15:10:40,745 INFO o.a.j.t.JMeterThread: Thread finished: 热点参数限流 QPS1 1-271
2024-12-28 15:10:40,763 INFO o.a.j.t.JMeterThread: Thread started: 热点参数限流 QPS1 1-272
2024-12-28 15:10:40,764 INFO o.a.j.t.JMeterThread: Thread is done: 热点参数限流 QPS1 1-272
2024-12-28 15:10:40,764 INFO o.a.j.t.JMeterThread: Thread finished: 热点参数限流 QPS1 1-272
2024-12-28 15:10:40,783 INFO o.a.j.t.JMeterThread: Thread started: 热点参数限流 QPS1 1-273
2024-12-28 15:10:40,785 INFO o.a.j.t.JMeterThread: Thread is done: 热点参数限流 QPS1 1-273
2024-12-28 15:10:40,785 INFO o.a.j.t.JMeterThread: Thread finished: 热点参数限流 QPS1 1-273
2024-12-28 15:10:40,803 INFO o.a.j.t.JMeterThread: Thread started: 热点参数限流 QPS1 1-274
2024-12-28 15:10:40,805 INFO o.a.j.t.JMeterThread: Thread is done: 热点参数限流 QPS1 1-274
2024-12-28 15:10:40,805 INFO o.a.j.t.JMeterThread: Thread finished: 热点参数限流 QPS1 1-274
2024-12-28 15:10:40,825 INFO o.a.j.t.JMeterThread: Thread started: 热点参数限流 QPS1 1-275
2024-12-28 15:10:40,826 INFO o.a.j.t.JMeterThread: Thread is done: 热点参数限流 QPS1 1-275
2024-12-28 15:10:40,826 INFO o.a.j.t.JMeterThread: Thread finished: 热点参数限流 QPS1 1-275
2024-12-28 15:10:40,844 INFO o.a.j.t.JMeterThread: Thread started: 热点参数限流 QPS1 1-276
2024-12-28 15:10:40,845 INFO o.a.j.t.JMeterThread: Thread is done: 热点参数限流 QPS1 1-276
2024-12-28 15:10:40,845 INFO o.a.j.t.JMeterThread: Thread finished: 热点参数限流 QPS1 1-276
2024-12-28 15:10:40,863 INFO o.a.j.t.JMeterThread: Thread started: 热点参数限流 QPS1 1-277
2024-12-28 15:10:40,865 INFO o.a.j.t.JMeterThread: Thread is done: 热点参数限流 QPS1 1-277
2024-12-28 15:10:40,865 INFO o.a.j.t.JMeterThread: Thread finished: 热点参数限流 QPS1 1-277
2024-12-28 15:10:40,884 INFO o.a.j.t.JMeterThread: Thread started: 热点参数限流 QPS1 1-278
2024-12-28 15:10:40,886 INFO o.a.j.t.JMeterThread: Thread is done: 热点参数限流 QPS1 1-278
2024-12-28 15:10:40,886 INFO o.a.j.t.JMeterThread: Thread finished: 热点参数限流 QPS1 1-278
2024-12-28 15:10:40,904 INFO o.a.j.t.JMeterThread: Thread started: 热点参数限流 QPS1 1-279
2024-12-28 15:10:40,905 INFO o.a.j.t.JMeterThread: Thread is done: 热点参数限流 QPS1 1-279
2024-12-28 15:10:40,906 INFO o.a.j.t.JMeterThread: Thread finished: 热点参数限流 QPS1 1-279
2024-12-28 15:10:40,924 INFO o.a.j.t.JMeterThread: Thread started: 热点参数限流 QPS1 1-280
2024-12-28 15:10:40,926 INFO o.a.j.t.JMeterThread: Thread is done: 热点参数限流 QPS1 1-280
2024-12-28 15:10:40,926 INFO o.a.j.t.JMeterThread: Thread finished: 热点参数限流 QPS1 1-280
2024-12-28 15:10:40,944 INFO o.a.j.t.JMeterThread: Thread started: 热点参数限流 QPS1 1-281
2024-12-28 15:10:40,945 INFO o.a.j.t.JMeterThread: Thread is done: 热点参数限流 QPS1 1-281
2024-12-28 15:10:40,946 INFO o.a.j.t.JMeterThread: Thread finished: 热点参数限流 QPS1 1-281
2024-12-28 15:10:40,964 INFO o.a.j.t.JMeterThread: Thread started: 热点参数限流 QPS1 1-282
2024-12-28 15:10:40,965 INFO o.a.j.t.JMeterThread: Thread is done: 热点参数限流 QPS1 1-282
2024-12-28 15:10:40,965 INFO o.a.j.t.JMeterThread: Thread finished: 热点参数限流 QPS1 1-282
2024-12-28 15:10:40,984 INFO o.a.j.t.JMeterThread: Thread started: 热点参数限流 QPS1 1-283
2024-12-28 15:10:40,986 INFO o.a.j.t.JMeterThread: Thread is done: 热点参数限流 QPS1 1-283
2024-12-28 15:10:40,986 INFO o.a.j.t.JMeterThread: Thread finished: 热点参数限流 QPS1 1-283
2024-12-28 15:10:41,004 INFO o.a.j.t.JMeterThread: Thread started: 热点参数限流 QPS1 1-284
2024-12-28 15:10:41,006 INFO o.a.j.t.JMeterThread: Thread is done: 热点参数限流 QPS1 1-284
2024-12-28 15:10:41,006 INFO o.a.j.t.JMeterThread: Thread finished: 热点参数限流 QPS1 1-284
2024-12-28 15:10:41,024 INFO o.a.j.t.JMeterThread: Thread started: 热点参数限流 QPS1 1-285
2024-12-28 15:10:41,026 INFO o.a.j.t.JMeterThread: Thread is done: 热点参数限流 QPS1 1-285
2024-12-28 15:10:41,026 INFO o.a.j.t.JMeterThread: Thread finished: 热点参数限流 QPS1 1-285
2024-12-28 15:10:41,044 INFO o.a.j.t.JMeterThread: Thread started: 热点参数限流 QPS1 1-286
2024-12-28 15:10:41,046 INFO o.a.j.t.JMeterThread: Thread is done: 热点参数限流 QPS1 1-286
2024-12-28 15:10:41,046 INFO o.a.j.t.JMeterThread: Thread finished: 热点参数限流 QPS1 1-286
2024-12-28 15:10:41,064 INFO o.a.j.t.JMeterThread: Thread started: 热点参数限流 QPS1 1-287
2024-12-28 15:10:41,066 INFO o.a.j.t.JMeterThread: Thread is done: 热点参数限流 QPS1 1-287
2024-12-28 15:10:41,066 INFO o.a.j.t.JMeterThread: Thread finished: 热点参数限流 QPS1 1-287
2024-12-28 15:10:41,084 INFO o.a.j.t.JMeterThread: Thread started: 热点参数限流 QPS1 1-288
2024-12-28 15:10:41,086 INFO o.a.j.t.JMeterThread: Thread is done: 热点参数限流 QPS1 1-288
2024-12-28 15:10:41,086 INFO o.a.j.t.JMeterThread: Thread finished: 热点参数限流 QPS1 1-288
2024-12-28 15:10:41,104 INFO o.a.j.t.JMeterThread: Thread started: 热点参数限流 QPS1 1-289
2024-12-28 15:10:41,106 INFO o.a.j.t.JMeterThread: Thread is done: 热点参数限流 QPS1 1-289
2024-12-28 15:10:41,106 INFO o.a.j.t.JMeterThread: Thread finished: 热点参数限流 QPS1 1-289
2024-12-28 15:10:41,124 INFO o.a.j.t.JMeterThread: Thread started: 热点参数限流 QPS1 1-290
2024-12-28 15:10:41,126 INFO o.a.j.t.JMeterThread: Thread is done: 热点参数限流 QPS1 1-290
2024-12-28 15:10:41,126 INFO o.a.j.t.JMeterThread: Thread finished: 热点参数限流 QPS1 1-290
2024-12-28 15:10:41,144 INFO o.a.j.t.JMeterThread: Thread started: 热点参数限流 QPS1 1-291
2024-12-28 15:10:41,146 INFO o.a.j.t.JMeterThread: Thread is done: 热点参数限流 QPS1 1-291
2024-12-28 15:10:41,146 INFO o.a.j.t.JMeterThread: Thread finished: 热点参数限流 QPS1 1-291
2024-12-28 15:10:41,163 INFO o.a.j.t.JMeterThread: Thread started: 热点参数限流 QPS1 1-292
2024-12-28 15:10:41,165 INFO o.a.j.t.JMeterThread: Thread is done: 热点参数限流 QPS1 1-292
2024-12-28 15:10:41,165 INFO o.a.j.t.JMeterThread: Thread finished: 热点参数限流 QPS1 1-292
2024-12-28 15:10:41,184 INFO o.a.j.t.JMeterThread: Thread started: 热点参数限流 QPS1 1-293
2024-12-28 15:10:41,186 INFO o.a.j.t.JMeterThread: Thread is done: 热点参数限流 QPS1 1-293
2024-12-28 15:10:41,186 INFO o.a.j.t.JMeterThread: Thread finished: 热点参数限流 QPS1 1-293
2024-12-28 15:10:41,204 INFO o.a.j.t.JMeterThread: Thread started: 热点参数限流 QPS1 1-294
2024-12-28 15:10:41,206 INFO o.a.j.t.JMeterThread: Thread is done: 热点参数限流 QPS1 1-294
2024-12-28 15:10:41,206 INFO o.a.j.t.JMeterThread: Thread finished: 热点参数限流 QPS1 1-294
2024-12-28 15:10:41,224 INFO o.a.j.t.JMeterThread: Thread started: 热点参数限流 QPS1 1-295
2024-12-28 15:10:41,226 INFO o.a.j.t.JMeterThread: Thread is done: 热点参数限流 QPS1 1-295
2024-12-28 15:10:41,226 INFO o.a.j.t.JMeterThread: Thread finished: 热点参数限流 QPS1 1-295
2024-12-28 15:10:41,244 INFO o.a.j.t.JMeterThread: Thread started: 热点参数限流 QPS1 1-296
2024-12-28 15:10:41,261 INFO o.a.j.t.JMeterThread: Thread is done: 热点参数限流 QPS1 1-9
2024-12-28 15:10:41,261 INFO o.a.j.t.JMeterThread: Thread finished: 热点参数限流 QPS1 1-9
2024-12-28 15:10:41,264 INFO o.a.j.t.JMeterThread: Thread started: 热点参数限流 QPS1 1-297
2024-12-28 15:10:41,265 INFO o.a.j.t.JMeterThread: Thread is done: 热点参数限流 QPS1 1-297
2024-12-28 15:10:41,266 INFO o.a.j.t.JMeterThread: Thread finished: 热点参数限流 QPS1 1-297
2024-12-28 15:10:41,286 INFO o.a.j.t.JMeterThread: Thread started: 热点参数限流 QPS1 1-298
2024-12-28 15:10:41,288 INFO o.a.j.t.JMeterThread: Thread is done: 热点参数限流 QPS1 1-298
2024-12-28 15:10:41,288 INFO o.a.j.t.JMeterThread: Thread finished: 热点参数限流 QPS1 1-298
2024-12-28 15:10:41,304 INFO o.a.j.t.JMeterThread: Thread started: 热点参数限流 QPS1 1-299
2024-12-28 15:10:41,305 INFO o.a.j.t.JMeterThread: Thread is done: 热点参数限流 QPS1 1-299
2024-12-28 15:10:41,305 INFO o.a.j.t.JMeterThread: Thread finished: 热点参数限流 QPS1 1-299
2024-12-28 15:10:41,323 INFO o.a.j.t.JMeterThread: Thread started: 热点参数限流 QPS1 1-300
2024-12-28 15:10:41,325 INFO o.a.j.t.JMeterThread: Thread is done: 热点参数限流 QPS1 1-300
2024-12-28 15:10:41,325 INFO o.a.j.t.JMeterThread: Thread finished: 热点参数限流 QPS1 1-300
2024-12-28 15:10:41,343 INFO o.a.j.t.JMeterThread: Thread started: 热点参数限流 QPS1 1-301
2024-12-28 15:10:41,345 INFO o.a.j.t.JMeterThread: Thread is done: 热点参数限流 QPS1 1-301
2024-12-28 15:10:41,345 INFO o.a.j.t.JMeterThread: Thread finished: 热点参数限流 QPS1 1-301
2024-12-28 15:10:41,363 INFO o.a.j.t.JMeterThread: Thread started: 热点参数限流 QPS1 1-302
2024-12-28 15:10:41,364 INFO o.a.j.t.JMeterThread: Thread is done: 热点参数限流 QPS1 1-302
2024-12-28 15:10:41,364 INFO o.a.j.t.JMeterThread: Thread finished: 热点参数限流 QPS1 1-302
2024-12-28 15:10:41,384 INFO o.a.j.t.JMeterThread: Thread started: 热点参数限流 QPS1 1-303
2024-12-28 15:10:41,386 INFO o.a.j.t.JMeterThread: Thread is done: 热点参数限流 QPS1 1-303
2024-12-28 15:10:41,386 INFO o.a.j.t.JMeterThread: Thread finished: 热点参数限流 QPS1 1-303
2024-12-28 15:10:41,404 INFO o.a.j.t.JMeterThread: Thread started: 热点参数限流 QPS1 1-304
2024-12-28 15:10:41,406 INFO o.a.j.t.JMeterThread: Thread is done: 热点参数限流 QPS1 1-304
2024-12-28 15:10:41,406 INFO o.a.j.t.JMeterThread: Thread finished: 热点参数限流 QPS1 1-304
2024-12-28 15:10:41,423 INFO o.a.j.t.JMeterThread: Thread started: 热点参数限流 QPS1 1-305
2024-12-28 15:10:41,424 INFO o.a.j.t.JMeterThread: Thread is done: 热点参数限流 QPS1 1-305
2024-12-28 15:10:41,425 INFO o.a.j.t.JMeterThread: Thread finished: 热点参数限流 QPS1 1-305
2024-12-28 15:10:41,443 INFO o.a.j.t.JMeterThread: Thread started: 热点参数限流 QPS1 1-306
2024-12-28 15:10:41,445 INFO o.a.j.t.JMeterThread: Thread is done: 热点参数限流 QPS1 1-306
2024-12-28 15:10:41,445 INFO o.a.j.t.JMeterThread: Thread finished: 热点参数限流 QPS1 1-306
2024-12-28 15:10:41,464 INFO o.a.j.t.JMeterThread: Thread started: 热点参数限流 QPS1 1-307
2024-12-28 15:10:41,466 INFO o.a.j.t.JMeterThread: Thread is done: 热点参数限流 QPS1 1-307
2024-12-28 15:10:41,466 INFO o.a.j.t.JMeterThread: Thread finished: 热点参数限流 QPS1 1-307
2024-12-28 15:10:41,486 INFO o.a.j.t.JMeterThread: Thread started: 热点参数限流 QPS1 1-308
2024-12-28 15:10:41,488 INFO o.a.j.t.JMeterThread: Thread is done: 热点参数限流 QPS1 1-308
2024-12-28 15:10:41,488 INFO o.a.j.t.JMeterThread: Thread finished: 热点参数限流 QPS1 1-308
2024-12-28 15:10:41,503 INFO o.a.j.t.JMeterThread: Thread started: 热点参数限流 QPS1 1-309
2024-12-28 15:10:41,505 INFO o.a.j.t.JMeterThread: Thread is done: 热点参数限流 QPS1 1-309
2024-12-28 15:10:41,505 INFO o.a.j.t.JMeterThread: Thread finished: 热点参数限流 QPS1 1-309
2024-12-28 15:10:41,523 INFO o.a.j.t.JMeterThread: Thread started: 热点参数限流 QPS1 1-310
2024-12-28 15:10:41,525 INFO o.a.j.t.JMeterThread: Thread is done: 热点参数限流 QPS1 1-310
2024-12-28 15:10:41,525 INFO o.a.j.t.JMeterThread: Thread finished: 热点参数限流 QPS1 1-310
2024-12-28 15:10:41,544 INFO o.a.j.t.JMeterThread: Thread started: 热点参数限流 QPS1 1-311
2024-12-28 15:10:41,562 INFO o.a.j.t.JMeterThread: Thread is done: 热点参数限流 QPS1 1-61
2024-12-28 15:10:41,562 INFO o.a.j.t.JMeterThread: Thread finished: 热点参数限流 QPS1 1-61
2024-12-28 15:10:41,563 INFO o.a.j.t.JMeterThread: Thread started: 热点参数限流 QPS1 1-312
2024-12-28 15:10:41,564 INFO o.a.j.t.JMeterThread: Thread is done: 热点参数限流 QPS1 1-312
2024-12-28 15:10:41,564 INFO o.a.j.t.JMeterThread: Thread finished: 热点参数限流 QPS1 1-312
2024-12-28 15:10:41,584 INFO o.a.j.t.JMeterThread: Thread started: 热点参数限流 QPS1 1-313
2024-12-28 15:10:41,586 INFO o.a.j.t.JMeterThread: Thread is done: 热点参数限流 QPS1 1-313
2024-12-28 15:10:41,586 INFO o.a.j.t.JMeterThread: Thread finished: 热点参数限流 QPS1 1-313
2024-12-28 15:10:41,603 INFO o.a.j.t.JMeterThread: Thread started: 热点参数限流 QPS1 1-314
2024-12-28 15:10:41,605 INFO o.a.j.t.JMeterThread: Thread is done: 热点参数限流 QPS1 1-314
2024-12-28 15:10:41,605 INFO o.a.j.t.JMeterThread: Thread finished: 热点参数限流 QPS1 1-314
2024-12-28 15:10:41,625 INFO o.a.j.t.JMeterThread: Thread started: 热点参数限流 QPS1 1-315
2024-12-28 15:10:41,627 INFO o.a.j.t.JMeterThread: Thread is done: 热点参数限流 QPS1 1-315
2024-12-28 15:10:41,627 INFO o.a.j.t.JMeterThread: Thread finished: 热点参数限流 QPS1 1-315
2024-12-28 15:10:41,646 INFO o.a.j.t.JMeterThread: Thread started: 热点参数限流 QPS1 1-316
2024-12-28 15:10:41,648 INFO o.a.j.t.JMeterThread: Thread is done: 热点参数限流 QPS1 1-316
2024-12-28 15:10:41,648 INFO o.a.j.t.JMeterThread: Thread finished: 热点参数限流 QPS1 1-316
2024-12-28 15:10:41,663 INFO o.a.j.t.JMeterThread: Thread started: 热点参数限流 QPS1 1-317
2024-12-28 15:10:41,665 INFO o.a.j.t.JMeterThread: Thread is done: 热点参数限流 QPS1 1-317
2024-12-28 15:10:41,665 INFO o.a.j.t.JMeterThread: Thread finished: 热点参数限流 QPS1 1-317
2024-12-28 15:10:41,684 INFO o.a.j.t.JMeterThread: Thread started: 热点参数限流 QPS1 1-318
2024-12-28 15:10:41,685 INFO o.a.j.t.JMeterThread: Thread is done: 热点参数限流 QPS1 1-318
2024-12-28 15:10:41,685 INFO o.a.j.t.JMeterThread: Thread finished: 热点参数限流 QPS1 1-318
2024-12-28 15:10:41,704 INFO o.a.j.t.JMeterThread: Thread started: 热点参数限流 QPS1 1-319
2024-12-28 15:10:41,706 INFO o.a.j.t.JMeterThread: Thread is done: 热点参数限流 QPS1 1-319
2024-12-28 15:10:41,706 INFO o.a.j.t.JMeterThread: Thread finished: 热点参数限流 QPS1 1-319
2024-12-28 15:10:41,724 INFO o.a.j.t.JMeterThread: Thread started: 热点参数限流 QPS1 1-320
2024-12-28 15:10:41,725 INFO o.a.j.t.JMeterThread: Thread is done: 热点参数限流 QPS1 1-320
2024-12-28 15:10:41,726 INFO o.a.j.t.JMeterThread: Thread finished: 热点参数限流 QPS1 1-320
2024-12-28 15:10:41,744 INFO o.a.j.t.JMeterThread: Thread started: 热点参数限流 QPS1 1-321
2024-12-28 15:10:41,745 INFO o.a.j.t.JMeterThread: Thread is done: 热点参数限流 QPS1 1-321
2024-12-28 15:10:41,745 INFO o.a.j.t.JMeterThread: Thread finished: 热点参数限流 QPS1 1-321
2024-12-28 15:10:41,764 INFO o.a.j.t.JMeterThread: Thread started: 热点参数限流 QPS1 1-322
2024-12-28 15:10:41,766 INFO o.a.j.t.JMeterThread: Thread is done: 热点参数限流 QPS1 1-322
2024-12-28 15:10:41,766 INFO o.a.j.t.JMeterThread: Thread finished: 热点参数限流 QPS1 1-322
2024-12-28 15:10:41,786 INFO o.a.j.t.JMeterThread: Thread started: 热点参数限流 QPS1 1-323
2024-12-28 15:10:41,788 INFO o.a.j.t.JMeterThread: Thread is done: 热点参数限流 QPS1 1-323
2024-12-28 15:10:41,788 INFO o.a.j.t.JMeterThread: Thread finished: 热点参数限流 QPS1 1-323
2024-12-28 15:10:41,805 INFO o.a.j.t.JMeterThread: Thread started: 热点参数限流 QPS1 1-324
2024-12-28 15:10:41,806 INFO o.a.j.t.JMeterThread: Thread is done: 热点参数限流 QPS1 1-324
2024-12-28 15:10:41,806 INFO o.a.j.t.JMeterThread: Thread finished: 热点参数限流 QPS1 1-324
2024-12-28 15:10:41,823 INFO o.a.j.t.JMeterThread: Thread started: 热点参数限流 QPS1 1-325
2024-12-28 15:10:41,824 INFO o.a.j.t.JMeterThread: Thread is done: 热点参数限流 QPS1 1-325
2024-12-28 15:10:41,824 INFO o.a.j.t.JMeterThread: Thread finished: 热点参数限流 QPS1 1-325
2024-12-28 15:10:41,843 INFO o.a.j.t.JMeterThread: Thread started: 热点参数限流 QPS1 1-326
2024-12-28 15:10:41,844 INFO o.a.j.t.JMeterThread: Thread is done: 热点参数限流 QPS1 1-326
2024-12-28 15:10:41,844 INFO o.a.j.t.JMeterThread: Thread finished: 热点参数限流 QPS1 1-326
2024-12-28 15:10:41,864 INFO o.a.j.t.JMeterThread: Thread started: 热点参数限流 QPS1 1-327
2024-12-28 15:10:41,865 INFO o.a.j.t.JMeterThread: Thread is done: 热点参数限流 QPS1 1-327
2024-12-28 15:10:41,865 INFO o.a.j.t.JMeterThread: Thread finished: 热点参数限流 QPS1 1-327
2024-12-28 15:10:41,886 INFO o.a.j.t.JMeterThread: Thread started: 热点参数限流 QPS1 1-328
2024-12-28 15:10:41,888 INFO o.a.j.t.JMeterThread: Thread is done: 热点参数限流 QPS1 1-328
2024-12-28 15:10:41,888 INFO o.a.j.t.JMeterThread: Thread finished: 热点参数限流 QPS1 1-328
2024-12-28 15:10:41,903 INFO o.a.j.t.JMeterThread: Thread started: 热点参数限流 QPS1 1-329
2024-12-28 15:10:41,905 INFO o.a.j.t.JMeterThread: Thread is done: 热点参数限流 QPS1 1-329
2024-12-28 15:10:41,905 INFO o.a.j.t.JMeterThread: Thread finished: 热点参数限流 QPS1 1-329
2024-12-28 15:10:41,924 INFO o.a.j.t.JMeterThread: Thread started: 热点参数限流 QPS1 1-330
2024-12-28 15:10:41,925 INFO o.a.j.t.JMeterThread: Thread is done: 热点参数限流 QPS1 1-330
2024-12-28 15:10:41,925 INFO o.a.j.t.JMeterThread: Thread finished: 热点参数限流 QPS1 1-330
2024-12-28 15:10:41,944 INFO o.a.j.t.JMeterThread: Thread started: 热点参数限流 QPS1 1-331
2024-12-28 15:10:41,946 INFO o.a.j.t.JMeterThread: Thread is done: 热点参数限流 QPS1 1-331
2024-12-28 15:10:41,946 INFO o.a.j.t.JMeterThread: Thread finished: 热点参数限流 QPS1 1-331
2024-12-28 15:10:41,963 INFO o.a.j.t.JMeterThread: Thread started: 热点参数限流 QPS1 1-332
2024-12-28 15:10:41,965 INFO o.a.j.t.JMeterThread: Thread is done: 热点参数限流 QPS1 1-332
2024-12-28 15:10:41,965 INFO o.a.j.t.JMeterThread: Thread finished: 热点参数限流 QPS1 1-332
2024-12-28 15:10:41,983 INFO o.a.j.t.JMeterThread: Thread started: 热点参数限流 QPS1 1-333
2024-12-28 15:10:41,984 INFO o.a.j.t.JMeterThread: Thread is done: 热点参数限流 QPS1 1-333
2024-12-28 15:10:41,984 INFO o.a.j.t.JMeterThread: Thread finished: 热点参数限流 QPS1 1-333
2024-12-28 15:10:42,004 INFO o.a.j.t.JMeterThread: Thread started: 热点参数限流 QPS1 1-334
2024-12-28 15:10:42,006 INFO o.a.j.t.JMeterThread: Thread is done: 热点参数限流 QPS1 1-334
2024-12-28 15:10:42,006 INFO o.a.j.t.JMeterThread: Thread finished: 热点参数限流 QPS1 1-334
2024-12-28 15:10:42,024 INFO o.a.j.t.JMeterThread: Thread started: 热点参数限流 QPS1 1-335
2024-12-28 15:10:42,025 INFO o.a.j.t.JMeterThread: Thread is done: 热点参数限流 QPS1 1-335
2024-12-28 15:10:42,026 INFO o.a.j.t.JMeterThread: Thread finished: 热点参数限流 QPS1 1-335
2024-12-28 15:10:42,046 INFO o.a.j.t.JMeterThread: Thread started: 热点参数限流 QPS1 1-336
2024-12-28 15:10:42,047 INFO o.a.j.t.JMeterThread: Thread is done: 热点参数限流 QPS1 1-336
2024-12-28 15:10:42,047 INFO o.a.j.t.JMeterThread: Thread finished: 热点参数限流 QPS1 1-336
2024-12-28 15:10:42,066 INFO o.a.j.t.JMeterThread: Thread started: 热点参数限流 QPS1 1-337
2024-12-28 15:10:42,067 INFO o.a.j.t.JMeterThread: Thread is done: 热点参数限流 QPS1 1-337
2024-12-28 15:10:42,067 INFO o.a.j.t.JMeterThread: Thread finished: 热点参数限流 QPS1 1-337
2024-12-28 15:10:42,083 INFO o.a.j.t.JMeterThread: Thread started: 热点参数限流 QPS1 1-338
2024-12-28 15:10:42,085 INFO o.a.j.t.JMeterThread: Thread is done: 热点参数限流 QPS1 1-338
2024-12-28 15:10:42,085 INFO o.a.j.t.JMeterThread: Thread finished: 热点参数限流 QPS1 1-338
2024-12-28 15:10:42,103 INFO o.a.j.t.JMeterThread: Thread started: 热点参数限流 QPS1 1-339
2024-12-28 15:10:42,105 INFO o.a.j.t.JMeterThread: Thread is done: 热点参数限流 QPS1 1-339
2024-12-28 15:10:42,105 INFO o.a.j.t.JMeterThread: Thread finished: 热点参数限流 QPS1 1-339
2024-12-28 15:10:42,123 INFO o.a.j.t.JMeterThread: Thread started: 热点参数限流 QPS1 1-340
2024-12-28 15:10:42,125 INFO o.a.j.t.JMeterThread: Thread is done: 热点参数限流 QPS1 1-340
2024-12-28 15:10:42,125 INFO o.a.j.t.JMeterThread: Thread finished: 热点参数限流 QPS1 1-340
2024-12-28 15:10:42,143 INFO o.a.j.t.JMeterThread: Thread started: 热点参数限流 QPS1 1-341
2024-12-28 15:10:42,145 INFO o.a.j.t.JMeterThread: Thread is done: 热点参数限流 QPS1 1-341
2024-12-28 15:10:42,145 INFO o.a.j.t.JMeterThread: Thread finished: 热点参数限流 QPS1 1-341
2024-12-28 15:10:42,166 INFO o.a.j.t.JMeterThread: Thread started: 热点参数限流 QPS1 1-342
2024-12-28 15:10:42,168 INFO o.a.j.t.JMeterThread: Thread is done: 热点参数限流 QPS1 1-342
2024-12-28 15:10:42,168 INFO o.a.j.t.JMeterThread: Thread finished: 热点参数限流 QPS1 1-342
2024-12-28 15:10:42,183 INFO o.a.j.t.JMeterThread: Thread started: 热点参数限流 QPS1 1-343
2024-12-28 15:10:42,185 INFO o.a.j.t.JMeterThread: Thread is done: 热点参数限流 QPS1 1-343
2024-12-28 15:10:42,185 INFO o.a.j.t.JMeterThread: Thread finished: 热点参数限流 QPS1 1-343
2024-12-28 15:10:42,207 INFO o.a.j.t.JMeterThread: Thread started: 热点参数限流 QPS1 1-344
2024-12-28 15:10:42,209 INFO o.a.j.t.JMeterThread: Thread is done: 热点参数限流 QPS1 1-344
2024-12-28 15:10:42,209 INFO o.a.j.t.JMeterThread: Thread finished: 热点参数限流 QPS1 1-344
2024-12-28 15:10:42,223 INFO o.a.j.t.JMeterThread: Thread started: 热点参数限流 QPS1 1-345
2024-12-28 15:10:42,224 INFO o.a.j.t.JMeterThread: Thread is done: 热点参数限流 QPS1 1-345
2024-12-28 15:10:42,224 INFO o.a.j.t.JMeterThread: Thread finished: 热点参数限流 QPS1 1-345
2024-12-28 15:10:42,243 INFO o.a.j.t.JMeterThread: Thread started: 热点参数限流 QPS1 1-346
2024-12-28 15:10:42,248 INFO o.a.j.t.JMeterThread: Thread is done: 热点参数限流 QPS1 1-96
2024-12-28 15:10:42,248 INFO o.a.j.t.JMeterThread: Thread finished: 热点参数限流 QPS1 1-96
2024-12-28 15:10:42,264 INFO o.a.j.t.JMeterThread: Thread started: 热点参数限流 QPS1 1-347
2024-12-28 15:10:42,265 INFO o.a.j.t.JMeterThread: Thread is done: 热点参数限流 QPS1 1-347
2024-12-28 15:10:42,266 INFO o.a.j.t.JMeterThread: Thread finished: 热点参数限流 QPS1 1-347
2024-12-28 15:10:42,283 INFO o.a.j.t.JMeterThread: Thread started: 热点参数限流 QPS1 1-348
2024-12-28 15:10:42,285 INFO o.a.j.t.JMeterThread: Thread is done: 热点参数限流 QPS1 1-348
2024-12-28 15:10:42,285 INFO o.a.j.t.JMeterThread: Thread finished: 热点参数限流 QPS1 1-348
2024-12-28 15:10:42,306 INFO o.a.j.t.JMeterThread: Thread started: 热点参数限流 QPS1 1-349
2024-12-28 15:10:42,307 INFO o.a.j.t.JMeterThread: Thread is done: 热点参数限流 QPS1 1-349
2024-12-28 15:10:42,307 INFO o.a.j.t.JMeterThread: Thread finished: 热点参数限流 QPS1 1-349
2024-12-28 15:10:42,325 INFO o.a.j.t.JMeterThread: Thread started: 热点参数限流 QPS1 1-350
2024-12-28 15:10:42,326 INFO o.a.j.t.JMeterThread: Thread is done: 热点参数限流 QPS1 1-350
2024-12-28 15:10:42,326 INFO o.a.j.t.JMeterThread: Thread finished: 热点参数限流 QPS1 1-350
2024-12-28 15:10:42,344 INFO o.a.j.t.JMeterThread: Thread started: 热点参数限流 QPS1 1-351
2024-12-28 15:10:42,345 INFO o.a.j.t.JMeterThread: Thread is done: 热点参数限流 QPS1 1-351
2024-12-28 15:10:42,345 INFO o.a.j.t.JMeterThread: Thread finished: 热点参数限流 QPS1 1-351
2024-12-28 15:10:42,363 INFO o.a.j.t.JMeterThread: Thread started: 热点参数限流 QPS1 1-352
2024-12-28 15:10:42,365 INFO o.a.j.t.JMeterThread: Thread is done: 热点参数限流 QPS1 1-352
2024-12-28 15:10:42,365 INFO o.a.j.t.JMeterThread: Thread finished: 热点参数限流 QPS1 1-352
2024-12-28 15:10:42,383 INFO o.a.j.t.JMeterThread: Thread started: 热点参数限流 QPS1 1-353
2024-12-28 15:10:42,385 INFO o.a.j.t.JMeterThread: Thread is done: 热点参数限流 QPS1 1-353
2024-12-28 15:10:42,385 INFO o.a.j.t.JMeterThread: Thread finished: 热点参数限流 QPS1 1-353
2024-12-28 15:10:42,406 INFO o.a.j.t.JMeterThread: Thread started: 热点参数限流 QPS1 1-354
2024-12-28 15:10:42,408 INFO o.a.j.t.JMeterThread: Thread is done: 热点参数限流 QPS1 1-354
2024-12-28 15:10:42,408 INFO o.a.j.t.JMeterThread: Thread finished: 热点参数限流 QPS1 1-354
2024-12-28 15:10:42,423 INFO o.a.j.t.JMeterThread: Thread started: 热点参数限流 QPS1 1-355
2024-12-28 15:10:42,424 INFO o.a.j.t.JMeterThread: Thread is done: 热点参数限流 QPS1 1-355
2024-12-28 15:10:42,424 INFO o.a.j.t.JMeterThread: Thread finished: 热点参数限流 QPS1 1-355
2024-12-28 15:10:42,443 INFO o.a.j.t.JMeterThread: Thread started: 热点参数限流 QPS1 1-356
2024-12-28 15:10:42,464 INFO o.a.j.t.JMeterThread: Thread started: 热点参数限流 QPS1 1-357
2024-12-28 15:10:42,465 INFO o.a.j.t.JMeterThread: Thread is done: 热点参数限流 QPS1 1-106
2024-12-28 15:10:42,465 INFO o.a.j.t.JMeterThread: Thread finished: 热点参数限流 QPS1 1-106
2024-12-28 15:10:42,466 INFO o.a.j.t.JMeterThread: Thread is done: 热点参数限流 QPS1 1-357
2024-12-28 15:10:42,466 INFO o.a.j.t.JMeterThread: Thread finished: 热点参数限流 QPS1 1-357
2024-12-28 15:10:42,486 INFO o.a.j.t.JMeterThread: Thread started: 热点参数限流 QPS1 1-358
2024-12-28 15:10:42,487 INFO o.a.j.t.JMeterThread: Thread is done: 热点参数限流 QPS1 1-358
2024-12-28 15:10:42,487 INFO o.a.j.t.JMeterThread: Thread finished: 热点参数限流 QPS1 1-358
2024-12-28 15:10:42,506 INFO o.a.j.t.JMeterThread: Thread started: 热点参数限流 QPS1 1-359
2024-12-28 15:10:42,507 INFO o.a.j.t.JMeterThread: Thread is done: 热点参数限流 QPS1 1-359
2024-12-28 15:10:42,507 INFO o.a.j.t.JMeterThread: Thread finished: 热点参数限流 QPS1 1-359
2024-12-28 15:10:42,524 INFO o.a.j.t.JMeterThread: Thread started: 热点参数限流 QPS1 1-360
2024-12-28 15:10:42,525 INFO o.a.j.t.JMeterThread: Thread is done: 热点参数限流 QPS1 1-360
2024-12-28 15:10:42,525 INFO o.a.j.t.JMeterThread: Thread finished: 热点参数限流 QPS1 1-360
2024-12-28 15:10:42,543 INFO o.a.j.t.JMeterThread: Thread started: 热点参数限流 QPS1 1-361
2024-12-28 15:10:42,544 INFO o.a.j.t.JMeterThread: Thread is done: 热点参数限流 QPS1 1-361
2024-12-28 15:10:42,544 INFO o.a.j.t.JMeterThread: Thread finished: 热点参数限流 QPS1 1-361
2024-12-28 15:10:42,564 INFO o.a.j.t.JMeterThread: Thread started: 热点参数限流 QPS1 1-362
2024-12-28 15:10:42,565 INFO o.a.j.t.JMeterThread: Thread is done: 热点参数限流 QPS1 1-362
2024-12-28 15:10:42,565 INFO o.a.j.t.JMeterThread: Thread finished: 热点参数限流 QPS1 1-362
2024-12-28 15:10:42,584 INFO o.a.j.t.JMeterThread: Thread started: 热点参数限流 QPS1 1-363
2024-12-28 15:10:42,586 INFO o.a.j.t.JMeterThread: Thread is done: 热点参数限流 QPS1 1-363
2024-12-28 15:10:42,586 INFO o.a.j.t.JMeterThread: Thread finished: 热点参数限流 QPS1 1-363
2024-12-28 15:10:42,604 INFO o.a.j.t.JMeterThread: Thread started: 热点参数限流 QPS1 1-364
2024-12-28 15:10:42,606 INFO o.a.j.t.JMeterThread: Thread is done: 热点参数限流 QPS1 1-364
2024-12-28 15:10:42,606 INFO o.a.j.t.JMeterThread: Thread finished: 热点参数限流 QPS1 1-364
2024-12-28 15:10:42,624 INFO o.a.j.t.JMeterThread: Thread started: 热点参数限流 QPS1 1-365
2024-12-28 15:10:42,626 INFO o.a.j.t.JMeterThread: Thread is done: 热点参数限流 QPS1 1-365
2024-12-28 15:10:42,626 INFO o.a.j.t.JMeterThread: Thread finished: 热点参数限流 QPS1 1-365
2024-12-28 15:10:42,646 INFO o.a.j.t.JMeterThread: Thread started: 热点参数限流 QPS1 1-366
2024-12-28 15:10:42,649 INFO o.a.j.t.JMeterThread: Thread is done: 热点参数限流 QPS1 1-116
2024-12-28 15:10:42,649 INFO o.a.j.t.JMeterThread: Thread finished: 热点参数限流 QPS1 1-116
2024-12-28 15:10:42,664 INFO o.a.j.t.JMeterThread: Thread started: 热点参数限流 QPS1 1-367
2024-12-28 15:10:42,665 INFO o.a.j.t.JMeterThread: Thread is done: 热点参数限流 QPS1 1-367
2024-12-28 15:10:42,665 INFO o.a.j.t.JMeterThread: Thread finished: 热点参数限流 QPS1 1-367
2024-12-28 15:10:42,683 INFO o.a.j.t.JMeterThread: Thread started: 热点参数限流 QPS1 1-368
2024-12-28 15:10:42,685 INFO o.a.j.t.JMeterThread: Thread is done: 热点参数限流 QPS1 1-368
2024-12-28 15:10:42,685 INFO o.a.j.t.JMeterThread: Thread finished: 热点参数限流 QPS1 1-368
2024-12-28 15:10:42,704 INFO o.a.j.t.JMeterThread: Thread started: 热点参数限流 QPS1 1-369
2024-12-28 15:10:42,705 INFO o.a.j.t.JMeterThread: Thread is done: 热点参数限流 QPS1 1-369
2024-12-28 15:10:42,705 INFO o.a.j.t.JMeterThread: Thread finished: 热点参数限流 QPS1 1-369
2024-12-28 15:10:42,724 INFO o.a.j.t.JMeterThread: Thread started: 热点参数限流 QPS1 1-370
2024-12-28 15:10:42,725 INFO o.a.j.t.JMeterThread: Thread is done: 热点参数限流 QPS1 1-370
2024-12-28 15:10:42,725 INFO o.a.j.t.JMeterThread: Thread finished: 热点参数限流 QPS1 1-370
2024-12-28 15:10:42,744 INFO o.a.j.t.JMeterThread: Thread started: 热点参数限流 QPS1 1-371
2024-12-28 15:10:42,746 INFO o.a.j.t.JMeterThread: Thread is done: 热点参数限流 QPS1 1-371
2024-12-28 15:10:42,746 INFO o.a.j.t.JMeterThread: Thread finished: 热点参数限流 QPS1 1-371
2024-12-28 15:10:42,764 INFO o.a.j.t.JMeterThread: Thread started: 热点参数限流 QPS1 1-372
2024-12-28 15:10:42,765 INFO o.a.j.t.JMeterThread: Thread is done: 热点参数限流 QPS1 1-372
2024-12-28 15:10:42,765 INFO o.a.j.t.JMeterThread: Thread finished: 热点参数限流 QPS1 1-372
2024-12-28 15:10:42,785 INFO o.a.j.t.JMeterThread: Thread started: 热点参数限流 QPS1 1-373
2024-12-28 15:10:42,786 INFO o.a.j.t.JMeterThread: Thread is done: 热点参数限流 QPS1 1-373
2024-12-28 15:10:42,786 INFO o.a.j.t.JMeterThread: Thread finished: 热点参数限流 QPS1 1-373
2024-12-28 15:10:42,804 INFO o.a.j.t.JMeterThread: Thread started: 热点参数限流 QPS1 1-374
2024-12-28 15:10:42,805 INFO o.a.j.t.JMeterThread: Thread is done: 热点参数限流 QPS1 1-374
2024-12-28 15:10:42,805 INFO o.a.j.t.JMeterThread: Thread finished: 热点参数限流 QPS1 1-374
2024-12-28 15:10:42,825 INFO o.a.j.t.JMeterThread: Thread started: 热点参数限流 QPS1 1-375
2024-12-28 15:10:42,826 INFO o.a.j.t.JMeterThread: Thread is done: 热点参数限流 QPS1 1-375
2024-12-28 15:10:42,826 INFO o.a.j.t.JMeterThread: Thread finished: 热点参数限流 QPS1 1-375
2024-12-28 15:10:42,847 INFO o.a.j.t.JMeterThread: Thread started: 热点参数限流 QPS1 1-376
2024-12-28 15:10:42,848 INFO o.a.j.t.JMeterThread: Thread is done: 热点参数限流 QPS1 1-376
2024-12-28 15:10:42,848 INFO o.a.j.t.JMeterThread: Thread finished: 热点参数限流 QPS1 1-376
2024-12-28 15:10:42,864 INFO o.a.j.t.JMeterThread: Thread started: 热点参数限流 QPS1 1-377
2024-12-28 15:10:42,865 INFO o.a.j.t.JMeterThread: Thread is done: 热点参数限流 QPS1 1-377
2024-12-28 15:10:42,866 INFO o.a.j.t.JMeterThread: Thread finished: 热点参数限流 QPS1 1-377
2024-12-28 15:10:42,884 INFO o.a.j.t.JMeterThread: Thread started: 热点参数限流 QPS1 1-378
2024-12-28 15:10:42,885 INFO o.a.j.t.JMeterThread: Thread is done: 热点参数限流 QPS1 1-378
2024-12-28 15:10:42,886 INFO o.a.j.t.JMeterThread: Thread finished: 热点参数限流 QPS1 1-378
2024-12-28 15:10:42,903 INFO o.a.j.t.JMeterThread: Thread started: 热点参数限流 QPS1 1-379
2024-12-28 15:10:42,905 INFO o.a.j.t.JMeterThread: Thread is done: 热点参数限流 QPS1 1-379
2024-12-28 15:10:42,905 INFO o.a.j.t.JMeterThread: Thread finished: 热点参数限流 QPS1 1-379
2024-12-28 15:10:42,924 INFO o.a.j.t.JMeterThread: Thread started: 热点参数限流 QPS1 1-380
2024-12-28 15:10:42,925 INFO o.a.j.t.JMeterThread: Thread is done: 热点参数限流 QPS1 1-380
2024-12-28 15:10:42,926 INFO o.a.j.t.JMeterThread: Thread finished: 热点参数限流 QPS1 1-380
2024-12-28 15:10:42,943 INFO o.a.j.t.JMeterThread: Thread started: 热点参数限流 QPS1 1-381
2024-12-28 15:10:42,948 INFO o.a.j.t.JMeterThread: Thread is done: 热点参数限流 QPS1 1-131
2024-12-28 15:10:42,948 INFO o.a.j.t.JMeterThread: Thread finished: 热点参数限流 QPS1 1-131
2024-12-28 15:10:42,963 INFO o.a.j.t.JMeterThread: Thread started: 热点参数限流 QPS1 1-382
2024-12-28 15:10:42,965 INFO o.a.j.t.JMeterThread: Thread is done: 热点参数限流 QPS1 1-382
2024-12-28 15:10:42,965 INFO o.a.j.t.JMeterThread: Thread finished: 热点参数限流 QPS1 1-382
2024-12-28 15:10:42,984 INFO o.a.j.t.JMeterThread: Thread started: 热点参数限流 QPS1 1-383
2024-12-28 15:10:42,986 INFO o.a.j.t.JMeterThread: Thread is done: 热点参数限流 QPS1 1-383
2024-12-28 15:10:42,986 INFO o.a.j.t.JMeterThread: Thread finished: 热点参数限流 QPS1 1-383
2024-12-28 15:10:43,003 INFO o.a.j.t.JMeterThread: Thread started: 热点参数限流 QPS1 1-384
2024-12-28 15:10:43,006 INFO o.a.j.t.JMeterThread: Thread is done: 热点参数限流 QPS1 1-384
2024-12-28 15:10:43,006 INFO o.a.j.t.JMeterThread: Thread finished: 热点参数限流 QPS1 1-384
2024-12-28 15:10:43,023 INFO o.a.j.t.JMeterThread: Thread started: 热点参数限流 QPS1 1-385
2024-12-28 15:10:43,025 INFO o.a.j.t.JMeterThread: Thread is done: 热点参数限流 QPS1 1-385
2024-12-28 15:10:43,025 INFO o.a.j.t.JMeterThread: Thread finished: 热点参数限流 QPS1 1-385
2024-12-28 15:10:43,046 INFO o.a.j.t.JMeterThread: Thread started: 热点参数限流 QPS1 1-386
2024-12-28 15:10:43,047 INFO o.a.j.t.JMeterThread: Thread is done: 热点参数限流 QPS1 1-386
2024-12-28 15:10:43,047 INFO o.a.j.t.JMeterThread: Thread finished: 热点参数限流 QPS1 1-386
2024-12-28 15:10:43,066 INFO o.a.j.t.JMeterThread: Thread started: 热点参数限流 QPS1 1-387
2024-12-28 15:10:43,067 INFO o.a.j.t.JMeterThread: Thread is done: 热点参数限流 QPS1 1-387
2024-12-28 15:10:43,067 INFO o.a.j.t.JMeterThread: Thread finished: 热点参数限流 QPS1 1-387
2024-12-28 15:10:43,086 INFO o.a.j.t.JMeterThread: Thread started: 热点参数限流 QPS1 1-388
2024-12-28 15:10:43,087 INFO o.a.j.t.JMeterThread: Thread is done: 热点参数限流 QPS1 1-388
2024-12-28 15:10:43,087 INFO o.a.j.t.JMeterThread: Thread finished: 热点参数限流 QPS1 1-388
2024-12-28 15:10:43,106 INFO o.a.j.t.JMeterThread: Thread started: 热点参数限流 QPS1 1-389
2024-12-28 15:10:43,107 INFO o.a.j.t.JMeterThread: Thread is done: 热点参数限流 QPS1 1-389
2024-12-28 15:10:43,107 INFO o.a.j.t.JMeterThread: Thread finished: 热点参数限流 QPS1 1-389
2024-12-28 15:10:43,143 INFO o.a.j.t.JMeterThread: Thread started: 热点参数限流 QPS1 1-390
2024-12-28 15:10:43,145 INFO o.a.j.t.JMeterThread: Thread is done: 热点参数限流 QPS1 1-390
2024-12-28 15:10:43,145 INFO o.a.j.t.JMeterThread: Thread finished: 热点参数限流 QPS1 1-390
2024-12-28 15:10:43,162 INFO o.a.j.t.JMeterThread: Thread started: 热点参数限流 QPS1 1-391
2024-12-28 15:10:43,163 INFO o.a.j.t.JMeterThread: Thread is done: 热点参数限流 QPS1 1-391
2024-12-28 15:10:43,163 INFO o.a.j.t.JMeterThread: Thread finished: 热点参数限流 QPS1 1-391
2024-12-28 15:10:43,180 INFO o.a.j.t.JMeterThread: Thread started: 热点参数限流 QPS1 1-392
2024-12-28 15:10:43,181 INFO o.a.j.t.JMeterThread: Thread is done: 热点参数限流 QPS1 1-392
2024-12-28 15:10:43,181 INFO o.a.j.t.JMeterThread: Thread finished: 热点参数限流 QPS1 1-392
2024-12-28 15:10:43,184 INFO o.a.j.t.JMeterThread: Thread started: 热点参数限流 QPS1 1-393
2024-12-28 15:10:43,185 INFO o.a.j.t.JMeterThread: Thread is done: 热点参数限流 QPS1 1-393
2024-12-28 15:10:43,185 INFO o.a.j.t.JMeterThread: Thread finished: 热点参数限流 QPS1 1-393
2024-12-28 15:10:43,204 INFO o.a.j.t.JMeterThread: Thread started: 热点参数限流 QPS1 1-394
2024-12-28 15:10:43,205 INFO o.a.j.t.JMeterThread: Thread is done: 热点参数限流 QPS1 1-394
2024-12-28 15:10:43,206 INFO o.a.j.t.JMeterThread: Thread finished: 热点参数限流 QPS1 1-394
2024-12-28 15:10:43,226 INFO o.a.j.t.JMeterThread: Thread started: 热点参数限流 QPS1 1-395
2024-12-28 15:10:43,228 INFO o.a.j.t.JMeterThread: Thread is done: 热点参数限流 QPS1 1-395
2024-12-28 15:10:43,228 INFO o.a.j.t.JMeterThread: Thread finished: 热点参数限流 QPS1 1-395
2024-12-28 15:10:43,244 INFO o.a.j.t.JMeterThread: Thread started: 热点参数限流 QPS1 1-396
2024-12-28 15:10:43,245 INFO o.a.j.t.JMeterThread: Thread is done: 热点参数限流 QPS1 1-396
2024-12-28 15:10:43,245 INFO o.a.j.t.JMeterThread: Thread finished: 热点参数限流 QPS1 1-396
2024-12-28 15:10:43,266 INFO o.a.j.t.JMeterThread: Thread started: 热点参数限流 QPS1 1-397
2024-12-28 15:10:43,267 INFO o.a.j.t.JMeterThread: Thread is done: 热点参数限流 QPS1 1-397
2024-12-28 15:10:43,267 INFO o.a.j.t.JMeterThread: Thread finished: 热点参数限流 QPS1 1-397
2024-12-28 15:10:43,284 INFO o.a.j.t.JMeterThread: Thread started: 热点参数限流 QPS1 1-398
2024-12-28 15:10:43,286 INFO o.a.j.t.JMeterThread: Thread is done: 热点参数限流 QPS1 1-398
2024-12-28 15:10:43,286 INFO o.a.j.t.JMeterThread: Thread finished: 热点参数限流 QPS1 1-398
2024-12-28 15:10:43,303 INFO o.a.j.t.JMeterThread: Thread started: 热点参数限流 QPS1 1-399
2024-12-28 15:10:43,305 INFO o.a.j.t.JMeterThread: Thread is done: 热点参数限流 QPS1 1-399
2024-12-28 15:10:43,305 INFO o.a.j.t.JMeterThread: Thread finished: 热点参数限流 QPS1 1-399
2024-12-28 15:10:43,323 INFO o.a.j.t.JMeterThread: Thread started: 热点参数限流 QPS1 1-400
2024-12-28 15:10:43,324 INFO o.a.j.t.JMeterThread: Thread is done: 热点参数限流 QPS1 1-400
2024-12-28 15:10:43,325 INFO o.a.j.t.JMeterThread: Thread finished: 热点参数限流 QPS1 1-400
2024-12-28 15:10:43,343 INFO o.a.j.t.JMeterThread: Thread started: 热点参数限流 QPS1 1-401
2024-12-28 15:10:43,353 INFO o.a.j.t.JMeterThread: Thread is done: 热点参数限流 QPS1 1-151
2024-12-28 15:10:43,353 INFO o.a.j.t.JMeterThread: Thread finished: 热点参数限流 QPS1 1-151
2024-12-28 15:10:43,363 INFO o.a.j.t.JMeterThread: Thread started: 热点参数限流 QPS1 1-402
2024-12-28 15:10:43,363 INFO o.a.j.t.JMeterThread: Thread is done: 热点参数限流 QPS1 1-402
2024-12-28 15:10:43,363 INFO o.a.j.t.JMeterThread: Thread finished: 热点参数限流 QPS1 1-402
2024-12-28 15:10:43,395 INFO o.a.j.t.JMeterThread: Thread started: 热点参数限流 QPS1 1-403
2024-12-28 15:10:43,397 INFO o.a.j.t.JMeterThread: Thread is done: 热点参数限流 QPS1 1-403
2024-12-28 15:10:43,397 INFO o.a.j.t.JMeterThread: Thread finished: 热点参数限流 QPS1 1-403
2024-12-28 15:10:43,403 INFO o.a.j.t.JMeterThread: Thread started: 热点参数限流 QPS1 1-404
2024-12-28 15:10:43,404 INFO o.a.j.t.JMeterThread: Thread is done: 热点参数限流 QPS1 1-404
2024-12-28 15:10:43,404 INFO o.a.j.t.JMeterThread: Thread finished: 热点参数限流 QPS1 1-404
2024-12-28 15:10:43,423 INFO o.a.j.t.JMeterThread: Thread started: 热点参数限流 QPS1 1-405
2024-12-28 15:10:43,424 INFO o.a.j.t.JMeterThread: Thread is done: 热点参数限流 QPS1 1-405
2024-12-28 15:10:43,424 INFO o.a.j.t.JMeterThread: Thread finished: 热点参数限流 QPS1 1-405
2024-12-28 15:10:43,444 INFO o.a.j.t.JMeterThread: Thread started: 热点参数限流 QPS1 1-406
2024-12-28 15:10:43,445 INFO o.a.j.t.JMeterThread: Thread is done: 热点参数限流 QPS1 1-406
2024-12-28 15:10:43,445 INFO o.a.j.t.JMeterThread: Thread finished: 热点参数限流 QPS1 1-406
2024-12-28 15:10:43,460 INFO o.a.j.t.JMeterThread: Thread is done: 热点参数限流 QPS1 1-5
2024-12-28 15:10:43,461 INFO o.a.j.t.JMeterThread: Thread finished: 热点参数限流 QPS1 1-5
2024-12-28 15:10:43,463 INFO o.a.j.t.JMeterThread: Thread started: 热点参数限流 QPS1 1-407
2024-12-28 15:10:43,483 INFO o.a.j.t.JMeterThread: Thread started: 热点参数限流 QPS1 1-408
2024-12-28 15:10:43,485 INFO o.a.j.t.JMeterThread: Thread is done: 热点参数限流 QPS1 1-408
2024-12-28 15:10:43,485 INFO o.a.j.t.JMeterThread: Thread finished: 热点参数限流 QPS1 1-408
2024-12-28 15:10:43,503 INFO o.a.j.t.JMeterThread: Thread started: 热点参数限流 QPS1 1-409
2024-12-28 15:10:43,505 INFO o.a.j.t.JMeterThread: Thread is done: 热点参数限流 QPS1 1-409
2024-12-28 15:10:43,505 INFO o.a.j.t.JMeterThread: Thread finished: 热点参数限流 QPS1 1-409
2024-12-28 15:10:43,523 INFO o.a.j.t.JMeterThread: Thread started: 热点参数限流 QPS1 1-410
2024-12-28 15:10:43,525 INFO o.a.j.t.JMeterThread: Thread is done: 热点参数限流 QPS1 1-410
2024-12-28 15:10:43,525 INFO o.a.j.t.JMeterThread: Thread finished: 热点参数限流 QPS1 1-410
2024-12-28 15:10:43,543 INFO o.a.j.t.JMeterThread: Thread started: 热点参数限流 QPS1 1-411
2024-12-28 15:10:43,545 INFO o.a.j.t.JMeterThread: Thread is done: 热点参数限流 QPS1 1-411
2024-12-28 15:10:43,545 INFO o.a.j.t.JMeterThread: Thread finished: 热点参数限流 QPS1 1-411
2024-12-28 15:10:43,563 INFO o.a.j.t.JMeterThread: Thread started: 热点参数限流 QPS1 1-412
2024-12-28 15:10:43,565 INFO o.a.j.t.JMeterThread: Thread is done: 热点参数限流 QPS1 1-412
2024-12-28 15:10:43,565 INFO o.a.j.t.JMeterThread: Thread finished: 热点参数限流 QPS1 1-412
2024-12-28 15:10:43,583 INFO o.a.j.t.JMeterThread: Thread started: 热点参数限流 QPS1 1-413
2024-12-28 15:10:43,584 INFO o.a.j.t.JMeterThread: Thread is done: 热点参数限流 QPS1 1-413
2024-12-28 15:10:43,584 INFO o.a.j.t.JMeterThread: Thread finished: 热点参数限流 QPS1 1-413
2024-12-28 15:10:43,603 INFO o.a.j.t.JMeterThread: Thread started: 热点参数限流 QPS1 1-414
2024-12-28 15:10:43,605 INFO o.a.j.t.JMeterThread: Thread is done: 热点参数限流 QPS1 1-414
2024-12-28 15:10:43,605 INFO o.a.j.t.JMeterThread: Thread finished: 热点参数限流 QPS1 1-414
2024-12-28 15:10:43,623 INFO o.a.j.t.JMeterThread: Thread started: 热点参数限流 QPS1 1-415
2024-12-28 15:10:43,625 INFO o.a.j.t.JMeterThread: Thread is done: 热点参数限流 QPS1 1-415
2024-12-28 15:10:43,625 INFO o.a.j.t.JMeterThread: Thread finished: 热点参数限流 QPS1 1-415
2024-12-28 15:10:43,643 INFO o.a.j.t.JMeterThread: Thread started: 热点参数限流 QPS1 1-416
2024-12-28 15:10:43,663 INFO o.a.j.t.JMeterThread: Thread started: 热点参数限流 QPS1 1-417
2024-12-28 15:10:43,663 INFO o.a.j.t.JMeterThread: Thread is done: 热点参数限流 QPS1 1-28
2024-12-28 15:10:43,663 INFO o.a.j.t.JMeterThread: Thread finished: 热点参数限流 QPS1 1-28
2024-12-28 15:10:43,664 INFO o.a.j.t.JMeterThread: Thread is done: 热点参数限流 QPS1 1-417
2024-12-28 15:10:43,664 INFO o.a.j.t.JMeterThread: Thread finished: 热点参数限流 QPS1 1-417
2024-12-28 15:10:43,683 INFO o.a.j.t.JMeterThread: Thread started: 热点参数限流 QPS1 1-418
2024-12-28 15:10:43,685 INFO o.a.j.t.JMeterThread: Thread is done: 热点参数限流 QPS1 1-418
2024-12-28 15:10:43,685 INFO o.a.j.t.JMeterThread: Thread finished: 热点参数限流 QPS1 1-418
2024-12-28 15:10:43,704 INFO o.a.j.t.JMeterThread: Thread started: 热点参数限流 QPS1 1-419
2024-12-28 15:10:43,705 INFO o.a.j.t.JMeterThread: Thread is done: 热点参数限流 QPS1 1-419
2024-12-28 15:10:43,705 INFO o.a.j.t.JMeterThread: Thread finished: 热点参数限流 QPS1 1-419
2024-12-28 15:10:43,724 INFO o.a.j.t.JMeterThread: Thread started: 热点参数限流 QPS1 1-420
2024-12-28 15:10:43,725 INFO o.a.j.t.JMeterThread: Thread is done: 热点参数限流 QPS1 1-420
2024-12-28 15:10:43,725 INFO o.a.j.t.JMeterThread: Thread finished: 热点参数限流 QPS1 1-420
2024-12-28 15:10:43,744 INFO o.a.j.t.JMeterThread: Thread started: 热点参数限流 QPS1 1-421
2024-12-28 15:10:43,745 INFO o.a.j.t.JMeterThread: Thread is done: 热点参数限流 QPS1 1-421
2024-12-28 15:10:43,745 INFO o.a.j.t.JMeterThread: Thread finished: 热点参数限流 QPS1 1-421
2024-12-28 15:10:43,764 INFO o.a.j.t.JMeterThread: Thread started: 热点参数限流 QPS1 1-422
2024-12-28 15:10:43,766 INFO o.a.j.t.JMeterThread: Thread is done: 热点参数限流 QPS1 1-422
2024-12-28 15:10:43,766 INFO o.a.j.t.JMeterThread: Thread finished: 热点参数限流 QPS1 1-422
2024-12-28 15:10:43,784 INFO o.a.j.t.JMeterThread: Thread started: 热点参数限流 QPS1 1-423
2024-12-28 15:10:43,786 INFO o.a.j.t.JMeterThread: Thread is done: 热点参数限流 QPS1 1-423
2024-12-28 15:10:43,786 INFO o.a.j.t.JMeterThread: Thread finished: 热点参数限流 QPS1 1-423
2024-12-28 15:10:43,804 INFO o.a.j.t.JMeterThread: Thread started: 热点参数限流 QPS1 1-424
2024-12-28 15:10:43,806 INFO o.a.j.t.JMeterThread: Thread is done: 热点参数限流 QPS1 1-424
2024-12-28 15:10:43,806 INFO o.a.j.t.JMeterThread: Thread finished: 热点参数限流 QPS1 1-424
2024-12-28 15:10:43,824 INFO o.a.j.t.JMeterThread: Thread started: 热点参数限流 QPS1 1-425
2024-12-28 15:10:43,826 INFO o.a.j.t.JMeterThread: Thread is done: 热点参数限流 QPS1 1-425
2024-12-28 15:10:43,826 INFO o.a.j.t.JMeterThread: Thread finished: 热点参数限流 QPS1 1-425
2024-12-28 15:10:43,843 INFO o.a.j.t.JMeterThread: Thread started: 热点参数限流 QPS1 1-426
2024-12-28 15:10:43,845 INFO o.a.j.t.JMeterThread: Thread is done: 热点参数限流 QPS1 1-426
2024-12-28 15:10:43,845 INFO o.a.j.t.JMeterThread: Thread finished: 热点参数限流 QPS1 1-426
2024-12-28 15:10:43,864 INFO o.a.j.t.JMeterThread: Thread started: 热点参数限流 QPS1 1-427
2024-12-28 15:10:43,865 INFO o.a.j.t.JMeterThread: Thread is done: 热点参数限流 QPS1 1-427
2024-12-28 15:10:43,865 INFO o.a.j.t.JMeterThread: Thread finished: 热点参数限流 QPS1 1-427
2024-12-28 15:10:43,883 INFO o.a.j.t.JMeterThread: Thread started: 热点参数限流 QPS1 1-428
2024-12-28 15:10:43,885 INFO o.a.j.t.JMeterThread: Thread is done: 热点参数限流 QPS1 1-428
2024-12-28 15:10:43,885 INFO o.a.j.t.JMeterThread: Thread finished: 热点参数限流 QPS1 1-428
2024-12-28 15:10:43,904 INFO o.a.j.t.JMeterThread: Thread started: 热点参数限流 QPS1 1-429
2024-12-28 15:10:43,906 INFO o.a.j.t.JMeterThread: Thread is done: 热点参数限流 QPS1 1-429
2024-12-28 15:10:43,906 INFO o.a.j.t.JMeterThread: Thread finished: 热点参数限流 QPS1 1-429
2024-12-28 15:10:43,923 INFO o.a.j.t.JMeterThread: Thread started: 热点参数限流 QPS1 1-430
2024-12-28 15:10:43,924 INFO o.a.j.t.JMeterThread: Thread is done: 热点参数限流 QPS1 1-430
2024-12-28 15:10:43,924 INFO o.a.j.t.JMeterThread: Thread finished: 热点参数限流 QPS1 1-430
2024-12-28 15:10:43,943 INFO o.a.j.t.JMeterThread: Thread started: 热点参数限流 QPS1 1-431
2024-12-28 15:10:43,945 INFO o.a.j.t.JMeterThread: Thread is done: 热点参数限流 QPS1 1-431
2024-12-28 15:10:43,945 INFO o.a.j.t.JMeterThread: Thread finished: 热点参数限流 QPS1 1-431
2024-12-28 15:10:43,963 INFO o.a.j.t.JMeterThread: Thread started: 热点参数限流 QPS1 1-432
2024-12-28 15:10:43,965 INFO o.a.j.t.JMeterThread: Thread is done: 热点参数限流 QPS1 1-432
2024-12-28 15:10:43,965 INFO o.a.j.t.JMeterThread: Thread finished: 热点参数限流 QPS1 1-432
2024-12-28 15:10:43,983 INFO o.a.j.t.JMeterThread: Thread started: 热点参数限流 QPS1 1-433
2024-12-28 15:10:43,985 INFO o.a.j.t.JMeterThread: Thread is done: 热点参数限流 QPS1 1-433
2024-12-28 15:10:43,985 INFO o.a.j.t.JMeterThread: Thread finished: 热点参数限流 QPS1 1-433
2024-12-28 15:10:44,003 INFO o.a.j.t.JMeterThread: Thread started: 热点参数限流 QPS1 1-434
2024-12-28 15:10:44,004 INFO o.a.j.t.JMeterThread: Thread is done: 热点参数限流 QPS1 1-434
2024-12-28 15:10:44,005 INFO o.a.j.t.JMeterThread: Thread finished: 热点参数限流 QPS1 1-434
2024-12-28 15:10:44,023 INFO o.a.j.t.JMeterThread: Thread started: 热点参数限流 QPS1 1-435
2024-12-28 15:10:44,024 INFO o.a.j.t.JMeterThread: Thread is done: 热点参数限流 QPS1 1-435
2024-12-28 15:10:44,024 INFO o.a.j.t.JMeterThread: Thread finished: 热点参数限流 QPS1 1-435
2024-12-28 15:10:44,043 INFO o.a.j.t.JMeterThread: Thread started: 热点参数限流 QPS1 1-436
2024-12-28 15:10:44,045 INFO o.a.j.t.JMeterThread: Thread is done: 热点参数限流 QPS1 1-436
2024-12-28 15:10:44,045 INFO o.a.j.t.JMeterThread: Thread finished: 热点参数限流 QPS1 1-436
2024-12-28 15:10:44,052 INFO o.a.j.t.JMeterThread: Thread is done: 热点参数限流 QPS1 1-6
2024-12-28 15:10:44,052 INFO o.a.j.t.JMeterThread: Thread finished: 热点参数限流 QPS1 1-6
2024-12-28 15:10:44,063 INFO o.a.j.t.JMeterThread: Thread started: 热点参数限流 QPS1 1-437
2024-12-28 15:10:44,083 INFO o.a.j.t.JMeterThread: Thread started: 热点参数限流 QPS1 1-438
2024-12-28 15:10:44,084 INFO o.a.j.t.JMeterThread: Thread is done: 热点参数限流 QPS1 1-438
2024-12-28 15:10:44,084 INFO o.a.j.t.JMeterThread: Thread finished: 热点参数限流 QPS1 1-438
2024-12-28 15:10:44,103 INFO o.a.j.t.JMeterThread: Thread started: 热点参数限流 QPS1 1-439
2024-12-28 15:10:44,105 INFO o.a.j.t.JMeterThread: Thread is done: 热点参数限流 QPS1 1-439
2024-12-28 15:10:44,105 INFO o.a.j.t.JMeterThread: Thread finished: 热点参数限流 QPS1 1-439
2024-12-28 15:10:44,123 INFO o.a.j.t.JMeterThread: Thread started: 热点参数限流 QPS1 1-440
2024-12-28 15:10:44,125 INFO o.a.j.t.JMeterThread: Thread is done: 热点参数限流 QPS1 1-440
2024-12-28 15:10:44,125 INFO o.a.j.t.JMeterThread: Thread finished: 热点参数限流 QPS1 1-440
2024-12-28 15:10:44,143 INFO o.a.j.t.JMeterThread: Thread started: 热点参数限流 QPS1 1-441
2024-12-28 15:10:44,145 INFO o.a.j.t.JMeterThread: Thread is done: 热点参数限流 QPS1 1-441
2024-12-28 15:10:44,145 INFO o.a.j.t.JMeterThread: Thread finished: 热点参数限流 QPS1 1-441
2024-12-28 15:10:44,164 INFO o.a.j.t.JMeterThread: Thread started: 热点参数限流 QPS1 1-442
2024-12-28 15:10:44,165 INFO o.a.j.t.JMeterThread: Thread is done: 热点参数限流 QPS1 1-32
2024-12-28 15:10:44,165 INFO o.a.j.t.JMeterThread: Thread finished: 热点参数限流 QPS1 1-32
2024-12-28 15:10:44,183 INFO o.a.j.t.JMeterThread: Thread started: 热点参数限流 QPS1 1-443
2024-12-28 15:10:44,186 INFO o.a.j.t.JMeterThread: Thread is done: 热点参数限流 QPS1 1-443
2024-12-28 15:10:44,186 INFO o.a.j.t.JMeterThread: Thread finished: 热点参数限流 QPS1 1-443
2024-12-28 15:10:44,203 INFO o.a.j.t.JMeterThread: Thread started: 热点参数限流 QPS1 1-444
2024-12-28 15:10:44,205 INFO o.a.j.t.JMeterThread: Thread is done: 热点参数限流 QPS1 1-444
2024-12-28 15:10:44,205 INFO o.a.j.t.JMeterThread: Thread finished: 热点参数限流 QPS1 1-444
2024-12-28 15:10:44,223 INFO o.a.j.t.JMeterThread: Thread started: 热点参数限流 QPS1 1-445
2024-12-28 15:10:44,225 INFO o.a.j.t.JMeterThread: Thread is done: 热点参数限流 QPS1 1-445
2024-12-28 15:10:44,225 INFO o.a.j.t.JMeterThread: Thread finished: 热点参数限流 QPS1 1-445
2024-12-28 15:10:44,243 INFO o.a.j.t.JMeterThread: Thread started: 热点参数限流 QPS1 1-446
2024-12-28 15:10:44,245 INFO o.a.j.t.JMeterThread: Thread is done: 热点参数限流 QPS1 1-446
2024-12-28 15:10:44,245 INFO o.a.j.t.JMeterThread: Thread finished: 热点参数限流 QPS1 1-446
2024-12-28 15:10:44,263 INFO o.a.j.t.JMeterThread: Thread started: 热点参数限流 QPS1 1-447
2024-12-28 15:10:44,265 INFO o.a.j.t.JMeterThread: Thread is done: 热点参数限流 QPS1 1-447
2024-12-28 15:10:44,265 INFO o.a.j.t.JMeterThread: Thread finished: 热点参数限流 QPS1 1-447
2024-12-28 15:10:44,283 INFO o.a.j.t.JMeterThread: Thread started: 热点参数限流 QPS1 1-448
2024-12-28 15:10:44,285 INFO o.a.j.t.JMeterThread: Thread is done: 热点参数限流 QPS1 1-448
2024-12-28 15:10:44,285 INFO o.a.j.t.JMeterThread: Thread finished: 热点参数限流 QPS1 1-448
2024-12-28 15:10:44,303 INFO o.a.j.t.JMeterThread: Thread started: 热点参数限流 QPS1 1-449
2024-12-28 15:10:44,305 INFO o.a.j.t.JMeterThread: Thread is done: 热点参数限流 QPS1 1-449
2024-12-28 15:10:44,305 INFO o.a.j.t.JMeterThread: Thread finished: 热点参数限流 QPS1 1-449
2024-12-28 15:10:44,323 INFO o.a.j.t.JMeterThread: Thread started: 热点参数限流 QPS1 1-450
2024-12-28 15:10:44,325 INFO o.a.j.t.JMeterThread: Thread is done: 热点参数限流 QPS1 1-450
2024-12-28 15:10:44,325 INFO o.a.j.t.JMeterThread: Thread finished: 热点参数限流 QPS1 1-450
2024-12-28 15:10:44,343 INFO o.a.j.t.JMeterThread: Thread started: 热点参数限流 QPS1 1-451
2024-12-28 15:10:44,364 INFO o.a.j.t.JMeterThread: Thread started: 热点参数限流 QPS1 1-452
2024-12-28 15:10:44,365 INFO o.a.j.t.JMeterThread: Thread is done: 热点参数限流 QPS1 1-34
2024-12-28 15:10:44,366 INFO o.a.j.t.JMeterThread: Thread finished: 热点参数限流 QPS1 1-34
2024-12-28 15:10:44,366 INFO o.a.j.t.JMeterThread: Thread is done: 热点参数限流 QPS1 1-452
2024-12-28 15:10:44,366 INFO o.a.j.t.JMeterThread: Thread finished: 热点参数限流 QPS1 1-452
2024-12-28 15:10:44,383 INFO o.a.j.t.JMeterThread: Thread started: 热点参数限流 QPS1 1-453
2024-12-28 15:10:44,383 INFO o.a.j.t.JMeterThread: Thread is done: 热点参数限流 QPS1 1-453
2024-12-28 15:10:44,383 INFO o.a.j.t.JMeterThread: Thread finished: 热点参数限流 QPS1 1-453
2024-12-28 15:10:44,405 INFO o.a.j.t.JMeterThread: Thread started: 热点参数限流 QPS1 1-454
2024-12-28 15:10:44,406 INFO o.a.j.t.JMeterThread: Thread is done: 热点参数限流 QPS1 1-454
2024-12-28 15:10:44,406 INFO o.a.j.t.JMeterThread: Thread finished: 热点参数限流 QPS1 1-454
2024-12-28 15:10:44,424 INFO o.a.j.t.JMeterThread: Thread started: 热点参数限流 QPS1 1-455
2024-12-28 15:10:44,425 INFO o.a.j.t.JMeterThread: Thread is done: 热点参数限流 QPS1 1-455
2024-12-28 15:10:44,425 INFO o.a.j.t.JMeterThread: Thread finished: 热点参数限流 QPS1 1-455
2024-12-28 15:10:44,444 INFO o.a.j.t.JMeterThread: Thread started: 热点参数限流 QPS1 1-456
2024-12-28 15:10:44,464 INFO o.a.j.t.JMeterThread: Thread started: 热点参数限流 QPS1 1-457
2024-12-28 15:10:44,464 INFO o.a.j.t.JMeterThread: Thread is done: 热点参数限流 QPS1 1-35
2024-12-28 15:10:44,464 INFO o.a.j.t.JMeterThread: Thread finished: 热点参数限流 QPS1 1-35
2024-12-28 15:10:44,465 INFO o.a.j.t.JMeterThread: Thread is done: 热点参数限流 QPS1 1-457
2024-12-28 15:10:44,465 INFO o.a.j.t.JMeterThread: Thread finished: 热点参数限流 QPS1 1-457
2024-12-28 15:10:44,484 INFO o.a.j.t.JMeterThread: Thread started: 热点参数限流 QPS1 1-458
2024-12-28 15:10:44,485 INFO o.a.j.t.JMeterThread: Thread is done: 热点参数限流 QPS1 1-458
2024-12-28 15:10:44,485 INFO o.a.j.t.JMeterThread: Thread finished: 热点参数限流 QPS1 1-458
2024-12-28 15:10:44,504 INFO o.a.j.t.JMeterThread: Thread started: 热点参数限流 QPS1 1-459
2024-12-28 15:10:44,505 INFO o.a.j.t.JMeterThread: Thread is done: 热点参数限流 QPS1 1-459
2024-12-28 15:10:44,505 INFO o.a.j.t.JMeterThread: Thread finished: 热点参数限流 QPS1 1-459
2024-12-28 15:10:44,524 INFO o.a.j.t.JMeterThread: Thread started: 热点参数限流 QPS1 1-460
2024-12-28 15:10:44,525 INFO o.a.j.t.JMeterThread: Thread is done: 热点参数限流 QPS1 1-460
2024-12-28 15:10:44,525 INFO o.a.j.t.JMeterThread: Thread finished: 热点参数限流 QPS1 1-460
2024-12-28 15:10:44,544 INFO o.a.j.t.JMeterThread: Thread started: 热点参数限流 QPS1 1-461
2024-12-28 15:10:44,546 INFO o.a.j.t.JMeterThread: Thread is done: 热点参数限流 QPS1 1-461
2024-12-28 15:10:44,546 INFO o.a.j.t.JMeterThread: Thread finished: 热点参数限流 QPS1 1-461
2024-12-28 15:10:44,564 INFO o.a.j.t.JMeterThread: Thread started: 热点参数限流 QPS1 1-462
2024-12-28 15:10:44,566 INFO o.a.j.t.JMeterThread: Thread is done: 热点参数限流 QPS1 1-462
2024-12-28 15:10:44,566 INFO o.a.j.t.JMeterThread: Thread finished: 热点参数限流 QPS1 1-462
2024-12-28 15:10:44,585 INFO o.a.j.t.JMeterThread: Thread started: 热点参数限流 QPS1 1-463
2024-12-28 15:10:44,585 INFO o.a.j.t.JMeterThread: Thread is done: 热点参数限流 QPS1 1-463
2024-12-28 15:10:44,585 INFO o.a.j.t.JMeterThread: Thread finished: 热点参数限流 QPS1 1-463
2024-12-28 15:10:44,617 INFO o.a.j.t.JMeterThread: Thread started: 热点参数限流 QPS1 1-464
2024-12-28 15:10:44,617 INFO o.a.j.t.JMeterThread: Thread is done: 热点参数限流 QPS1 1-464
2024-12-28 15:10:44,617 INFO o.a.j.t.JMeterThread: Thread finished: 热点参数限流 QPS1 1-464
2024-12-28 15:10:44,633 INFO o.a.j.t.JMeterThread: Thread started: 热点参数限流 QPS1 1-465
2024-12-28 15:10:44,633 INFO o.a.j.t.JMeterThread: Thread is done: 热点参数限流 QPS1 1-465
2024-12-28 15:10:44,633 INFO o.a.j.t.JMeterThread: Thread finished: 热点参数限流 QPS1 1-465
2024-12-28 15:10:44,649 INFO o.a.j.t.JMeterThread: Thread started: 热点参数限流 QPS1 1-466
2024-12-28 15:10:44,664 INFO o.a.j.t.JMeterThread: Thread started: 热点参数限流 QPS1 1-467
2024-12-28 15:10:44,666 INFO o.a.j.t.JMeterThread: Thread is done: 热点参数限流 QPS1 1-467
2024-12-28 15:10:44,666 INFO o.a.j.t.JMeterThread: Thread finished: 热点参数限流 QPS1 1-467
2024-12-28 15:10:44,667 INFO o.a.j.t.JMeterThread: Thread is done: 热点参数限流 QPS1 1-37
2024-12-28 15:10:44,667 INFO o.a.j.t.JMeterThread: Thread finished: 热点参数限流 QPS1 1-37
2024-12-28 15:10:44,685 INFO o.a.j.t.JMeterThread: Thread started: 热点参数限流 QPS1 1-468
2024-12-28 15:10:44,685 INFO o.a.j.t.JMeterThread: Thread is done: 热点参数限流 QPS1 1-468
2024-12-28 15:10:44,685 INFO o.a.j.t.JMeterThread: Thread finished: 热点参数限流 QPS1 1-468
2024-12-28 15:10:44,717 INFO o.a.j.t.JMeterThread: Thread started: 热点参数限流 QPS1 1-469
2024-12-28 15:10:44,717 INFO o.a.j.t.JMeterThread: Thread is done: 热点参数限流 QPS1 1-469
2024-12-28 15:10:44,717 INFO o.a.j.t.JMeterThread: Thread finished: 热点参数限流 QPS1 1-469
2024-12-28 15:10:44,733 INFO o.a.j.t.JMeterThread: Thread started: 热点参数限流 QPS1 1-470
2024-12-28 15:10:44,735 INFO o.a.j.t.JMeterThread: Thread is done: 热点参数限流 QPS1 1-470
2024-12-28 15:10:44,735 INFO o.a.j.t.JMeterThread: Thread finished: 热点参数限流 QPS1 1-470
2024-12-28 15:10:44,744 INFO o.a.j.t.JMeterThread: Thread started: 热点参数限流 QPS1 1-471
2024-12-28 15:10:44,745 INFO o.a.j.t.JMeterThread: Thread is done: 热点参数限流 QPS1 1-471
2024-12-28 15:10:44,745 INFO o.a.j.t.JMeterThread: Thread finished: 热点参数限流 QPS1 1-471
2024-12-28 15:10:44,764 INFO o.a.j.t.JMeterThread: Thread started: 热点参数限流 QPS1 1-472
2024-12-28 15:10:44,766 INFO o.a.j.t.JMeterThread: Thread is done: 热点参数限流 QPS1 1-472
2024-12-28 15:10:44,766 INFO o.a.j.t.JMeterThread: Thread finished: 热点参数限流 QPS1 1-472
2024-12-28 15:10:44,785 INFO o.a.j.t.JMeterThread: Thread started: 热点参数限流 QPS1 1-473
2024-12-28 15:10:44,785 INFO o.a.j.t.JMeterThread: Thread is done: 热点参数限流 QPS1 1-473
2024-12-28 15:10:44,785 INFO o.a.j.t.JMeterThread: Thread finished: 热点参数限流 QPS1 1-473
2024-12-28 15:10:44,817 INFO o.a.j.t.JMeterThread: Thread started: 热点参数限流 QPS1 1-474
2024-12-28 15:10:44,817 INFO o.a.j.t.JMeterThread: Thread is done: 热点参数限流 QPS1 1-474
2024-12-28 15:10:44,817 INFO o.a.j.t.JMeterThread: Thread finished: 热点参数限流 QPS1 1-474
2024-12-28 15:10:44,833 INFO o.a.j.t.JMeterThread: Thread started: 热点参数限流 QPS1 1-475
2024-12-28 15:10:44,833 INFO o.a.j.t.JMeterThread: Thread is done: 热点参数限流 QPS1 1-475
2024-12-28 15:10:44,833 INFO o.a.j.t.JMeterThread: Thread finished: 热点参数限流 QPS1 1-475
2024-12-28 15:10:44,849 INFO o.a.j.t.JMeterThread: Thread started: 热点参数限流 QPS1 1-476
2024-12-28 15:10:44,849 INFO o.a.j.t.JMeterThread: Thread is done: 热点参数限流 QPS1 1-39
2024-12-28 15:10:44,849 INFO o.a.j.t.JMeterThread: Thread finished: 热点参数限流 QPS1 1-39
2024-12-28 15:10:44,864 INFO o.a.j.t.JMeterThread: Thread started: 热点参数限流 QPS1 1-477
2024-12-28 15:10:44,864 INFO o.a.j.t.JMeterThread: Thread is done: 热点参数限流 QPS1 1-477
2024-12-28 15:10:44,864 INFO o.a.j.t.JMeterThread: Thread finished: 热点参数限流 QPS1 1-477
2024-12-28 15:10:44,895 INFO o.a.j.t.JMeterThread: Thread started: 热点参数限流 QPS1 1-478
2024-12-28 15:10:44,895 INFO o.a.j.t.JMeterThread: Thread is done: 热点参数限流 QPS1 1-478
2024-12-28 15:10:44,895 INFO o.a.j.t.JMeterThread: Thread finished: 热点参数限流 QPS1 1-478
2024-12-28 15:10:44,912 INFO o.a.j.t.JMeterThread: Thread started: 热点参数限流 QPS1 1-479
2024-12-28 15:10:44,912 INFO o.a.j.t.JMeterThread: Thread is done: 热点参数限流 QPS1 1-479
2024-12-28 15:10:44,912 INFO o.a.j.t.JMeterThread: Thread finished: 热点参数限流 QPS1 1-479
2024-12-28 15:10:44,928 INFO o.a.j.t.JMeterThread: Thread started: 热点参数限流 QPS1 1-480
2024-12-28 15:10:44,928 INFO o.a.j.t.JMeterThread: Thread is done: 热点参数限流 QPS1 1-480
2024-12-28 15:10:44,928 INFO o.a.j.t.JMeterThread: Thread finished: 热点参数限流 QPS1 1-480
2024-12-28 15:10:44,959 INFO o.a.j.t.JMeterThread: Thread started: 热点参数限流 QPS1 1-481
2024-12-28 15:10:44,959 INFO o.a.j.t.JMeterThread: Thread is done: 热点参数限流 QPS1 1-231
2024-12-28 15:10:44,959 INFO o.a.j.t.JMeterThread: Thread finished: 热点参数限流 QPS1 1-231
2024-12-28 15:10:44,974 INFO o.a.j.t.JMeterThread: Thread started: 热点参数限流 QPS1 1-482
2024-12-28 15:10:44,974 INFO o.a.j.t.JMeterThread: Thread is done: 热点参数限流 QPS1 1-482
2024-12-28 15:10:44,974 INFO o.a.j.t.JMeterThread: Thread finished: 热点参数限流 QPS1 1-482
2024-12-28 15:10:44,990 INFO o.a.j.t.JMeterThread: Thread started: 热点参数限流 QPS1 1-483
2024-12-28 15:10:44,990 INFO o.a.j.t.JMeterThread: Thread is done: 热点参数限流 QPS1 1-483
2024-12-28 15:10:44,990 INFO o.a.j.t.JMeterThread: Thread finished: 热点参数限流 QPS1 1-483
2024-12-28 15:10:45,006 INFO o.a.j.t.JMeterThread: Thread started: 热点参数限流 QPS1 1-484
2024-12-28 15:10:45,006 INFO o.a.j.t.JMeterThread: Thread is done: 热点参数限流 QPS1 1-484
2024-12-28 15:10:45,006 INFO o.a.j.t.JMeterThread: Thread finished: 热点参数限流 QPS1 1-484
2024-12-28 15:10:45,037 INFO o.a.j.t.JMeterThread: Thread started: 热点参数限流 QPS1 1-485
2024-12-28 15:10:45,037 INFO o.a.j.t.JMeterThread: Thread is done: 热点参数限流 QPS1 1-485
2024-12-28 15:10:45,037 INFO o.a.j.t.JMeterThread: Thread finished: 热点参数限流 QPS1 1-485
2024-12-28 15:10:45,053 INFO o.a.j.t.JMeterThread: Thread started: 热点参数限流 QPS1 1-486
2024-12-28 15:10:45,053 INFO o.a.j.t.JMeterThread: Thread is done: 热点参数限流 QPS1 1-7
2024-12-28 15:10:45,053 INFO o.a.j.t.JMeterThread: Thread finished: 热点参数限流 QPS1 1-7
2024-12-28 15:10:45,069 INFO o.a.j.t.JMeterThread: Thread started: 热点参数限流 QPS1 1-487
2024-12-28 15:10:45,069 INFO o.a.j.t.JMeterThread: Thread is done: 热点参数限流 QPS1 1-487
2024-12-28 15:10:45,069 INFO o.a.j.t.JMeterThread: Thread finished: 热点参数限流 QPS1 1-487
2024-12-28 15:10:45,084 INFO o.a.j.t.JMeterThread: Thread started: 热点参数限流 QPS1 1-488
2024-12-28 15:10:45,084 INFO o.a.j.t.JMeterThread: Thread is done: 热点参数限流 QPS1 1-488
2024-12-28 15:10:45,084 INFO o.a.j.t.JMeterThread: Thread finished: 热点参数限流 QPS1 1-488
2024-12-28 15:10:45,116 INFO o.a.j.t.JMeterThread: Thread started: 热点参数限流 QPS1 1-489
2024-12-28 15:10:45,116 INFO o.a.j.t.JMeterThread: Thread is done: 热点参数限流 QPS1 1-489
2024-12-28 15:10:45,116 INFO o.a.j.t.JMeterThread: Thread finished: 热点参数限流 QPS1 1-489
2024-12-28 15:10:45,131 INFO o.a.j.t.JMeterThread: Thread started: 热点参数限流 QPS1 1-490
2024-12-28 15:10:45,131 INFO o.a.j.t.JMeterThread: Thread is done: 热点参数限流 QPS1 1-490
2024-12-28 15:10:45,131 INFO o.a.j.t.JMeterThread: Thread finished: 热点参数限流 QPS1 1-490
2024-12-28 15:10:45,147 INFO o.a.j.t.JMeterThread: Thread started: 热点参数限流 QPS1 1-491
2024-12-28 15:10:45,147 INFO o.a.j.t.JMeterThread: Thread is done: 热点参数限流 QPS1 1-41
2024-12-28 15:10:45,147 INFO o.a.j.t.JMeterThread: Thread finished: 热点参数限流 QPS1 1-41
2024-12-28 15:10:45,178 INFO o.a.j.t.JMeterThread: Thread started: 热点参数限流 QPS1 1-492
2024-12-28 15:10:45,178 INFO o.a.j.t.JMeterThread: Thread is done: 热点参数限流 QPS1 1-492
2024-12-28 15:10:45,178 INFO o.a.j.t.JMeterThread: Thread finished: 热点参数限流 QPS1 1-492
2024-12-28 15:10:45,194 INFO o.a.j.t.JMeterThread: Thread started: 热点参数限流 QPS1 1-493
2024-12-28 15:10:45,194 INFO o.a.j.t.JMeterThread: Thread is done: 热点参数限流 QPS1 1-493
2024-12-28 15:10:45,194 INFO o.a.j.t.JMeterThread: Thread finished: 热点参数限流 QPS1 1-493
2024-12-28 15:10:45,210 INFO o.a.j.t.JMeterThread: Thread started: 热点参数限流 QPS1 1-494
2024-12-28 15:10:45,210 INFO o.a.j.t.JMeterThread: Thread is done: 热点参数限流 QPS1 1-494
2024-12-28 15:10:45,210 INFO o.a.j.t.JMeterThread: Thread finished: 热点参数限流 QPS1 1-494
2024-12-28 15:10:45,225 INFO o.a.j.t.JMeterThread: Thread started: 热点参数限流 QPS1 1-495
2024-12-28 15:10:45,225 INFO o.a.j.t.JMeterThread: Thread is done: 热点参数限流 QPS1 1-495
2024-12-28 15:10:45,225 INFO o.a.j.t.JMeterThread: Thread finished: 热点参数限流 QPS1 1-495
2024-12-28 15:10:45,257 INFO o.a.j.t.JMeterThread: Thread started: 热点参数限流 QPS1 1-496
2024-12-28 15:10:45,260 INFO o.a.j.t.JMeterThread: Thread is done: 热点参数限流 QPS1 1-42
2024-12-28 15:10:45,260 INFO o.a.j.t.JMeterThread: Thread finished: 热点参数限流 QPS1 1-42
2024-12-28 15:10:45,264 INFO o.a.j.t.JMeterThread: Thread started: 热点参数限流 QPS1 1-497
2024-12-28 15:10:45,265 INFO o.a.j.t.JMeterThread: Thread is done: 热点参数限流 QPS1 1-497
2024-12-28 15:10:45,265 INFO o.a.j.t.JMeterThread: Thread finished: 热点参数限流 QPS1 1-497
2024-12-28 15:10:45,284 INFO o.a.j.t.JMeterThread: Thread started: 热点参数限流 QPS1 1-498
2024-12-28 15:10:45,286 INFO o.a.j.t.JMeterThread: Thread is done: 热点参数限流 QPS1 1-498
2024-12-28 15:10:45,286 INFO o.a.j.t.JMeterThread: Thread finished: 热点参数限流 QPS1 1-498
2024-12-28 15:10:45,305 INFO o.a.j.t.JMeterThread: Thread started: 热点参数限流 QPS1 1-499
2024-12-28 15:10:45,305 INFO o.a.j.t.JMeterThread: Thread is done: 热点参数限流 QPS1 1-499
2024-12-28 15:10:45,305 INFO o.a.j.t.JMeterThread: Thread finished: 热点参数限流 QPS1 1-499
2024-12-28 15:10:45,335 INFO o.a.j.t.JMeterThread: Thread started: 热点参数限流 QPS1 1-500
2024-12-28 15:10:45,335 INFO o.a.j.t.JMeterThread: Thread is done: 热点参数限流 QPS1 1-500
2024-12-28 15:10:45,335 INFO o.a.j.t.JMeterThread: Thread finished: 热点参数限流 QPS1 1-500
2024-12-28 15:10:47,250 INFO o.a.j.t.JMeterThread: Thread is done: 热点参数限流 QPS1 1-346
2024-12-28 15:10:47,250 INFO o.a.j.t.JMeterThread: Thread finished: 热点参数限流 QPS1 1-346
2024-12-28 15:10:47,953 INFO o.a.j.t.JMeterThread: Thread is done: 热点参数限流 QPS1 1-381
2024-12-28 15:10:47,953 INFO o.a.j.t.JMeterThread: Thread finished: 热点参数限流 QPS1 1-381
2024-12-28 15:10:48,356 INFO o.a.j.t.JMeterThread: Thread is done: 热点参数限流 QPS1 1-401
2024-12-28 15:10:48,356 INFO o.a.j.t.JMeterThread: Thread finished: 热点参数限流 QPS1 1-401
2024-12-28 15:10:48,556 INFO o.a.j.t.JMeterThread: Thread is done: 热点参数限流 QPS1 1-27
2024-12-28 15:10:48,556 INFO o.a.j.t.JMeterThread: Thread finished: 热点参数限流 QPS1 1-27
2024-12-28 15:10:48,855 INFO o.a.j.t.JMeterThread: Thread is done: 热点参数限流 QPS1 1-30
2024-12-28 15:10:48,855 INFO o.a.j.t.JMeterThread: Thread finished: 热点参数限流 QPS1 1-30
2024-12-28 15:10:48,954 INFO o.a.j.t.JMeterThread: Thread is done: 热点参数限流 QPS1 1-31
2024-12-28 15:10:48,954 INFO o.a.j.t.JMeterThread: Thread finished: 热点参数限流 QPS1 1-31
2024-12-28 15:10:49,254 INFO o.a.j.t.JMeterThread: Thread is done: 热点参数限流 QPS1 1-196
2024-12-28 15:10:49,254 INFO o.a.j.t.JMeterThread: Thread finished: 热点参数限流 QPS1 1-196
2024-12-28 15:10:49,350 INFO o.a.j.t.JMeterThread: Thread is done: 热点参数限流 QPS1 1-451
2024-12-28 15:10:49,350 INFO o.a.j.t.JMeterThread: Thread finished: 热点参数限流 QPS1 1-451
2024-12-28 15:10:49,555 INFO o.a.j.t.JMeterThread: Thread is done: 热点参数限流 QPS1 1-36
2024-12-28 15:10:49,555 INFO o.a.j.t.JMeterThread: Thread finished: 热点参数限流 QPS1 1-36
2024-12-28 15:10:50,356 INFO o.a.j.t.JMeterThread: Thread is done: 热点参数限流 QPS1 1-43
2024-12-28 15:10:50,356 INFO o.a.j.t.JMeterThread: Thread finished: 热点参数限流 QPS1 1-43
2024-12-28 15:10:50,452 INFO o.a.j.t.JMeterThread: Thread is done: 热点参数限流 QPS1 1-44
2024-12-28 15:10:50,452 INFO o.a.j.t.JMeterThread: Thread finished: 热点参数限流 QPS1 1-44
2024-12-28 15:10:50,555 INFO o.a.j.t.JMeterThread: Thread is done: 热点参数限流 QPS1 1-45
2024-12-28 15:10:50,555 INFO o.a.j.t.JMeterThread: Thread finished: 热点参数限流 QPS1 1-45
2024-12-28 15:10:50,753 INFO o.a.j.t.JMeterThread: Thread is done: 热点参数限流 QPS1 1-46
2024-12-28 15:10:50,753 INFO o.a.j.t.JMeterThread: Thread finished: 热点参数限流 QPS1 1-46
2024-12-28 15:10:50,855 INFO o.a.j.t.JMeterThread: Thread is done: 热点参数限流 QPS1 1-47
2024-12-28 15:10:50,855 INFO o.a.j.t.JMeterThread: Thread finished: 热点参数限流 QPS1 1-47
2024-12-28 15:10:50,953 INFO o.a.j.t.JMeterThread: Thread is done: 热点参数限流 QPS1 1-48
2024-12-28 15:10:50,953 INFO o.a.j.t.JMeterThread: Thread finished: 热点参数限流 QPS1 1-48
2024-12-28 15:10:51,056 INFO o.a.j.t.JMeterThread: Thread is done: 热点参数限流 QPS1 1-49
2024-12-28 15:10:51,056 INFO o.a.j.t.JMeterThread: Thread finished: 热点参数限流 QPS1 1-49
2024-12-28 15:10:51,154 INFO o.a.j.t.JMeterThread: Thread is done: 热点参数限流 QPS1 1-50
2024-12-28 15:10:51,154 INFO o.a.j.t.JMeterThread: Thread finished: 热点参数限流 QPS1 1-50
2024-12-28 15:10:51,354 INFO o.a.j.t.JMeterThread: Thread is done: 热点参数限流 QPS1 1-51
2024-12-28 15:10:51,354 INFO o.a.j.t.JMeterThread: Thread finished: 热点参数限流 QPS1 1-51
2024-12-28 15:10:51,456 INFO o.a.j.t.JMeterThread: Thread is done: 热点参数限流 QPS1 1-56
2024-12-28 15:10:51,456 INFO o.a.j.t.JMeterThread: Thread finished: 热点参数限流 QPS1 1-56
2024-12-28 15:10:51,656 INFO o.a.j.t.JMeterThread: Thread is done: 热点参数限流 QPS1 1-66
2024-12-28 15:10:51,656 INFO o.a.j.t.JMeterThread: Thread finished: 热点参数限流 QPS1 1-66
2024-12-28 15:10:51,753 INFO o.a.j.t.JMeterThread: Thread is done: 热点参数限流 QPS1 1-71
2024-12-28 15:10:51,753 INFO o.a.j.t.JMeterThread: Thread finished: 热点参数限流 QPS1 1-71
2024-12-28 15:10:51,855 INFO o.a.j.t.JMeterThread: Thread is done: 热点参数限流 QPS1 1-76
2024-12-28 15:10:51,855 INFO o.a.j.t.JMeterThread: Thread finished: 热点参数限流 QPS1 1-76
2024-12-28 15:10:51,956 INFO o.a.j.t.JMeterThread: Thread is done: 热点参数限流 QPS1 1-81
2024-12-28 15:10:51,956 INFO o.a.j.t.JMeterThread: Thread finished: 热点参数限流 QPS1 1-81
2024-12-28 15:10:52,054 INFO o.a.j.t.JMeterThread: Thread is done: 热点参数限流 QPS1 1-86
2024-12-28 15:10:52,054 INFO o.a.j.t.JMeterThread: Thread finished: 热点参数限流 QPS1 1-86
2024-12-28 15:10:52,150 INFO o.a.j.t.JMeterThread: Thread is done: 热点参数限流 QPS1 1-91
2024-12-28 15:10:52,150 INFO o.a.j.t.JMeterThread: Thread finished: 热点参数限流 QPS1 1-91
2024-12-28 15:10:52,254 INFO o.a.j.t.JMeterThread: Thread is done: 热点参数限流 QPS1 1-101
2024-12-28 15:10:52,254 INFO o.a.j.t.JMeterThread: Thread finished: 热点参数限流 QPS1 1-101
2024-12-28 15:10:52,453 INFO o.a.j.t.JMeterThread: Thread is done: 热点参数限流 QPS1 1-111
2024-12-28 15:10:52,454 INFO o.a.j.t.JMeterThread: Thread finished: 热点参数限流 QPS1 1-111
2024-12-28 15:10:52,653 INFO o.a.j.t.JMeterThread: Thread is done: 热点参数限流 QPS1 1-121
2024-12-28 15:10:52,653 INFO o.a.j.t.JMeterThread: Thread finished: 热点参数限流 QPS1 1-121
2024-12-28 15:10:52,756 INFO o.a.j.t.JMeterThread: Thread is done: 热点参数限流 QPS1 1-126
2024-12-28 15:10:52,756 INFO o.a.j.t.JMeterThread: Thread finished: 热点参数限流 QPS1 1-126
2024-12-28 15:10:52,855 INFO o.a.j.t.JMeterThread: Thread is done: 热点参数限流 QPS1 1-136
2024-12-28 15:10:52,855 INFO o.a.j.t.JMeterThread: Thread finished: 热点参数限流 QPS1 1-136
2024-12-28 15:10:52,954 INFO o.a.j.t.JMeterThread: Thread is done: 热点参数限流 QPS1 1-141
2024-12-28 15:10:52,954 INFO o.a.j.t.JMeterThread: Thread finished: 热点参数限流 QPS1 1-141
2024-12-28 15:10:53,053 INFO o.a.j.t.JMeterThread: Thread is done: 热点参数限流 QPS1 1-146
2024-12-28 15:10:53,054 INFO o.a.j.t.JMeterThread: Thread finished: 热点参数限流 QPS1 1-146
2024-12-28 15:10:53,356 INFO o.a.j.t.JMeterThread: Thread is done: 热点参数限流 QPS1 1-171
2024-12-28 15:10:53,356 INFO o.a.j.t.JMeterThread: Thread finished: 热点参数限流 QPS1 1-171
2024-12-28 15:10:53,852 INFO o.a.j.t.JMeterThread: Thread is done: 热点参数限流 QPS1 1-221
2024-12-28 15:10:53,852 INFO o.a.j.t.JMeterThread: Thread finished: 热点参数限流 QPS1 1-221
2024-12-28 15:10:54,456 INFO o.a.j.t.JMeterThread: Thread is done: 热点参数限流 QPS1 1-266
2024-12-28 15:10:54,456 INFO o.a.j.t.JMeterThread: Thread finished: 热点参数限流 QPS1 1-266
2024-12-28 15:10:54,553 INFO o.a.j.t.JMeterThread: Thread is done: 热点参数限流 QPS1 1-296
2024-12-28 15:10:54,554 INFO o.a.j.t.JMeterThread: Thread finished: 热点参数限流 QPS1 1-296
2024-12-28 15:10:54,656 INFO o.a.j.t.JMeterThread: Thread is done: 热点参数限流 QPS1 1-311
2024-12-28 15:10:54,656 INFO o.a.j.t.JMeterThread: Thread finished: 热点参数限流 QPS1 1-311
2024-12-28 15:10:54,753 INFO o.a.j.t.JMeterThread: Thread is done: 热点参数限流 QPS1 1-356
2024-12-28 15:10:54,753 INFO o.a.j.t.JMeterThread: Thread finished: 热点参数限流 QPS1 1-356
2024-12-28 15:10:54,855 INFO o.a.j.t.JMeterThread: Thread is done: 热点参数限流 QPS1 1-366
2024-12-28 15:10:54,855 INFO o.a.j.t.JMeterThread: Thread finished: 热点参数限流 QPS1 1-366
2024-12-28 15:10:54,954 INFO o.a.j.t.JMeterThread: Thread is done: 热点参数限流 QPS1 1-407
2024-12-28 15:10:54,955 INFO o.a.j.t.JMeterThread: Thread finished: 热点参数限流 QPS1 1-407
2024-12-28 15:10:55,054 INFO o.a.j.t.JMeterThread: Thread is done: 热点参数限流 QPS1 1-416
2024-12-28 15:10:55,054 INFO o.a.j.t.JMeterThread: Thread finished: 热点参数限流 QPS1 1-416
2024-12-28 15:10:55,154 INFO o.a.j.t.JMeterThread: Thread is done: 热点参数限流 QPS1 1-437
2024-12-28 15:10:55,154 INFO o.a.j.t.JMeterThread: Thread finished: 热点参数限流 QPS1 1-437
2024-12-28 15:10:55,254 INFO o.a.j.t.JMeterThread: Thread is done: 热点参数限流 QPS1 1-442
2024-12-28 15:10:55,254 INFO o.a.j.t.JMeterThread: Thread finished: 热点参数限流 QPS1 1-442
2024-12-28 15:10:55,355 INFO o.a.j.t.JMeterThread: Thread is done: 热点参数限流 QPS1 1-456
2024-12-28 15:10:55,355 INFO o.a.j.t.JMeterThread: Thread finished: 热点参数限流 QPS1 1-456
2024-12-28 15:10:55,454 INFO o.a.j.t.JMeterThread: Thread is done: 热点参数限流 QPS1 1-466
2024-12-28 15:10:55,455 INFO o.a.j.t.JMeterThread: Thread finished: 热点参数限流 QPS1 1-466
2024-12-28 15:10:55,555 INFO o.a.j.t.JMeterThread: Thread is done: 热点参数限流 QPS1 1-476
2024-12-28 15:10:55,555 INFO o.a.j.t.JMeterThread: Thread finished: 热点参数限流 QPS1 1-476
2024-12-28 15:10:55,652 INFO o.a.j.t.JMeterThread: Thread is done: 热点参数限流 QPS1 1-481
2024-12-28 15:10:55,652 INFO o.a.j.t.JMeterThread: Thread finished: 热点参数限流 QPS1 1-481
2024-12-28 15:10:55,752 INFO o.a.j.t.JMeterThread: Thread is done: 热点参数限流 QPS1 1-486
2024-12-28 15:10:55,752 INFO o.a.j.t.JMeterThread: Thread finished: 热点参数限流 QPS1 1-486
2024-12-28 15:10:55,855 INFO o.a.j.t.JMeterThread: Thread is done: 热点参数限流 QPS1 1-491
2024-12-28 15:10:55,855 INFO o.a.j.t.JMeterThread: Thread finished: 热点参数限流 QPS1 1-491
2024-12-28 15:10:55,953 INFO o.a.j.t.JMeterThread: Thread is done: 热点参数限流 QPS1 1-496
2024-12-28 15:10:55,953 INFO o.a.j.t.JMeterThread: Thread finished: 热点参数限流 QPS1 1-496
2024-12-28 15:10:55,953 INFO o.a.j.e.StandardJMeterEngine: Notifying test listeners of end of test
2024-12-28 15:10:55,953 INFO o.a.j.g.u.JMeterMenuBar: setRunning(false, *local*)
2024-12-28 15:54:55,133 ERROR o.a.j.JMeter: Uncaught exception in thread Thread[AWT-EventQueue-0,6,main]
java.lang.NoClassDefFoundError: Could not initialize class org.apache.jmeter.gui.util.FileDialoger
	at org.apache.jmeter.gui.action.Load.doActionAfterCheck(Load.java:75) ~[ApacheJMeter_core.jar:5.4.1]
	at org.apache.jmeter.gui.action.AbstractActionWithNoRunningTest.doAction(AbstractActionWithNoRunningTest.java:44) ~[ApacheJMeter_core.jar:5.4.1]
	at org.apache.jmeter.gui.action.ActionRouter.performAction(ActionRouter.java:87) ~[ApacheJMeter_core.jar:5.4.1]
	at org.apache.jmeter.gui.action.ActionRouter.lambda$actionPerformed$0(ActionRouter.java:69) ~[ApacheJMeter_core.jar:5.4.1]
	at java.awt.event.InvocationEvent.dispatch(InvocationEvent.java:318) ~[?:?]
	at java.awt.EventQueue.dispatchEventImpl(EventQueue.java:771) ~[?:?]
	at java.awt.EventQueue$4.run(EventQueue.java:722) ~[?:?]
	at java.awt.EventQueue$4.run(EventQueue.java:716) ~[?:?]
	at java.security.AccessController.doPrivileged(AccessController.java:399) ~[?:?]
	at java.security.ProtectionDomain$JavaSecurityAccessImpl.doIntersectionPrivilege(ProtectionDomain.java:86) ~[?:?]
	at java.awt.EventQueue.dispatchEvent(EventQueue.java:741) ~[?:?]
	at java.awt.EventDispatchThread.pumpOneEventForFilters(EventDispatchThread.java:203) [?:?]
	at java.awt.EventDispatchThread.pumpEventsForFilter(EventDispatchThread.java:124) [?:?]
	at java.awt.EventDispatchThread.pumpEventsForHierarchy(EventDispatchThread.java:113) [?:?]
	at java.awt.EventDispatchThread.pumpEvents(EventDispatchThread.java:109) [?:?]
	at java.awt.EventDispatchThread.pumpEvents(EventDispatchThread.java:101) [?:?]
	at java.awt.EventDispatchThread.run(EventDispatchThread.java:90) [?:?]
Caused by: java.lang.ExceptionInInitializerError: Exception java.lang.IllegalAccessError: class com.github.weisj.darklaf.ui.filechooser.DarkFilePaneUIBridge$DetailsTableModel (in unnamed module @0x6646153) cannot access class sun.awt.shell.ShellFolder (in module java.desktop) because module java.desktop does not export sun.awt.shell to unnamed module @0x6646153 [in thread "AWT-EventQueue-0"]
	at com.github.weisj.darklaf.ui.filechooser.DarkFilePaneUIBridge$DetailsTableModel.updateColumnInfo(DarkFilePaneUIBridge.java:1128) ~[darklaf-core-2.5.4.jar:2.5.4]
	at com.github.weisj.darklaf.ui.filechooser.DarkFilePaneUIBridge$DetailsTableModel.<init>(DarkFilePaneUIBridge.java:1115) ~[darklaf-core-2.5.4.jar:2.5.4]
	at com.github.weisj.darklaf.ui.filechooser.DarkFilePaneUIBridge.getDetailsTableModel(DarkFilePaneUIBridge.java:576) ~[darklaf-core-2.5.4.jar:2.5.4]
	at com.github.weisj.darklaf.ui.filechooser.DarkFilePaneUIBridge$SortableListModel.<init>(DarkFilePaneUIBridge.java:1079) ~[darklaf-core-2.5.4.jar:2.5.4]
	at com.github.weisj.darklaf.ui.filechooser.DarkFilePane.createList(DarkFilePane.java:137) ~[darklaf-core-2.5.4.jar:2.5.4]
	at com.github.weisj.darklaf.ui.filechooser.DarkFileChooserUIBridge.createList(DarkFileChooserUIBridge.java:585) ~[darklaf-core-2.5.4.jar:2.5.4]
	at com.github.weisj.darklaf.ui.filechooser.DarkFileChooserUIBridge$MetalFileChooserUIAccessor.createList(DarkFileChooserUIBridge.java:750) ~[darklaf-core-2.5.4.jar:2.5.4]
	at com.github.weisj.darklaf.ui.filechooser.DarkFilePaneUIBridge.setViewType(DarkFilePaneUIBridge.java:376) ~[darklaf-core-2.5.4.jar:2.5.4]
	at com.github.weisj.darklaf.ui.filechooser.DarkFilePaneUIBridge.propertyChange(DarkFilePaneUIBridge.java:890) ~[darklaf-core-2.5.4.jar:2.5.4]
	at java.beans.PropertyChangeSupport.fire(PropertyChangeSupport.java:343) ~[?:?]
	at java.beans.PropertyChangeSupport.firePropertyChange(PropertyChangeSupport.java:335) ~[?:?]
	at java.beans.PropertyChangeSupport.firePropertyChange(PropertyChangeSupport.java:268) ~[?:?]
	at java.awt.Component.firePropertyChange(Component.java:8722) ~[?:?]
	at javax.swing.JComponent.setUI(JComponent.java:733) ~[?:?]
	at javax.swing.JFileChooser.updateUI(JFileChooser.java:1839) ~[?:?]
	at javax.swing.JFileChooser.setup(JFileChooser.java:396) ~[?:?]
	at javax.swing.JFileChooser.<init>(JFileChooser.java:362) ~[?:?]
	at javax.swing.JFileChooser.<init>(JFileChooser.java:309) ~[?:?]
	at org.apache.jmeter.gui.util.FileDialoger.<clinit>(FileDialoger.java:42) ~[ApacheJMeter_core.jar:5.4.1]
	... 17 more
2024-12-28 15:55:32,798 INFO o.a.j.g.a.Load: Loading file: D:\Major Design\software\jmeter\sentinel测试.jmx
2024-12-28 15:55:32,798 INFO o.a.j.s.FileServer: Set new base='D:\Major Design\software\jmeter'
2024-12-28 15:55:32,798 INFO o.a.j.s.SaveService: Loading file: D:\Major Design\software\jmeter\sentinel测试.jmx
2024-12-28 15:55:32,819 INFO o.a.j.v.ViewResultsFullVisualizer: Add JavaFX to your Java installation if you want to use renderer: org.apache.jmeter.visualizers.RenderInBrowser
2024-12-28 15:55:32,853 INFO o.a.j.v.ViewResultsFullVisualizer: Add JavaFX to your Java installation if you want to use renderer: org.apache.jmeter.visualizers.RenderInBrowser
2024-12-28 15:55:32,885 INFO o.a.j.v.ViewResultsFullVisualizer: Add JavaFX to your Java installation if you want to use renderer: org.apache.jmeter.visualizers.RenderInBrowser
2024-12-28 15:55:32,911 INFO o.a.j.v.ViewResultsFullVisualizer: Add JavaFX to your Java installation if you want to use renderer: org.apache.jmeter.visualizers.RenderInBrowser
2024-12-28 15:55:32,938 INFO o.a.j.v.ViewResultsFullVisualizer: Add JavaFX to your Java installation if you want to use renderer: org.apache.jmeter.visualizers.RenderInBrowser
2024-12-28 15:55:32,962 INFO o.a.j.v.ViewResultsFullVisualizer: Add JavaFX to your Java installation if you want to use renderer: org.apache.jmeter.visualizers.RenderInBrowser
2024-12-28 15:55:32,987 INFO o.a.j.v.ViewResultsFullVisualizer: Add JavaFX to your Java installation if you want to use renderer: org.apache.jmeter.visualizers.RenderInBrowser
2024-12-28 15:55:33,007 INFO o.a.j.v.ViewResultsFullVisualizer: Add JavaFX to your Java installation if you want to use renderer: org.apache.jmeter.visualizers.RenderInBrowser
2024-12-28 15:55:33,028 INFO o.a.j.v.ViewResultsFullVisualizer: Add JavaFX to your Java installation if you want to use renderer: org.apache.jmeter.visualizers.RenderInBrowser
2024-12-28 15:55:33,051 INFO o.a.j.v.ViewResultsFullVisualizer: Add JavaFX to your Java installation if you want to use renderer: org.apache.jmeter.visualizers.RenderInBrowser
2024-12-28 15:55:33,072 INFO o.a.j.s.FileServer: Set new base='D:\Major Design\software\jmeter'
2024-12-28 15:55:33,072 ERROR o.a.j.JMeter: Uncaught exception in thread Thread[AWT-EventQueue-0,6,main]
java.lang.NoClassDefFoundError: Could not initialize class org.apache.jmeter.gui.util.FileDialoger
	at org.apache.jmeter.gui.action.Load.loadProjectFile(Load.java:156) ~[ApacheJMeter_core.jar:5.4.1]
	at org.apache.jmeter.gui.action.Load.loadProjectFile(Load.java:101) ~[ApacheJMeter_core.jar:5.4.1]
	at org.apache.jmeter.gui.action.LoadDraggedFile.loadProject(LoadDraggedFile.java:37) ~[ApacheJMeter_core.jar:5.4.1]
	at org.apache.jmeter.gui.MainFrame.openJmxFilesFromDragAndDrop(MainFrame.java:855) ~[ApacheJMeter_core.jar:5.4.1]
	at org.apache.jmeter.gui.MainFrame.drop(MainFrame.java:830) ~[ApacheJMeter_core.jar:5.4.1]
	at java.awt.dnd.DropTarget.drop(DropTarget.java:455) ~[?:?]
	at sun.awt.dnd.SunDropTargetContextPeer.processDropMessage(SunDropTargetContextPeer.java:548) ~[?:?]
	at sun.awt.dnd.SunDropTargetContextPeer$EventDispatcher.dispatchDropEvent(SunDropTargetContextPeer.java:864) ~[?:?]
	at sun.awt.dnd.SunDropTargetContextPeer$EventDispatcher.dispatchEvent(SunDropTargetContextPeer.java:788) ~[?:?]
	at sun.awt.dnd.SunDropTargetEvent.dispatch(SunDropTargetEvent.java:48) ~[?:?]
	at java.awt.Component.dispatchEventImpl(Component.java:4866) ~[?:?]
	at java.awt.Container.dispatchEventImpl(Container.java:2324) ~[?:?]
	at java.awt.Window.dispatchEventImpl(Window.java:2780) ~[?:?]
	at java.awt.Component.dispatchEvent(Component.java:4833) ~[?:?]
	at java.awt.EventQueue.dispatchEventImpl(EventQueue.java:773) ~[?:?]
	at java.awt.EventQueue$4.run(EventQueue.java:722) ~[?:?]
	at java.awt.EventQueue$4.run(EventQueue.java:716) ~[?:?]
	at java.security.AccessController.doPrivileged(AccessController.java:399) ~[?:?]
	at java.security.ProtectionDomain$JavaSecurityAccessImpl.doIntersectionPrivilege(ProtectionDomain.java:86) ~[?:?]
	at java.security.ProtectionDomain$JavaSecurityAccessImpl.doIntersectionPrivilege(ProtectionDomain.java:97) ~[?:?]
	at java.awt.EventQueue$5.run(EventQueue.java:746) ~[?:?]
	at java.awt.EventQueue$5.run(EventQueue.java:744) ~[?:?]
	at java.security.AccessController.doPrivileged(AccessController.java:399) ~[?:?]
	at java.security.ProtectionDomain$JavaSecurityAccessImpl.doIntersectionPrivilege(ProtectionDomain.java:86) ~[?:?]
	at java.awt.EventQueue.dispatchEvent(EventQueue.java:743) ~[?:?]
	at java.awt.EventDispatchThread.pumpOneEventForFilters(EventDispatchThread.java:203) [?:?]
	at java.awt.EventDispatchThread.pumpEventsForFilter(EventDispatchThread.java:124) [?:?]
	at java.awt.EventDispatchThread.pumpEventsForHierarchy(EventDispatchThread.java:113) [?:?]
	at java.awt.EventDispatchThread.pumpEvents(EventDispatchThread.java:109) [?:?]
	at java.awt.EventDispatchThread.pumpEvents(EventDispatchThread.java:101) [?:?]
	at java.awt.EventDispatchThread.run(EventDispatchThread.java:90) [?:?]
Caused by: java.lang.ExceptionInInitializerError: Exception java.lang.IllegalAccessError: class com.github.weisj.darklaf.ui.filechooser.DarkFilePaneUIBridge$DetailsTableModel (in unnamed module @0x6646153) cannot access class sun.awt.shell.ShellFolder (in module java.desktop) because module java.desktop does not export sun.awt.shell to unnamed module @0x6646153 [in thread "AWT-EventQueue-0"]
	at com.github.weisj.darklaf.ui.filechooser.DarkFilePaneUIBridge$DetailsTableModel.updateColumnInfo(DarkFilePaneUIBridge.java:1128) ~[darklaf-core-2.5.4.jar:2.5.4]
	at com.github.weisj.darklaf.ui.filechooser.DarkFilePaneUIBridge$DetailsTableModel.<init>(DarkFilePaneUIBridge.java:1115) ~[darklaf-core-2.5.4.jar:2.5.4]
	at com.github.weisj.darklaf.ui.filechooser.DarkFilePaneUIBridge.getDetailsTableModel(DarkFilePaneUIBridge.java:576) ~[darklaf-core-2.5.4.jar:2.5.4]
	at com.github.weisj.darklaf.ui.filechooser.DarkFilePaneUIBridge$SortableListModel.<init>(DarkFilePaneUIBridge.java:1079) ~[darklaf-core-2.5.4.jar:2.5.4]
	at com.github.weisj.darklaf.ui.filechooser.DarkFilePane.createList(DarkFilePane.java:137) ~[darklaf-core-2.5.4.jar:2.5.4]
	at com.github.weisj.darklaf.ui.filechooser.DarkFileChooserUIBridge.createList(DarkFileChooserUIBridge.java:585) ~[darklaf-core-2.5.4.jar:2.5.4]
	at com.github.weisj.darklaf.ui.filechooser.DarkFileChooserUIBridge$MetalFileChooserUIAccessor.createList(DarkFileChooserUIBridge.java:750) ~[darklaf-core-2.5.4.jar:2.5.4]
	at com.github.weisj.darklaf.ui.filechooser.DarkFilePaneUIBridge.setViewType(DarkFilePaneUIBridge.java:376) ~[darklaf-core-2.5.4.jar:2.5.4]
	at com.github.weisj.darklaf.ui.filechooser.DarkFilePaneUIBridge.propertyChange(DarkFilePaneUIBridge.java:890) ~[darklaf-core-2.5.4.jar:2.5.4]
	at java.beans.PropertyChangeSupport.fire(PropertyChangeSupport.java:343) ~[?:?]
	at java.beans.PropertyChangeSupport.firePropertyChange(PropertyChangeSupport.java:335) ~[?:?]
	at java.beans.PropertyChangeSupport.firePropertyChange(PropertyChangeSupport.java:268) ~[?:?]
	at java.awt.Component.firePropertyChange(Component.java:8722) ~[?:?]
	at javax.swing.JComponent.setUI(JComponent.java:733) ~[?:?]
	at javax.swing.JFileChooser.updateUI(JFileChooser.java:1839) ~[?:?]
	at javax.swing.JFileChooser.setup(JFileChooser.java:396) ~[?:?]
	at javax.swing.JFileChooser.<init>(JFileChooser.java:362) ~[?:?]
	at javax.swing.JFileChooser.<init>(JFileChooser.java:309) ~[?:?]
	at org.apache.jmeter.gui.util.FileDialoger.<clinit>(FileDialoger.java:42) ~[ApacheJMeter_core.jar:5.4.1]
	at org.apache.jmeter.gui.action.Load.doActionAfterCheck(Load.java:75) ~[ApacheJMeter_core.jar:5.4.1]
	at org.apache.jmeter.gui.action.AbstractActionWithNoRunningTest.doAction(AbstractActionWithNoRunningTest.java:44) ~[ApacheJMeter_core.jar:5.4.1]
	at org.apache.jmeter.gui.action.ActionRouter.performAction(ActionRouter.java:87) ~[ApacheJMeter_core.jar:5.4.1]
	at org.apache.jmeter.gui.action.ActionRouter.lambda$actionPerformed$0(ActionRouter.java:69) ~[ApacheJMeter_core.jar:5.4.1]
	at java.awt.event.InvocationEvent.dispatch(InvocationEvent.java:318) ~[?:?]
	at java.awt.EventQueue.dispatchEventImpl(EventQueue.java:771) ~[?:?]
	at java.awt.EventQueue$4.run(EventQueue.java:722) ~[?:?]
	at java.awt.EventQueue$4.run(EventQueue.java:716) ~[?:?]
	at java.security.AccessController.doPrivileged(AccessController.java:399) ~[?:?]
	at java.security.ProtectionDomain$JavaSecurityAccessImpl.doIntersectionPrivilege(ProtectionDomain.java:86) ~[?:?]
	at java.awt.EventQueue.dispatchEvent(EventQueue.java:741) ~[?:?]
	... 6 more
2024-12-28 15:55:41,688 INFO o.a.j.e.StandardJMeterEngine: Running the test!
2024-12-28 15:55:41,688 INFO o.a.j.s.SampleEvent: List of sample_variables: []
2024-12-28 15:55:41,688 INFO o.a.j.g.u.JMeterMenuBar: setRunning(true, *local*)
2024-12-28 15:55:41,732 INFO o.a.j.e.StandardJMeterEngine: Starting ThreadGroup: 1 : 阈值类型-线程数<2
2024-12-28 15:55:41,733 INFO o.a.j.e.StandardJMeterEngine: Starting 10 threads for group 阈值类型-线程数<2.
2024-12-28 15:55:41,733 INFO o.a.j.e.StandardJMeterEngine: Thread will continue on error
2024-12-28 15:55:41,733 INFO o.a.j.t.ThreadGroup: Starting thread group... number=1 threads=10 ramp-up=0 delayedStart=false
2024-12-28 15:55:41,733 INFO o.a.j.t.JMeterThread: Thread started: 阈值类型-线程数<2 1-1
2024-12-28 15:55:41,733 INFO o.a.j.t.JMeterThread: Thread started: 阈值类型-线程数<2 1-2
2024-12-28 15:55:41,733 INFO o.a.j.t.JMeterThread: Thread started: 阈值类型-线程数<2 1-3
2024-12-28 15:55:41,733 INFO o.a.j.t.JMeterThread: Thread started: 阈值类型-线程数<2 1-4
2024-12-28 15:55:41,734 INFO o.a.j.t.JMeterThread: Thread started: 阈值类型-线程数<2 1-5
2024-12-28 15:55:41,734 INFO o.a.j.t.JMeterThread: Thread started: 阈值类型-线程数<2 1-6
2024-12-28 15:55:41,734 INFO o.a.j.t.JMeterThread: Thread started: 阈值类型-线程数<2 1-7
2024-12-28 15:55:41,734 INFO o.a.j.t.ThreadGroup: Started thread group number 1
2024-12-28 15:55:41,734 INFO o.a.j.t.JMeterThread: Thread started: 阈值类型-线程数<2 1-8
2024-12-28 15:55:41,734 INFO o.a.j.t.JMeterThread: Thread started: 阈值类型-线程数<2 1-9
2024-12-28 15:55:41,734 INFO o.a.j.e.StandardJMeterEngine: All thread groups have been started
2024-12-28 15:55:41,734 INFO o.a.j.t.JMeterThread: Thread started: 阈值类型-线程数<2 1-10
2024-12-28 15:55:41,755 INFO o.a.j.t.JMeterThread: Thread is done: 阈值类型-线程数<2 1-5
2024-12-28 15:55:41,755 INFO o.a.j.t.JMeterThread: Thread is done: 阈值类型-线程数<2 1-6
2024-12-28 15:55:41,755 INFO o.a.j.t.JMeterThread: Thread is done: 阈值类型-线程数<2 1-4
2024-12-28 15:55:41,755 INFO o.a.j.t.JMeterThread: Thread is done: 阈值类型-线程数<2 1-8
2024-12-28 15:55:41,755 INFO o.a.j.t.JMeterThread: Thread is done: 阈值类型-线程数<2 1-1
2024-12-28 15:55:41,755 INFO o.a.j.t.JMeterThread: Thread is done: 阈值类型-线程数<2 1-3
2024-12-28 15:55:41,755 INFO o.a.j.t.JMeterThread: Thread finished: 阈值类型-线程数<2 1-8
2024-12-28 15:55:41,755 INFO o.a.j.t.JMeterThread: Thread finished: 阈值类型-线程数<2 1-5
2024-12-28 15:55:41,755 INFO o.a.j.t.JMeterThread: Thread finished: 阈值类型-线程数<2 1-4
2024-12-28 15:55:41,755 INFO o.a.j.t.JMeterThread: Thread finished: 阈值类型-线程数<2 1-6
2024-12-28 15:55:41,755 INFO o.a.j.t.JMeterThread: Thread finished: 阈值类型-线程数<2 1-3
2024-12-28 15:55:41,755 INFO o.a.j.t.JMeterThread: Thread finished: 阈值类型-线程数<2 1-1
2024-12-28 15:55:41,765 INFO o.a.j.t.JMeterThread: Thread is done: 阈值类型-线程数<2 1-9
2024-12-28 15:55:41,765 INFO o.a.j.t.JMeterThread: Thread is done: 阈值类型-线程数<2 1-10
2024-12-28 15:55:41,765 INFO o.a.j.t.JMeterThread: Thread is done: 阈值类型-线程数<2 1-7
2024-12-28 15:55:41,765 INFO o.a.j.t.JMeterThread: Thread is done: 阈值类型-线程数<2 1-2
2024-12-28 15:55:41,766 INFO o.a.j.t.JMeterThread: Thread finished: 阈值类型-线程数<2 1-2
2024-12-28 15:55:41,766 INFO o.a.j.t.JMeterThread: Thread finished: 阈值类型-线程数<2 1-10
2024-12-28 15:55:41,766 INFO o.a.j.t.JMeterThread: Thread finished: 阈值类型-线程数<2 1-7
2024-12-28 15:55:41,766 INFO o.a.j.t.JMeterThread: Thread finished: 阈值类型-线程数<2 1-9
2024-12-28 15:55:41,766 INFO o.a.j.e.StandardJMeterEngine: Notifying test listeners of end of test
2024-12-28 15:55:41,766 INFO o.a.j.g.u.JMeterMenuBar: setRunning(false, *local*)
