2025-01-10 09:01:21,896 INFO Starting Nacos v2.2.0 using Java 17.0.7 on LAPTOP-M3CHI9K0 with PID 7488 (D:\Major Design\software\nacos-server-2.2.0\nacos\target\nacos-server.jar started by Lenovo in D:\Major Design\software\nacos-server-2.2.0\nacos\bin)

2025-01-10 09:01:21,896 INFO The following 1 profile is active: "standalone"

2025-01-10 09:01:25,737 INFO Tomcat initialized with port(s): 8848 (http)

2025-01-10 09:01:25,750 INFO Starting service [Tomcat]

2025-01-10 09:01:25,751 INFO Starting Servlet engine: [Apache Tomcat/9.0.63]

2025-01-10 09:01:25,950 INFO Initializing Spring embedded WebApplicationContext

2025-01-10 09:01:25,950 INFO Root WebApplicationContext: initialization completed in 3964 ms

2025-01-10 09:01:26,477 INFO Nacos-related cluster resource initialization

2025-01-10 09:01:26,477 INFO Load com.alibaba.nacos.core.ability.RemoteAbilityInitializer for ServerAbilityInitializer

2025-01-10 09:01:26,477 INFO Load com.alibaba.nacos.naming.ability.NamingAbilityInitializer for ServerAbilityInitializer

2025-01-10 09:01:26,477 INFO The cluster resource is initialized

2025-01-10 09:01:27,747 INFO HikariPool-1 - Starting...

2025-01-10 09:01:27,759 WARN Registered driver with driverClassName=org.apache.derby.jdbc.EmbeddedDriver was not found, trying direct instantiation.

2025-01-10 09:01:28,088 INFO HikariPool-1 - Driver does not support get/set network timeout for connections. (Feature not implemented: No details.)

2025-01-10 09:01:28,088 INFO HikariPool-1 - Start completed.

2025-01-10 09:01:28,481 INFO [MapperManager] Load Mapper(class com.alibaba.nacos.plugin.datasource.impl.mysql.ConfigInfoAggrMapperByMySql) datasource(mysql) tableName(config_info_aggr) successfully.

2025-01-10 09:01:28,481 INFO [MapperManager] Load Mapper(class com.alibaba.nacos.plugin.datasource.impl.mysql.ConfigInfoBetaMapperByMySql) datasource(mysql) tableName(config_info_beta) successfully.

2025-01-10 09:01:28,481 INFO [MapperManager] Load Mapper(class com.alibaba.nacos.plugin.datasource.impl.mysql.ConfigInfoMapperByMySql) datasource(mysql) tableName(config_info) successfully.

2025-01-10 09:01:28,481 INFO [MapperManager] Load Mapper(class com.alibaba.nacos.plugin.datasource.impl.mysql.ConfigInfoTagMapperByMySql) datasource(mysql) tableName(config_info_tag) successfully.

2025-01-10 09:01:28,481 INFO [MapperManager] Load Mapper(class com.alibaba.nacos.plugin.datasource.impl.mysql.ConfigTagsRelationMapperByMySql) datasource(mysql) tableName(config_tags_relation) successfully.

2025-01-10 09:01:28,481 INFO [MapperManager] Load Mapper(class com.alibaba.nacos.plugin.datasource.impl.mysql.HistoryConfigInfoMapperByMySql) datasource(mysql) tableName(his_config_info) successfully.

2025-01-10 09:01:28,481 INFO [MapperManager] Load Mapper(class com.alibaba.nacos.plugin.datasource.impl.mysql.TenantInfoMapperByMySql) datasource(mysql) tableName(tenant_info) successfully.

2025-01-10 09:01:28,481 INFO [MapperManager] Load Mapper(class com.alibaba.nacos.plugin.datasource.impl.mysql.TenantCapacityMapperByMySql) datasource(mysql) tableName(tenant_capacity) successfully.

2025-01-10 09:01:28,481 INFO [MapperManager] Load Mapper(class com.alibaba.nacos.plugin.datasource.impl.mysql.GroupCapacityMapperByMysql) datasource(mysql) tableName(group_capacity) successfully.

2025-01-10 09:01:28,481 INFO [MapperManager] Load Mapper(class com.alibaba.nacos.plugin.datasource.impl.derby.ConfigInfoAggrMapperByDerby) datasource(derby) tableName(config_info_aggr) successfully.

2025-01-10 09:01:28,481 INFO [MapperManager] Load Mapper(class com.alibaba.nacos.plugin.datasource.impl.derby.ConfigInfoBetaMapperByDerby) datasource(derby) tableName(config_info_beta) successfully.

2025-01-10 09:01:28,481 INFO [MapperManager] Load Mapper(class com.alibaba.nacos.plugin.datasource.impl.derby.ConfigInfoMapperByDerby) datasource(derby) tableName(config_info) successfully.

2025-01-10 09:01:28,481 INFO [MapperManager] Load Mapper(class com.alibaba.nacos.plugin.datasource.impl.derby.ConfigInfoTagMapperByDerby) datasource(derby) tableName(config_info_tag) successfully.

2025-01-10 09:01:28,481 INFO [MapperManager] Load Mapper(class com.alibaba.nacos.plugin.datasource.impl.derby.ConfigInfoTagsRelationMapperByDerby) datasource(derby) tableName(config_tags_relation) successfully.

2025-01-10 09:01:28,481 INFO [MapperManager] Load Mapper(class com.alibaba.nacos.plugin.datasource.impl.derby.HistoryConfigInfoMapperByDerby) datasource(derby) tableName(his_config_info) successfully.

2025-01-10 09:01:28,481 INFO [MapperManager] Load Mapper(class com.alibaba.nacos.plugin.datasource.impl.derby.TenantInfoMapperByDerby) datasource(derby) tableName(tenant_info) successfully.

2025-01-10 09:01:28,481 INFO [MapperManager] Load Mapper(class com.alibaba.nacos.plugin.datasource.impl.derby.TenantCapacityMapperByDerby) datasource(derby) tableName(tenant_capacity) successfully.

2025-01-10 09:01:28,481 INFO [MapperManager] Load Mapper(class com.alibaba.nacos.plugin.datasource.impl.derby.GroupCapacityMapperByDerby) datasource(derby) tableName(group_capacity) successfully.

2025-01-10 09:01:28,557 INFO [MapperManager] findMapper dataSource: derby, tableName: config_info

2025-01-10 09:01:28,635 INFO [MapperManager] findMapper dataSource: derby, tableName: config_info

2025-01-10 09:01:28,729 INFO [MapperManager] findMapper dataSource: derby, tableName: config_info_beta

2025-01-10 09:01:28,749 INFO [MapperManager] findMapper dataSource: derby, tableName: config_info_tag

2025-01-10 09:01:28,761 INFO [MapperManager] findMapper dataSource: derby, tableName: config_info_aggr

2025-01-10 09:01:28,871 INFO Fail to find connection runtime ejector for name nacos,use default

2025-01-10 09:01:28,996 WARN Fail to found tps control manager of name ：nacos

2025-01-10 09:01:28,996 INFO Found  rule parser of name=nacos,class=NacosRuleParser

2025-01-10 09:01:28,996 WARN Fail to rule parser of name ：nacos

2025-01-10 09:01:28,996 INFO Load connection metrics collector,size=2,[com.alibaba.nacos.config.server.service.LongPollingConnectionMetricsCollector@4aedaf61, com.alibaba.nacos.core.remote.LongConnectionMetricsCollector@3c35c345]

2025-01-10 09:01:28,996 INFO No connection rule content found ,use default empty rule 

2025-01-10 09:01:28,996 INFO ConnectionMetrics, totalCount = 0, detail = {long_connection=0, long_polling=0}

2025-01-10 09:01:29,012 INFO Found tps barrier creator of name : nacos

2025-01-10 09:01:29,012 WARN Fail to found tps rule creator of name : nacos,use  default local simple creator

2025-01-10 09:01:29,012 INFO No tps control rule of CONFIG_PUSH_COUNT found  

2025-01-10 09:01:29,012 INFO No tps control rule of CONFIG_PUSH_SUCCESS found  

2025-01-10 09:01:29,012 INFO No tps control rule of CONFIG_PUSH_FAIL found  

2025-01-10 09:01:29,885 INFO Connection check task start

2025-01-10 09:01:29,888 INFO Long connection metrics detail ,Total count =0, sdkCount=0,clusterCount=0

2025-01-10 09:01:29,888 INFO Connection check task end

2025-01-10 09:01:30,969 INFO Adding welcome page: class path resource [static/index.html]

2025-01-10 09:01:31,418 WARN You are asking Spring Security to ignore Ant [pattern='/**']. This is not recommended -- please use permitAll via HttpSecurity#authorizeHttpRequests instead.

2025-01-10 09:01:31,424 INFO Will not secure Ant [pattern='/**']

2025-01-10 09:01:31,459 INFO Will secure any request with [org.springframework.security.web.context.request.async.WebAsyncManagerIntegrationFilter@7793ad58, org.springframework.security.web.context.SecurityContextPersistenceFilter@67d32a54, org.springframework.security.web.header.HeaderWriterFilter@1d0cac30, org.springframework.security.web.csrf.CsrfFilter@1c33e528, org.springframework.security.web.authentication.logout.LogoutFilter@3a401749, org.springframework.security.web.savedrequest.RequestCacheAwareFilter@2753316c, org.springframework.security.web.servletapi.SecurityContextHolderAwareRequestFilter@4735d6e5, org.springframework.security.web.authentication.AnonymousAuthenticationFilter@27e2287c, org.springframework.security.web.session.SessionManagementFilter@35c4697c, org.springframework.security.web.access.ExceptionTranslationFilter@460b50df]

2025-01-10 09:01:31,505 INFO Exposing 1 endpoint(s) beneath base path '/actuator'

2025-01-10 09:01:31,551 INFO Tomcat started on port(s): 8848 (http) with context path '/nacos'

2025-01-10 09:01:31,570 INFO No tps control rule of ConfigPublish found  

2025-01-10 09:01:31,570 INFO No tps control rule of ConfigQuery found  

2025-01-10 09:01:31,571 INFO No tps control rule of ClusterConfigChangeNotify found  

2025-01-10 09:01:31,571 INFO No tps control rule of ConfigListen found  

2025-01-10 09:01:31,571 INFO No tps control rule of ConfigRemove found  

2025-01-10 09:01:31,571 INFO No tps control rule of HealthCheck found  

2025-01-10 09:01:31,588 INFO Started Nacos in 10.977 seconds (JVM running for 11.703)

2025-01-10 09:01:31,592 INFO Nacos started successfully in stand alone mode. use embedded storage

2025-01-10 09:01:31,735 INFO Initializing Spring DispatcherServlet 'dispatcherServlet'

2025-01-10 09:01:31,735 INFO Initializing Servlet 'dispatcherServlet'

2025-01-10 09:01:31,735 INFO Completed initialization in 0 ms

2025-01-10 09:01:32,019 INFO ConnectionMetrics, totalCount = 0, detail = {long_connection=0, long_polling=0}

2025-01-10 09:01:32,643 INFO Tps reporting...
ConfigQuery|point|SECONDS|2025-01-10 09:01:31|1|0|


2025-01-10 09:01:32,894 INFO Connection check task start

2025-01-10 09:01:32,894 INFO Long connection metrics detail ,Total count =0, sdkCount=0,clusterCount=0

2025-01-10 09:01:32,894 INFO Connection check task end

2025-01-10 09:01:35,030 INFO ConnectionMetrics, totalCount = 1, detail = {long_connection=0, long_polling=1}

2025-01-10 09:01:35,140 ERROR got exception. unknown user!

2025-01-10 09:01:35,376 INFO Tps reporting...
ConfigQuery|point|SECONDS|2025-01-10 09:01:34|1|0|


2025-01-10 09:01:35,902 INFO Connection check task start

2025-01-10 09:01:35,902 INFO Long connection metrics detail ,Total count =0, sdkCount=0,clusterCount=0

2025-01-10 09:01:35,902 INFO Connection check task end

2025-01-10 09:01:36,279 INFO Tps reporting...
ConfigQuery|point|SECONDS|2025-01-10 09:01:35|16|0|


2025-01-10 09:01:38,041 INFO ConnectionMetrics, totalCount = 1, detail = {long_connection=0, long_polling=1}

2025-01-10 09:01:38,906 INFO Connection check task start

2025-01-10 09:01:38,906 INFO Long connection metrics detail ,Total count =0, sdkCount=0,clusterCount=0

2025-01-10 09:01:38,906 INFO Connection check task end

2025-01-10 09:01:40,249 INFO Get Push config from env, PushConfig{pushTaskDelay=500, pushTaskTimeout=5000, pushTaskRetryDelay=1000}

2025-01-10 09:01:40,825 INFO Tps reporting...
ConfigQuery|point|SECONDS|2025-01-10 09:01:39|7|0|


2025-01-10 09:01:41,045 INFO ConnectionMetrics, totalCount = 1, detail = {long_connection=0, long_polling=1}

2025-01-10 09:01:41,650 INFO Get NamingClient config from env, ClientConfig{clientExpiredTime=180000}

2025-01-10 09:01:41,918 INFO Connection check task start

2025-01-10 09:01:41,918 INFO Long connection metrics detail ,Total count =0, sdkCount=0,clusterCount=0

2025-01-10 09:01:41,918 INFO Connection check task end

2025-01-10 09:01:44,055 INFO ConnectionMetrics, totalCount = 1, detail = {long_connection=0, long_polling=1}

2025-01-10 09:01:44,920 INFO Connection check task start

2025-01-10 09:01:44,920 INFO Long connection metrics detail ,Total count =0, sdkCount=0,clusterCount=0

2025-01-10 09:01:44,920 INFO Connection check task end

2025-01-10 09:01:47,059 INFO ConnectionMetrics, totalCount = 1, detail = {long_connection=0, long_polling=1}

2025-01-10 09:01:47,924 INFO Connection check task start

2025-01-10 09:01:47,924 INFO Long connection metrics detail ,Total count =0, sdkCount=0,clusterCount=0

2025-01-10 09:01:47,924 INFO Connection check task end

2025-01-10 09:01:50,067 INFO ConnectionMetrics, totalCount = 1, detail = {long_connection=0, long_polling=1}

2025-01-10 09:01:50,932 INFO Connection check task start

2025-01-10 09:01:50,932 INFO Long connection metrics detail ,Total count =0, sdkCount=0,clusterCount=0

2025-01-10 09:01:50,932 INFO Connection check task end

2025-01-10 09:01:53,068 INFO ConnectionMetrics, totalCount = 1, detail = {long_connection=0, long_polling=1}

2025-01-10 09:01:53,932 INFO Connection check task start

2025-01-10 09:01:53,932 INFO Long connection metrics detail ,Total count =0, sdkCount=0,clusterCount=0

2025-01-10 09:01:53,932 INFO Connection check task end

2025-01-10 09:01:56,085 INFO ConnectionMetrics, totalCount = 1, detail = {long_connection=0, long_polling=1}

2025-01-10 09:01:56,935 INFO Connection check task start

2025-01-10 09:01:56,935 INFO Long connection metrics detail ,Total count =0, sdkCount=0,clusterCount=0

2025-01-10 09:01:56,935 INFO Connection check task end

2025-01-10 09:01:59,095 INFO ConnectionMetrics, totalCount = 1, detail = {long_connection=0, long_polling=1}

2025-01-10 09:01:59,938 INFO Connection check task start

2025-01-10 09:01:59,939 INFO Long connection metrics detail ,Total count =0, sdkCount=0,clusterCount=0

2025-01-10 09:01:59,940 INFO Connection check task end

2025-01-10 09:02:02,098 INFO ConnectionMetrics, totalCount = 1, detail = {long_connection=0, long_polling=1}

2025-01-10 09:02:02,952 INFO Connection check task start

2025-01-10 09:02:02,952 INFO Long connection metrics detail ,Total count =0, sdkCount=0,clusterCount=0

2025-01-10 09:02:02,952 INFO Connection check task end

2025-01-10 09:02:05,108 INFO ConnectionMetrics, totalCount = 1, detail = {long_connection=0, long_polling=1}

2025-01-10 09:02:05,968 INFO Connection check task start

2025-01-10 09:02:05,969 INFO Long connection metrics detail ,Total count =0, sdkCount=0,clusterCount=0

2025-01-10 09:02:05,970 INFO Connection check task end

2025-01-10 09:02:08,124 INFO ConnectionMetrics, totalCount = 1, detail = {long_connection=0, long_polling=1}

2025-01-10 09:02:08,987 INFO Connection check task start

2025-01-10 09:02:08,987 INFO Long connection metrics detail ,Total count =0, sdkCount=0,clusterCount=0

2025-01-10 09:02:08,987 INFO Connection check task end

2025-01-10 09:02:11,140 INFO ConnectionMetrics, totalCount = 1, detail = {long_connection=0, long_polling=1}

2025-01-10 09:02:11,994 INFO Connection check task start

2025-01-10 09:02:11,995 INFO Long connection metrics detail ,Total count =0, sdkCount=0,clusterCount=0

2025-01-10 09:02:11,996 INFO Connection check task end

2025-01-10 09:02:14,147 INFO ConnectionMetrics, totalCount = 1, detail = {long_connection=0, long_polling=1}

2025-01-10 09:02:15,006 INFO Connection check task start

2025-01-10 09:02:15,006 INFO Long connection metrics detail ,Total count =0, sdkCount=0,clusterCount=0

2025-01-10 09:02:15,006 INFO Connection check task end

2025-01-10 09:02:17,161 INFO ConnectionMetrics, totalCount = 1, detail = {long_connection=0, long_polling=1}

2025-01-10 09:02:18,012 INFO Connection check task start

2025-01-10 09:02:18,012 INFO Long connection metrics detail ,Total count =0, sdkCount=0,clusterCount=0

2025-01-10 09:02:18,012 INFO Connection check task end

2025-01-10 09:02:20,176 INFO ConnectionMetrics, totalCount = 1, detail = {long_connection=0, long_polling=1}

2025-01-10 09:02:21,013 INFO Connection check task start

2025-01-10 09:02:21,013 INFO Long connection metrics detail ,Total count =0, sdkCount=0,clusterCount=0

2025-01-10 09:02:21,013 INFO Connection check task end

2025-01-10 09:02:23,179 INFO ConnectionMetrics, totalCount = 1, detail = {long_connection=0, long_polling=1}

2025-01-10 09:02:24,021 INFO Connection check task start

2025-01-10 09:02:24,021 INFO Long connection metrics detail ,Total count =0, sdkCount=0,clusterCount=0

2025-01-10 09:02:24,021 INFO Connection check task end

2025-01-10 09:02:24,079 INFO new connection registered successfully, connectionId = 1736470943781_127.0.0.1_51302,connection=Connection{traced=false, abilities=null, metaInfo=ConnectionMeta{connectType='GRPC', clientIp='192.168.154.1', remoteIp='127.0.0.1', remotePort=51302, localPort=9848, version='Nacos-Java-Client:v2.2.1', connectionId='1736470943781_127.0.0.1_51302', createTime=Fri Jan 10 09:02:24 CST 2025, lastActiveTime=1736470944051, appName='-', tenant='null', labels={module=naming, source=sdk}}} 

2025-01-10 09:02:25,227 INFO No tps control rule of NAMING_RPC_PUSH found  

2025-01-10 09:02:25,228 INFO No tps control rule of NAMING_RPC_PUSH_SUCCESS found  

2025-01-10 09:02:25,228 INFO No tps control rule of NAMING_RPC_PUSH_FAIL found  

2025-01-10 09:02:25,228 INFO No tps control rule of NAMING_UDP_PUSH found  

2025-01-10 09:02:25,228 INFO No tps control rule of NAMING_UDP_PUSH_SUCCESS found  

2025-01-10 09:02:25,229 INFO No tps control rule of NAMING_UDP_PUSH_FAIL found  

2025-01-10 09:02:25,229 INFO No tps control rule of NAMING_DISTRO_SYNC found  

2025-01-10 09:02:25,229 INFO No tps control rule of NAMING_DISTRO_SYNC_SUCCESS found  

2025-01-10 09:02:25,229 INFO No tps control rule of NAMING_DISTRO_SYNC_FAIL found  

2025-01-10 09:02:25,230 INFO No tps control rule of NAMING_DISTRO_VERIFY found  

2025-01-10 09:02:25,230 INFO No tps control rule of NAMING_DISTRO_VERIFY_SUCCESS found  

2025-01-10 09:02:25,230 INFO No tps control rule of NAMING_DISTRO_VERIFY_FAIL found  

2025-01-10 09:02:26,186 INFO ConnectionMetrics, totalCount = 2, detail = {long_connection=1, long_polling=1}

2025-01-10 09:02:26,282 INFO Tps reporting...
NAMING_RPC_PUSH_SUCCESS|point|SECONDS|2025-01-10 09:02:25|1|0|
NAMING_RPC_PUSH|point|SECONDS|2025-01-10 09:02:25|1|0|


2025-01-10 09:02:27,026 INFO Connection check task start

2025-01-10 09:02:27,026 INFO Long connection metrics detail ,Total count =1, sdkCount=1,clusterCount=0

2025-01-10 09:02:27,026 INFO Connection check task end

2025-01-10 09:02:29,194 INFO ConnectionMetrics, totalCount = 2, detail = {long_connection=1, long_polling=1}

2025-01-10 09:02:30,037 INFO Connection check task start

2025-01-10 09:02:30,037 INFO Long connection metrics detail ,Total count =1, sdkCount=1,clusterCount=0

2025-01-10 09:02:30,037 INFO Connection check task end

2025-01-10 09:02:31,039 INFO new connection registered successfully, connectionId = 1736470950840_127.0.0.1_51327,connection=Connection{traced=false, abilities=null, metaInfo=ConnectionMeta{connectType='GRPC', clientIp='192.168.154.1', remoteIp='127.0.0.1', remotePort=51327, localPort=9848, version='Nacos-Java-Client:v2.2.1', connectionId='1736470950840_127.0.0.1_51327', createTime=Fri Jan 10 09:02:31 CST 2025, lastActiveTime=1736470951039, appName='-', tenant='null', labels={module=naming, source=sdk}}} 

2025-01-10 09:02:31,440 INFO new connection registered successfully, connectionId = 1736470951421_127.0.0.1_51329,connection=Connection{traced=false, abilities=null, metaInfo=ConnectionMeta{connectType='GRPC', clientIp='192.168.154.1', remoteIp='127.0.0.1', remotePort=51329, localPort=9848, version='Nacos-Java-Client:v2.2.1', connectionId='1736470951421_127.0.0.1_51329', createTime=Fri Jan 10 09:02:31 CST 2025, lastActiveTime=1736470951439, appName='-', tenant='null', labels={module=naming, source=sdk}}} 

2025-01-10 09:02:32,206 INFO ConnectionMetrics, totalCount = 4, detail = {long_connection=3, long_polling=1}

2025-01-10 09:02:32,620 INFO Tps reporting...
NAMING_RPC_PUSH_SUCCESS|point|SECONDS|2025-01-10 09:02:31|1|0|
HealthCheck|point|SECONDS|2025-01-10 09:02:31|1|0|
NAMING_RPC_PUSH|point|SECONDS|2025-01-10 09:02:31|1|0|


2025-01-10 09:02:33,051 INFO Connection check task start

2025-01-10 09:02:33,051 INFO Long connection metrics detail ,Total count =3, sdkCount=3,clusterCount=0

2025-01-10 09:02:33,051 INFO Connection check task end

2025-01-10 09:02:35,208 INFO ConnectionMetrics, totalCount = 4, detail = {long_connection=3, long_polling=1}

2025-01-10 09:02:36,052 INFO Connection check task start

2025-01-10 09:02:36,053 INFO Long connection metrics detail ,Total count =3, sdkCount=3,clusterCount=0

2025-01-10 09:02:36,054 INFO Connection check task end

2025-01-10 09:02:37,154 INFO Tps reporting...
HealthCheck|point|SECONDS|2025-01-10 09:02:36|1|0|


2025-01-10 09:02:38,217 INFO ConnectionMetrics, totalCount = 4, detail = {long_connection=3, long_polling=1}

2025-01-10 09:02:38,699 INFO new connection registered successfully, connectionId = 1736470958692_127.0.0.1_51444,connection=Connection{traced=false, abilities=null, metaInfo=ConnectionMeta{connectType='GRPC', clientIp='192.168.154.1', remoteIp='127.0.0.1', remotePort=51444, localPort=9848, version='Nacos-Java-Client:v2.2.1', connectionId='1736470958692_127.0.0.1_51444', createTime=Fri Jan 10 09:02:38 CST 2025, lastActiveTime=1736470958699, appName='-', tenant='null', labels={module=naming, source=sdk}}} 

2025-01-10 09:02:39,058 INFO Connection check task start

2025-01-10 09:02:39,058 INFO Long connection metrics detail ,Total count =4, sdkCount=4,clusterCount=0

2025-01-10 09:02:39,058 INFO Connection check task end

2025-01-10 09:02:40,525 INFO new connection registered successfully, connectionId = 1736470960242_127.0.0.1_51448,connection=Connection{traced=false, abilities=null, metaInfo=ConnectionMeta{connectType='GRPC', clientIp='192.168.154.1', remoteIp='127.0.0.1', remotePort=51448, localPort=9848, version='Nacos-Java-Client:v2.2.1', connectionId='1736470960242_127.0.0.1_51448', createTime=Fri Jan 10 09:02:40 CST 2025, lastActiveTime=1736470960525, appName='-', tenant='null', labels={module=naming, source=sdk}}} 

2025-01-10 09:02:40,768 INFO Tps reporting...
HealthCheck|point|SECONDS|2025-01-10 09:02:39|1|0|


2025-01-10 09:02:41,227 INFO ConnectionMetrics, totalCount = 6, detail = {long_connection=5, long_polling=1}

2025-01-10 09:02:42,070 INFO Connection check task start

2025-01-10 09:02:42,070 INFO Long connection metrics detail ,Total count =5, sdkCount=5,clusterCount=0

2025-01-10 09:02:42,070 INFO Connection check task end

2025-01-10 09:02:42,589 INFO Tps reporting...
NAMING_RPC_PUSH_SUCCESS|point|SECONDS|2025-01-10 09:02:41|1|0|
HealthCheck|point|SECONDS|2025-01-10 09:02:41|2|0|
NAMING_RPC_PUSH|point|SECONDS|2025-01-10 09:02:41|1|0|


2025-01-10 09:02:44,229 INFO ConnectionMetrics, totalCount = 6, detail = {long_connection=5, long_polling=1}

2025-01-10 09:02:45,083 INFO Connection check task start

2025-01-10 09:02:45,083 INFO Long connection metrics detail ,Total count =5, sdkCount=5,clusterCount=0

2025-01-10 09:02:45,083 INFO Connection check task end

2025-01-10 09:02:45,300 INFO Tps reporting...
HealthCheck|point|SECONDS|2025-01-10 09:02:44|1|0|


2025-01-10 09:02:45,752 INFO new connection registered successfully, connectionId = 1736470965737_127.0.0.1_51504,connection=Connection{traced=false, abilities=null, metaInfo=ConnectionMeta{connectType='GRPC', clientIp='192.168.154.1', remoteIp='127.0.0.1', remotePort=51504, localPort=9848, version='Nacos-Java-Client:v2.2.1', connectionId='1736470965737_127.0.0.1_51504', createTime=Fri Jan 10 09:02:45 CST 2025, lastActiveTime=1736470965752, appName='-', tenant='null', labels={module=naming, source=sdk}}} 

2025-01-10 09:02:47,127 INFO Tps reporting...
HealthCheck|point|SECONDS|2025-01-10 09:02:46|2|0|


2025-01-10 09:02:47,239 INFO ConnectionMetrics, totalCount = 7, detail = {long_connection=6, long_polling=1}

2025-01-10 09:02:47,901 INFO new connection registered successfully, connectionId = 1736470967839_127.0.0.1_51510,connection=Connection{traced=false, abilities=null, metaInfo=ConnectionMeta{connectType='GRPC', clientIp='192.168.154.1', remoteIp='127.0.0.1', remotePort=51510, localPort=9848, version='Nacos-Java-Client:v2.2.1', connectionId='1736470967839_127.0.0.1_51510', createTime=Fri Jan 10 09:02:47 CST 2025, lastActiveTime=1736470967901, appName='-', tenant='null', labels={module=naming, source=sdk}}} 

2025-01-10 09:02:48,098 INFO Connection check task start

2025-01-10 09:02:48,098 INFO Long connection metrics detail ,Total count =7, sdkCount=7,clusterCount=0

2025-01-10 09:02:48,098 INFO Connection check task end

2025-01-10 09:02:49,851 INFO Tps reporting...
HealthCheck|point|SECONDS|2025-01-10 09:02:48|2|0|


2025-01-10 09:02:50,248 INFO ConnectionMetrics, totalCount = 8, detail = {long_connection=7, long_polling=1}

2025-01-10 09:02:50,753 INFO Tps reporting...
HealthCheck|point|SECONDS|2025-01-10 09:02:49|1|0|


2025-01-10 09:02:51,103 INFO Connection check task start

2025-01-10 09:02:51,103 INFO Long connection metrics detail ,Total count =7, sdkCount=7,clusterCount=0

2025-01-10 09:02:51,103 INFO Connection check task end

2025-01-10 09:02:52,562 INFO Tps reporting...
HealthCheck|point|SECONDS|2025-01-10 09:02:51|2|0|


2025-01-10 09:02:53,263 INFO ConnectionMetrics, totalCount = 8, detail = {long_connection=7, long_polling=1}

2025-01-10 09:02:54,104 INFO Connection check task start

2025-01-10 09:02:54,104 INFO Long connection metrics detail ,Total count =7, sdkCount=7,clusterCount=0

2025-01-10 09:02:54,104 INFO Connection check task end

2025-01-10 09:02:54,372 INFO Tps reporting...
HealthCheck|point|SECONDS|2025-01-10 09:02:53|2|0|


2025-01-10 09:02:55,278 INFO Tps reporting...
HealthCheck|point|SECONDS|2025-01-10 09:02:54|1|0|


2025-01-10 09:02:56,186 INFO Tps reporting...
HealthCheck|point|SECONDS|2025-01-10 09:02:55|1|0|


2025-01-10 09:02:56,266 INFO ConnectionMetrics, totalCount = 8, detail = {long_connection=7, long_polling=1}

2025-01-10 09:02:57,094 INFO Tps reporting...
HealthCheck|point|SECONDS|2025-01-10 09:02:56|2|0|


2025-01-10 09:02:57,110 INFO Connection check task start

2025-01-10 09:02:57,110 INFO Long connection metrics detail ,Total count =7, sdkCount=7,clusterCount=0

2025-01-10 09:02:57,110 INFO Connection check task end

2025-01-10 09:02:58,002 INFO Tps reporting...
HealthCheck|point|SECONDS|2025-01-10 09:02:57|1|0|


2025-01-10 09:02:59,278 INFO ConnectionMetrics, totalCount = 8, detail = {long_connection=7, long_polling=1}

2025-01-10 09:02:59,819 INFO Tps reporting...
HealthCheck|point|SECONDS|2025-01-10 09:02:58|2|0|


2025-01-10 09:03:00,122 INFO Connection check task start

2025-01-10 09:03:00,122 INFO Long connection metrics detail ,Total count =7, sdkCount=7,clusterCount=0

2025-01-10 09:03:00,122 INFO Connection check task end

2025-01-10 09:03:00,727 INFO Tps reporting...
HealthCheck|point|SECONDS|2025-01-10 09:02:59|1|0|


2025-01-10 09:03:01,634 INFO Tps reporting...
HealthCheck|point|SECONDS|2025-01-10 09:03:00|1|0|


2025-01-10 09:03:02,289 INFO ConnectionMetrics, totalCount = 8, detail = {long_connection=7, long_polling=1}

2025-01-10 09:03:02,542 INFO Tps reporting...
HealthCheck|point|SECONDS|2025-01-10 09:03:01|2|0|


2025-01-10 09:03:03,134 INFO Connection check task start

2025-01-10 09:03:03,134 INFO Long connection metrics detail ,Total count =7, sdkCount=7,clusterCount=0

2025-01-10 09:03:03,134 INFO Connection check task end

2025-01-10 09:03:03,454 INFO Tps reporting...
HealthCheck|point|SECONDS|2025-01-10 09:03:02|1|0|


2025-01-10 09:03:04,359 INFO Tps reporting...
HealthCheck|point|SECONDS|2025-01-10 09:03:03|2|0|


2025-01-10 09:03:05,263 INFO Tps reporting...
HealthCheck|point|SECONDS|2025-01-10 09:03:04|1|0|


2025-01-10 09:03:05,295 INFO ConnectionMetrics, totalCount = 8, detail = {long_connection=7, long_polling=1}

2025-01-10 09:03:06,140 INFO Connection check task start

2025-01-10 09:03:06,140 INFO Long connection metrics detail ,Total count =7, sdkCount=7,clusterCount=0

2025-01-10 09:03:06,140 INFO Connection check task end

2025-01-10 09:03:06,172 INFO Tps reporting...
HealthCheck|point|SECONDS|2025-01-10 09:03:05|1|0|


2025-01-10 09:03:07,079 INFO Tps reporting...
HealthCheck|point|SECONDS|2025-01-10 09:03:06|2|0|


2025-01-10 09:03:08,309 INFO ConnectionMetrics, totalCount = 8, detail = {long_connection=7, long_polling=1}

2025-01-10 09:03:08,900 INFO Tps reporting...
HealthCheck|point|SECONDS|2025-01-10 09:03:07|1|0|


2025-01-10 09:03:09,155 INFO Connection check task start

2025-01-10 09:03:09,155 INFO Long connection metrics detail ,Total count =7, sdkCount=7,clusterCount=0

2025-01-10 09:03:09,155 INFO Connection check task end

2025-01-10 09:03:09,809 INFO Tps reporting...
HealthCheck|point|SECONDS|2025-01-10 09:03:08|2|0|


2025-01-10 09:03:10,715 INFO Tps reporting...
HealthCheck|point|SECONDS|2025-01-10 09:03:09|1|0|


2025-01-10 09:03:11,321 INFO ConnectionMetrics, totalCount = 8, detail = {long_connection=7, long_polling=1}

2025-01-10 09:03:11,623 INFO Tps reporting...
HealthCheck|point|SECONDS|2025-01-10 09:03:10|1|0|


2025-01-10 09:03:12,166 INFO Connection check task start

2025-01-10 09:03:12,166 INFO Long connection metrics detail ,Total count =7, sdkCount=7,clusterCount=0

2025-01-10 09:03:12,166 INFO Connection check task end

2025-01-10 09:03:12,533 INFO Tps reporting...
HealthCheck|point|SECONDS|2025-01-10 09:03:11|2|0|


2025-01-10 09:03:13,443 INFO Tps reporting...
HealthCheck|point|SECONDS|2025-01-10 09:03:12|1|0|


2025-01-10 09:03:14,334 INFO ConnectionMetrics, totalCount = 8, detail = {long_connection=7, long_polling=1}

2025-01-10 09:03:14,350 INFO Tps reporting...
HealthCheck|point|SECONDS|2025-01-10 09:03:13|2|0|


2025-01-10 09:03:15,180 INFO Connection check task start

2025-01-10 09:03:15,180 INFO Long connection metrics detail ,Total count =7, sdkCount=7,clusterCount=0

2025-01-10 09:03:15,180 INFO Connection check task end

2025-01-10 09:03:15,260 INFO Tps reporting...
HealthCheck|point|SECONDS|2025-01-10 09:03:14|1|0|


2025-01-10 09:03:16,170 INFO Tps reporting...
HealthCheck|point|SECONDS|2025-01-10 09:03:15|1|0|


2025-01-10 09:03:17,076 INFO Tps reporting...
HealthCheck|point|SECONDS|2025-01-10 09:03:16|2|0|


2025-01-10 09:03:17,348 INFO ConnectionMetrics, totalCount = 8, detail = {long_connection=7, long_polling=1}

2025-01-10 09:03:18,194 INFO Connection check task start

2025-01-10 09:03:18,194 INFO Long connection metrics detail ,Total count =7, sdkCount=7,clusterCount=0

2025-01-10 09:03:18,194 INFO Connection check task end

2025-01-10 09:03:18,896 INFO Tps reporting...
HealthCheck|point|SECONDS|2025-01-10 09:03:17|1|0|


2025-01-10 09:03:19,805 INFO Tps reporting...
HealthCheck|point|SECONDS|2025-01-10 09:03:18|2|0|


2025-01-10 09:03:20,357 INFO ConnectionMetrics, totalCount = 8, detail = {long_connection=7, long_polling=1}

2025-01-10 09:03:20,708 INFO Tps reporting...
HealthCheck|point|SECONDS|2025-01-10 09:03:19|1|0|


2025-01-10 09:03:21,205 INFO Connection check task start

2025-01-10 09:03:21,205 INFO Long connection metrics detail ,Total count =7, sdkCount=7,clusterCount=0

2025-01-10 09:03:21,205 INFO Connection check task end

2025-01-10 09:03:21,619 INFO Tps reporting...
HealthCheck|point|SECONDS|2025-01-10 09:03:20|1|0|


2025-01-10 09:03:22,525 INFO Tps reporting...
HealthCheck|point|SECONDS|2025-01-10 09:03:21|2|0|


2025-01-10 09:03:23,372 INFO ConnectionMetrics, totalCount = 8, detail = {long_connection=7, long_polling=1}

2025-01-10 09:03:23,436 INFO Tps reporting...
HealthCheck|point|SECONDS|2025-01-10 09:03:22|1|0|


2025-01-10 09:03:24,215 INFO Connection check task start

2025-01-10 09:03:24,215 INFO Long connection metrics detail ,Total count =7, sdkCount=7,clusterCount=0

2025-01-10 09:03:24,215 INFO Connection check task end

2025-01-10 09:03:24,343 INFO Tps reporting...
HealthCheck|point|SECONDS|2025-01-10 09:03:23|2|0|


2025-01-10 09:03:25,251 INFO Tps reporting...
HealthCheck|point|SECONDS|2025-01-10 09:03:24|1|0|


2025-01-10 09:03:26,161 INFO Tps reporting...
HealthCheck|point|SECONDS|2025-01-10 09:03:25|1|0|


2025-01-10 09:03:26,383 INFO ConnectionMetrics, totalCount = 8, detail = {long_connection=7, long_polling=1}

2025-01-10 09:03:27,069 INFO Tps reporting...
HealthCheck|point|SECONDS|2025-01-10 09:03:26|2|0|


2025-01-10 09:03:27,229 INFO Connection check task start

2025-01-10 09:03:27,229 INFO Long connection metrics detail ,Total count =7, sdkCount=7,clusterCount=0

2025-01-10 09:03:27,229 INFO Connection check task end

2025-01-10 09:03:28,886 INFO Tps reporting...
HealthCheck|point|SECONDS|2025-01-10 09:03:27|1|0|


2025-01-10 09:03:29,393 INFO ConnectionMetrics, totalCount = 8, detail = {long_connection=7, long_polling=1}

2025-01-10 09:03:29,792 INFO Tps reporting...
HealthCheck|point|SECONDS|2025-01-10 09:03:28|2|0|


2025-01-10 09:03:30,240 INFO Connection check task start

2025-01-10 09:03:30,240 INFO Long connection metrics detail ,Total count =7, sdkCount=7,clusterCount=0

2025-01-10 09:03:30,240 INFO Connection check task end

2025-01-10 09:03:30,702 INFO Tps reporting...
HealthCheck|point|SECONDS|2025-01-10 09:03:29|1|0|


2025-01-10 09:03:31,611 INFO Tps reporting...
HealthCheck|point|SECONDS|2025-01-10 09:03:30|1|0|


2025-01-10 09:03:32,408 INFO ConnectionMetrics, totalCount = 8, detail = {long_connection=7, long_polling=1}

2025-01-10 09:03:32,517 INFO Tps reporting...
HealthCheck|point|SECONDS|2025-01-10 09:03:31|2|0|


2025-01-10 09:03:33,252 INFO Connection check task start

2025-01-10 09:03:33,252 INFO Long connection metrics detail ,Total count =7, sdkCount=7,clusterCount=0

2025-01-10 09:03:33,252 INFO Connection check task end

2025-01-10 09:03:33,424 INFO Tps reporting...
HealthCheck|point|SECONDS|2025-01-10 09:03:32|1|0|


2025-01-10 09:03:34,330 INFO Tps reporting...
HealthCheck|point|SECONDS|2025-01-10 09:03:33|2|0|


2025-01-10 09:03:35,235 INFO Tps reporting...
HealthCheck|point|SECONDS|2025-01-10 09:03:34|1|0|


2025-01-10 09:03:35,411 INFO ConnectionMetrics, totalCount = 8, detail = {long_connection=7, long_polling=1}

2025-01-10 09:03:36,146 INFO Tps reporting...
HealthCheck|point|SECONDS|2025-01-10 09:03:35|1|0|


2025-01-10 09:03:36,259 INFO Connection check task start

2025-01-10 09:03:36,263 INFO Long connection metrics detail ,Total count =7, sdkCount=7,clusterCount=0

2025-01-10 09:03:36,263 INFO Connection check task end

2025-01-10 09:03:37,052 INFO Tps reporting...
HealthCheck|point|SECONDS|2025-01-10 09:03:36|2|0|


2025-01-10 09:03:38,419 INFO ConnectionMetrics, totalCount = 8, detail = {long_connection=7, long_polling=1}

2025-01-10 09:03:38,865 INFO Tps reporting...
HealthCheck|point|SECONDS|2025-01-10 09:03:37|1|0|


2025-01-10 09:03:39,279 INFO Connection check task start

2025-01-10 09:03:39,279 INFO Long connection metrics detail ,Total count =7, sdkCount=7,clusterCount=0

2025-01-10 09:03:39,279 INFO Connection check task end

2025-01-10 09:03:39,771 INFO Tps reporting...
HealthCheck|point|SECONDS|2025-01-10 09:03:38|2|0|


2025-01-10 09:03:40,673 INFO Tps reporting...
HealthCheck|point|SECONDS|2025-01-10 09:03:39|1|0|


2025-01-10 09:03:41,433 INFO ConnectionMetrics, totalCount = 8, detail = {long_connection=7, long_polling=1}

2025-01-10 09:03:41,576 INFO Tps reporting...
HealthCheck|point|SECONDS|2025-01-10 09:03:40|1|0|


2025-01-10 09:03:42,292 INFO Connection check task start

2025-01-10 09:03:42,292 INFO Long connection metrics detail ,Total count =7, sdkCount=7,clusterCount=0

2025-01-10 09:03:42,292 INFO Connection check task end

2025-01-10 09:03:42,484 INFO Tps reporting...
NAMING_RPC_PUSH_SUCCESS|point|SECONDS|2025-01-10 09:03:41|1|0|
HealthCheck|point|SECONDS|2025-01-10 09:03:41|2|0|
NAMING_RPC_PUSH|point|SECONDS|2025-01-10 09:03:41|1|0|


2025-01-10 09:03:44,301 INFO Tps reporting...
HealthCheck|point|SECONDS|2025-01-10 09:03:43|2|0|


2025-01-10 09:03:44,443 INFO ConnectionMetrics, totalCount = 8, detail = {long_connection=7, long_polling=1}

2025-01-10 09:03:45,203 INFO Tps reporting...
HealthCheck|point|SECONDS|2025-01-10 09:03:44|1|0|


2025-01-10 09:03:45,297 INFO Connection check task start

2025-01-10 09:03:45,297 INFO Long connection metrics detail ,Total count =7, sdkCount=7,clusterCount=0

2025-01-10 09:03:45,297 INFO Connection check task end

2025-01-10 09:03:46,105 INFO Tps reporting...
HealthCheck|point|SECONDS|2025-01-10 09:03:45|1|0|


2025-01-10 09:03:47,012 INFO Tps reporting...
HealthCheck|point|SECONDS|2025-01-10 09:03:46|2|0|


2025-01-10 09:03:47,459 INFO ConnectionMetrics, totalCount = 8, detail = {long_connection=7, long_polling=1}

2025-01-10 09:03:48,304 INFO Connection check task start

2025-01-10 09:03:48,304 INFO Long connection metrics detail ,Total count =7, sdkCount=7,clusterCount=0

2025-01-10 09:03:48,304 INFO Connection check task end

2025-01-10 09:03:48,830 INFO Tps reporting...
HealthCheck|point|SECONDS|2025-01-10 09:03:47|1|0|


2025-01-10 09:03:49,739 INFO Tps reporting...
HealthCheck|point|SECONDS|2025-01-10 09:03:48|2|0|


2025-01-10 09:03:50,469 INFO ConnectionMetrics, totalCount = 8, detail = {long_connection=7, long_polling=1}

2025-01-10 09:03:50,642 INFO Tps reporting...
HealthCheck|point|SECONDS|2025-01-10 09:03:49|1|0|


2025-01-10 09:03:51,311 INFO Connection check task start

2025-01-10 09:03:51,311 INFO Long connection metrics detail ,Total count =7, sdkCount=7,clusterCount=0

2025-01-10 09:03:51,311 INFO Connection check task end

2025-01-10 09:03:51,548 INFO Tps reporting...
HealthCheck|point|SECONDS|2025-01-10 09:03:50|1|0|


2025-01-10 09:03:52,455 INFO Tps reporting...
HealthCheck|point|SECONDS|2025-01-10 09:03:51|2|0|


2025-01-10 09:03:53,365 INFO Tps reporting...
HealthCheck|point|SECONDS|2025-01-10 09:03:52|1|0|


2025-01-10 09:03:53,477 INFO ConnectionMetrics, totalCount = 8, detail = {long_connection=7, long_polling=1}

2025-01-10 09:03:54,275 INFO Tps reporting...
HealthCheck|point|SECONDS|2025-01-10 09:03:53|2|0|


2025-01-10 09:03:54,322 INFO Connection check task start

2025-01-10 09:03:54,322 INFO Long connection metrics detail ,Total count =7, sdkCount=7,clusterCount=0

2025-01-10 09:03:54,322 INFO Connection check task end

2025-01-10 09:03:55,185 INFO Tps reporting...
HealthCheck|point|SECONDS|2025-01-10 09:03:54|1|0|


2025-01-10 09:03:56,089 INFO Tps reporting...
HealthCheck|point|SECONDS|2025-01-10 09:03:55|1|0|


2025-01-10 09:03:56,486 INFO ConnectionMetrics, totalCount = 8, detail = {long_connection=7, long_polling=1}

2025-01-10 09:03:57,325 INFO Connection check task start

2025-01-10 09:03:57,325 INFO Long connection metrics detail ,Total count =7, sdkCount=7,clusterCount=0

2025-01-10 09:03:57,325 INFO Connection check task end

2025-01-10 09:03:57,901 INFO Tps reporting...
HealthCheck|point|SECONDS|2025-01-10 09:03:56|2|0|


2025-01-10 09:03:58,809 INFO Tps reporting...
HealthCheck|point|SECONDS|2025-01-10 09:03:57|1|0|


2025-01-10 09:03:59,494 INFO ConnectionMetrics, totalCount = 8, detail = {long_connection=7, long_polling=1}

2025-01-10 09:03:59,718 INFO Tps reporting...
HealthCheck|point|SECONDS|2025-01-10 09:03:58|2|0|


2025-01-10 09:04:00,341 INFO Connection check task start

2025-01-10 09:04:00,341 INFO Long connection metrics detail ,Total count =7, sdkCount=7,clusterCount=0

2025-01-10 09:04:00,341 INFO Connection check task end

2025-01-10 09:04:00,623 INFO Tps reporting...
HealthCheck|point|SECONDS|2025-01-10 09:03:59|1|0|


2025-01-10 09:04:01,524 INFO Tps reporting...
NAMING_RPC_PUSH_SUCCESS|point|SECONDS|2025-01-10 09:04:00|1|0|
HealthCheck|point|SECONDS|2025-01-10 09:04:00|1|0|
NAMING_RPC_PUSH|point|SECONDS|2025-01-10 09:04:00|1|0|


2025-01-10 09:04:02,428 INFO Tps reporting...
HealthCheck|point|SECONDS|2025-01-10 09:04:01|1|0|


2025-01-10 09:04:02,508 INFO ConnectionMetrics, totalCount = 8, detail = {long_connection=7, long_polling=1}

2025-01-10 09:04:03,338 INFO Tps reporting...
HealthCheck|point|SECONDS|2025-01-10 09:04:02|1|0|


2025-01-10 09:04:03,354 INFO Connection check task start

2025-01-10 09:04:03,354 INFO Long connection metrics detail ,Total count =7, sdkCount=7,clusterCount=0

2025-01-10 09:04:03,354 INFO Connection check task end

2025-01-10 09:04:04,247 INFO Tps reporting...
HealthCheck|point|SECONDS|2025-01-10 09:04:03|2|0|


2025-01-10 09:04:05,148 INFO Tps reporting...
HealthCheck|point|SECONDS|2025-01-10 09:04:04|1|0|


2025-01-10 09:04:05,511 INFO ConnectionMetrics, totalCount = 8, detail = {long_connection=7, long_polling=1}

2025-01-10 09:04:06,062 INFO Tps reporting...
HealthCheck|point|SECONDS|2025-01-10 09:04:05|1|0|


2025-01-10 09:04:06,364 INFO Connection check task start

2025-01-10 09:04:06,364 INFO Long connection metrics detail ,Total count =7, sdkCount=7,clusterCount=0

2025-01-10 09:04:06,364 INFO Connection check task end

2025-01-10 09:04:07,875 INFO Tps reporting...
HealthCheck|point|SECONDS|2025-01-10 09:04:06|1|0|


2025-01-10 09:04:08,523 INFO ConnectionMetrics, totalCount = 8, detail = {long_connection=7, long_polling=1}

2025-01-10 09:04:08,778 INFO Tps reporting...
HealthCheck|point|SECONDS|2025-01-10 09:04:07|2|0|


2025-01-10 09:04:09,378 INFO Connection check task start

2025-01-10 09:04:09,378 INFO Long connection metrics detail ,Total count =7, sdkCount=7,clusterCount=0

2025-01-10 09:04:09,378 INFO Connection check task end

2025-01-10 09:04:09,682 INFO Tps reporting...
HealthCheck|point|SECONDS|2025-01-10 09:04:08|2|0|


2025-01-10 09:04:10,588 INFO Tps reporting...
HealthCheck|point|SECONDS|2025-01-10 09:04:09|1|0|


2025-01-10 09:04:11,493 INFO Tps reporting...
HealthCheck|point|SECONDS|2025-01-10 09:04:10|1|0|


2025-01-10 09:04:11,524 INFO ConnectionMetrics, totalCount = 8, detail = {long_connection=7, long_polling=1}

2025-01-10 09:04:12,384 INFO Connection check task start

2025-01-10 09:04:12,384 INFO Long connection metrics detail ,Total count =7, sdkCount=7,clusterCount=0

2025-01-10 09:04:12,384 INFO Connection check task end

2025-01-10 09:04:12,400 INFO Tps reporting...
HealthCheck|point|SECONDS|2025-01-10 09:04:11|1|0|


2025-01-10 09:04:13,310 INFO Tps reporting...
HealthCheck|point|SECONDS|2025-01-10 09:04:12|2|0|


2025-01-10 09:04:14,220 INFO Tps reporting...
HealthCheck|point|SECONDS|2025-01-10 09:04:13|2|0|


2025-01-10 09:04:14,537 INFO ConnectionMetrics, totalCount = 8, detail = {long_connection=7, long_polling=1}

2025-01-10 09:04:15,126 INFO Tps reporting...
HealthCheck|point|SECONDS|2025-01-10 09:04:14|1|0|


2025-01-10 09:04:15,397 INFO Connection check task start

2025-01-10 09:04:15,397 INFO Long connection metrics detail ,Total count =7, sdkCount=7,clusterCount=0

2025-01-10 09:04:15,397 INFO Connection check task end

2025-01-10 09:04:16,035 INFO Tps reporting...
HealthCheck|point|SECONDS|2025-01-10 09:04:15|1|0|


2025-01-10 09:04:17,550 INFO ConnectionMetrics, totalCount = 8, detail = {long_connection=7, long_polling=1}

2025-01-10 09:04:17,852 INFO Tps reporting...
HealthCheck|point|SECONDS|2025-01-10 09:04:16|1|0|


2025-01-10 09:04:18,411 INFO Connection check task start

2025-01-10 09:04:18,411 INFO Long connection metrics detail ,Total count =7, sdkCount=7,clusterCount=0

2025-01-10 09:04:18,411 INFO Connection check task end

2025-01-10 09:04:18,762 INFO Tps reporting...
HealthCheck|point|SECONDS|2025-01-10 09:04:17|2|0|


2025-01-10 09:04:19,666 INFO Tps reporting...
HealthCheck|point|SECONDS|2025-01-10 09:04:18|2|0|


2025-01-10 09:04:20,553 INFO ConnectionMetrics, totalCount = 8, detail = {long_connection=7, long_polling=1}

2025-01-10 09:04:20,569 INFO Tps reporting...
HealthCheck|point|SECONDS|2025-01-10 09:04:19|1|0|


2025-01-10 09:04:21,414 INFO Connection check task start

2025-01-10 09:04:21,414 INFO Long connection metrics detail ,Total count =7, sdkCount=7,clusterCount=0

2025-01-10 09:04:21,414 INFO Connection check task end

2025-01-10 09:04:21,477 INFO Tps reporting...
HealthCheck|point|SECONDS|2025-01-10 09:04:20|1|0|


2025-01-10 09:04:22,383 INFO Tps reporting...
HealthCheck|point|SECONDS|2025-01-10 09:04:21|1|0|


2025-01-10 09:04:23,293 INFO Tps reporting...
HealthCheck|point|SECONDS|2025-01-10 09:04:22|2|0|


2025-01-10 09:04:23,564 INFO ConnectionMetrics, totalCount = 8, detail = {long_connection=7, long_polling=1}

2025-01-10 09:04:24,203 INFO Tps reporting...
HealthCheck|point|SECONDS|2025-01-10 09:04:23|2|0|


2025-01-10 09:04:24,426 INFO Connection check task start

2025-01-10 09:04:24,426 INFO Long connection metrics detail ,Total count =7, sdkCount=7,clusterCount=0

2025-01-10 09:04:24,426 INFO Connection check task end

2025-01-10 09:04:25,110 INFO Tps reporting...
HealthCheck|point|SECONDS|2025-01-10 09:04:24|1|0|


2025-01-10 09:04:26,015 INFO Tps reporting...
HealthCheck|point|SECONDS|2025-01-10 09:04:25|1|0|


2025-01-10 09:04:26,572 INFO ConnectionMetrics, totalCount = 8, detail = {long_connection=7, long_polling=1}

2025-01-10 09:04:27,434 INFO Connection check task start

2025-01-10 09:04:27,434 INFO Long connection metrics detail ,Total count =7, sdkCount=7,clusterCount=0

2025-01-10 09:04:27,434 INFO Connection check task end

2025-01-10 09:04:27,833 INFO Tps reporting...
HealthCheck|point|SECONDS|2025-01-10 09:04:26|1|0|


2025-01-10 09:04:28,741 INFO Tps reporting...
HealthCheck|point|SECONDS|2025-01-10 09:04:27|2|0|


2025-01-10 09:04:29,584 INFO ConnectionMetrics, totalCount = 8, detail = {long_connection=7, long_polling=1}

2025-01-10 09:04:29,648 INFO Tps reporting...
HealthCheck|point|SECONDS|2025-01-10 09:04:28|2|0|


2025-01-10 09:04:30,446 INFO Connection check task start

2025-01-10 09:04:30,446 INFO Long connection metrics detail ,Total count =7, sdkCount=7,clusterCount=0

2025-01-10 09:04:30,446 INFO Connection check task end

2025-01-10 09:04:30,558 INFO Tps reporting...
HealthCheck|point|SECONDS|2025-01-10 09:04:29|1|0|


2025-01-10 09:04:31,468 INFO Tps reporting...
HealthCheck|point|SECONDS|2025-01-10 09:04:30|1|0|


2025-01-10 09:04:32,376 INFO Tps reporting...
HealthCheck|point|SECONDS|2025-01-10 09:04:31|1|0|


2025-01-10 09:04:32,600 INFO ConnectionMetrics, totalCount = 8, detail = {long_connection=7, long_polling=1}

2025-01-10 09:04:33,286 INFO Tps reporting...
HealthCheck|point|SECONDS|2025-01-10 09:04:32|2|0|


2025-01-10 09:04:33,461 INFO Connection check task start

2025-01-10 09:04:33,461 INFO Long connection metrics detail ,Total count =7, sdkCount=7,clusterCount=0

2025-01-10 09:04:33,461 INFO Connection check task end

2025-01-10 09:04:34,195 INFO Tps reporting...
HealthCheck|point|SECONDS|2025-01-10 09:04:33|2|0|


2025-01-10 09:04:35,104 INFO Tps reporting...
HealthCheck|point|SECONDS|2025-01-10 09:04:34|1|0|


2025-01-10 09:04:35,615 INFO ConnectionMetrics, totalCount = 8, detail = {long_connection=7, long_polling=1}

2025-01-10 09:04:36,014 INFO Tps reporting...
HealthCheck|point|SECONDS|2025-01-10 09:04:35|1|0|


2025-01-10 09:04:36,477 INFO Connection check task start

2025-01-10 09:04:36,477 INFO Long connection metrics detail ,Total count =7, sdkCount=7,clusterCount=0

2025-01-10 09:04:36,477 INFO Connection check task end

2025-01-10 09:04:37,829 INFO Tps reporting...
HealthCheck|point|SECONDS|2025-01-10 09:04:36|1|0|


2025-01-10 09:04:38,626 INFO ConnectionMetrics, totalCount = 8, detail = {long_connection=7, long_polling=1}

2025-01-10 09:04:38,738 INFO Tps reporting...
HealthCheck|point|SECONDS|2025-01-10 09:04:37|2|0|


2025-01-10 09:04:39,487 INFO Connection check task start

2025-01-10 09:04:39,487 INFO Long connection metrics detail ,Total count =7, sdkCount=7,clusterCount=0

2025-01-10 09:04:39,487 INFO Connection check task end

2025-01-10 09:04:39,647 INFO Tps reporting...
HealthCheck|point|SECONDS|2025-01-10 09:04:38|2|0|


2025-01-10 09:04:40,556 INFO Tps reporting...
HealthCheck|point|SECONDS|2025-01-10 09:04:39|1|0|


2025-01-10 09:04:41,466 INFO Tps reporting...
HealthCheck|point|SECONDS|2025-01-10 09:04:40|1|0|


2025-01-10 09:04:41,642 INFO ConnectionMetrics, totalCount = 8, detail = {long_connection=7, long_polling=1}

2025-01-10 09:04:42,376 INFO Tps reporting...
HealthCheck|point|SECONDS|2025-01-10 09:04:41|1|0|


2025-01-10 09:04:42,488 INFO Connection check task start

2025-01-10 09:04:42,488 INFO Long connection metrics detail ,Total count =7, sdkCount=7,clusterCount=0

2025-01-10 09:04:42,488 INFO Connection check task end

2025-01-10 09:04:43,285 INFO Tps reporting...
HealthCheck|point|SECONDS|2025-01-10 09:04:42|2|0|


2025-01-10 09:04:44,195 INFO Tps reporting...
HealthCheck|point|SECONDS|2025-01-10 09:04:43|2|0|


2025-01-10 09:04:44,654 INFO ConnectionMetrics, totalCount = 8, detail = {long_connection=7, long_polling=1}

2025-01-10 09:04:45,096 INFO Tps reporting...
HealthCheck|point|SECONDS|2025-01-10 09:04:44|1|0|


2025-01-10 09:04:45,495 INFO Connection check task start

2025-01-10 09:04:45,495 INFO Long connection metrics detail ,Total count =7, sdkCount=7,clusterCount=0

2025-01-10 09:04:45,495 INFO Connection check task end

2025-01-10 09:04:46,007 INFO Tps reporting...
HealthCheck|point|SECONDS|2025-01-10 09:04:45|1|0|


2025-01-10 09:04:47,663 INFO ConnectionMetrics, totalCount = 8, detail = {long_connection=7, long_polling=1}

2025-01-10 09:04:47,822 INFO Tps reporting...
HealthCheck|point|SECONDS|2025-01-10 09:04:46|1|0|


2025-01-10 09:04:48,508 INFO Connection check task start

2025-01-10 09:04:48,508 INFO Long connection metrics detail ,Total count =7, sdkCount=7,clusterCount=0

2025-01-10 09:04:48,508 INFO Connection check task end

2025-01-10 09:04:48,731 INFO Tps reporting...
HealthCheck|point|SECONDS|2025-01-10 09:04:47|2|0|


2025-01-10 09:04:49,633 INFO Tps reporting...
HealthCheck|point|SECONDS|2025-01-10 09:04:48|2|0|


2025-01-10 09:04:50,543 INFO Tps reporting...
HealthCheck|point|SECONDS|2025-01-10 09:04:49|1|0|


2025-01-10 09:04:50,670 INFO ConnectionMetrics, totalCount = 8, detail = {long_connection=7, long_polling=1}

2025-01-10 09:04:51,448 INFO Tps reporting...
HealthCheck|point|SECONDS|2025-01-10 09:04:50|1|0|


2025-01-10 09:04:51,510 INFO Connection check task start

2025-01-10 09:04:51,510 INFO Long connection metrics detail ,Total count =7, sdkCount=7,clusterCount=0

2025-01-10 09:04:51,510 INFO Connection check task end

2025-01-10 09:04:52,352 INFO Tps reporting...
HealthCheck|point|SECONDS|2025-01-10 09:04:51|1|0|


2025-01-10 09:04:53,258 INFO Tps reporting...
HealthCheck|point|SECONDS|2025-01-10 09:04:52|2|0|


2025-01-10 09:04:53,674 INFO ConnectionMetrics, totalCount = 8, detail = {long_connection=7, long_polling=1}

2025-01-10 09:04:54,169 INFO Tps reporting...
HealthCheck|point|SECONDS|2025-01-10 09:04:53|2|0|


2025-01-10 09:04:54,519 INFO Connection check task start

2025-01-10 09:04:54,519 INFO Long connection metrics detail ,Total count =7, sdkCount=7,clusterCount=0

2025-01-10 09:04:54,519 INFO Connection check task end

2025-01-10 09:04:55,077 INFO Tps reporting...
HealthCheck|point|SECONDS|2025-01-10 09:04:54|1|0|


2025-01-10 09:04:56,685 INFO ConnectionMetrics, totalCount = 8, detail = {long_connection=7, long_polling=1}

2025-01-10 09:04:56,892 INFO Tps reporting...
NAMING_RPC_PUSH_SUCCESS|point|SECONDS|2025-01-10 09:04:55|1|0|
HealthCheck|point|SECONDS|2025-01-10 09:04:55|1|0|
NAMING_RPC_PUSH|point|SECONDS|2025-01-10 09:04:55|1|0|


2025-01-10 09:04:57,526 INFO Connection check task start

2025-01-10 09:04:57,526 INFO Long connection metrics detail ,Total count =7, sdkCount=7,clusterCount=0

2025-01-10 09:04:57,526 INFO Connection check task end

2025-01-10 09:04:57,795 INFO Tps reporting...
HealthCheck|point|SECONDS|2025-01-10 09:04:56|1|0|


2025-01-10 09:04:58,701 INFO Tps reporting...
HealthCheck|point|SECONDS|2025-01-10 09:04:57|1|0|


2025-01-10 09:04:59,615 INFO Tps reporting...
HealthCheck|point|SECONDS|2025-01-10 09:04:58|2|0|


2025-01-10 09:04:59,695 INFO ConnectionMetrics, totalCount = 8, detail = {long_connection=7, long_polling=1}

2025-01-10 09:05:00,517 INFO Tps reporting...
HealthCheck|point|SECONDS|2025-01-10 09:04:59|1|0|


2025-01-10 09:05:00,533 INFO Connection check task start

2025-01-10 09:05:00,533 INFO Long connection metrics detail ,Total count =7, sdkCount=7,clusterCount=0

2025-01-10 09:05:00,533 INFO Connection check task end

2025-01-10 09:05:01,426 INFO Tps reporting...
HealthCheck|point|SECONDS|2025-01-10 09:05:00|1|0|


2025-01-10 09:05:02,335 INFO Tps reporting...
HealthCheck|point|SECONDS|2025-01-10 09:05:01|1|0|


2025-01-10 09:05:02,699 INFO ConnectionMetrics, totalCount = 8, detail = {long_connection=7, long_polling=1}

2025-01-10 09:05:03,238 INFO Tps reporting...
HealthCheck|point|SECONDS|2025-01-10 09:05:02|2|0|


2025-01-10 09:05:03,541 INFO Connection check task start

2025-01-10 09:05:03,541 INFO Long connection metrics detail ,Total count =7, sdkCount=7,clusterCount=0

2025-01-10 09:05:03,541 INFO Connection check task end

2025-01-10 09:05:04,147 INFO Tps reporting...
HealthCheck|point|SECONDS|2025-01-10 09:05:03|2|0|


2025-01-10 09:05:05,049 INFO Tps reporting...
HealthCheck|point|SECONDS|2025-01-10 09:05:04|1|0|


2025-01-10 09:05:05,700 INFO ConnectionMetrics, totalCount = 8, detail = {long_connection=7, long_polling=1}

2025-01-10 09:05:06,555 INFO Connection check task start

2025-01-10 09:05:06,555 INFO Long connection metrics detail ,Total count =7, sdkCount=7,clusterCount=0

2025-01-10 09:05:06,555 INFO Connection check task end

2025-01-10 09:05:06,856 INFO Tps reporting...
HealthCheck|point|SECONDS|2025-01-10 09:05:05|1|0|


2025-01-10 09:05:07,764 INFO Tps reporting...
HealthCheck|point|SECONDS|2025-01-10 09:05:06|1|0|


2025-01-10 09:05:08,666 INFO Tps reporting...
HealthCheck|point|SECONDS|2025-01-10 09:05:07|2|0|


2025-01-10 09:05:08,714 INFO ConnectionMetrics, totalCount = 8, detail = {long_connection=7, long_polling=1}

2025-01-10 09:05:09,569 INFO Connection check task start

2025-01-10 09:05:09,569 INFO Tps reporting...
HealthCheck|point|SECONDS|2025-01-10 09:05:08|2|0|


2025-01-10 09:05:09,569 INFO Long connection metrics detail ,Total count =7, sdkCount=7,clusterCount=0

2025-01-10 09:05:09,569 INFO Connection check task end

2025-01-10 09:05:10,472 INFO Tps reporting...
HealthCheck|point|SECONDS|2025-01-10 09:05:09|1|0|


2025-01-10 09:05:11,380 INFO Tps reporting...
HealthCheck|point|SECONDS|2025-01-10 09:05:10|1|0|


2025-01-10 09:05:11,727 INFO ConnectionMetrics, totalCount = 8, detail = {long_connection=7, long_polling=1}

2025-01-10 09:05:12,282 INFO Tps reporting...
HealthCheck|point|SECONDS|2025-01-10 09:05:11|1|0|


2025-01-10 09:05:12,583 INFO Connection check task start

2025-01-10 09:05:12,583 INFO Long connection metrics detail ,Total count =7, sdkCount=7,clusterCount=0

2025-01-10 09:05:12,583 INFO Connection check task end

2025-01-10 09:05:13,188 INFO Tps reporting...
HealthCheck|point|SECONDS|2025-01-10 09:05:12|2|0|


2025-01-10 09:05:14,094 INFO Tps reporting...
HealthCheck|point|SECONDS|2025-01-10 09:05:13|2|0|


2025-01-10 09:05:14,730 INFO ConnectionMetrics, totalCount = 8, detail = {long_connection=7, long_polling=1}

2025-01-10 09:05:15,001 INFO Tps reporting...
HealthCheck|point|SECONDS|2025-01-10 09:05:14|1|0|


2025-01-10 09:05:15,589 INFO Connection check task start

2025-01-10 09:05:15,589 INFO Long connection metrics detail ,Total count =7, sdkCount=7,clusterCount=0

2025-01-10 09:05:15,589 INFO Connection check task end

2025-01-10 09:05:16,817 INFO Tps reporting...
HealthCheck|point|SECONDS|2025-01-10 09:05:15|1|0|


2025-01-10 09:05:17,724 INFO Tps reporting...
HealthCheck|point|SECONDS|2025-01-10 09:05:16|1|0|


2025-01-10 09:05:17,740 INFO ConnectionMetrics, totalCount = 8, detail = {long_connection=7, long_polling=1}

2025-01-10 09:05:18,600 INFO Connection check task start

2025-01-10 09:05:18,600 INFO Long connection metrics detail ,Total count =7, sdkCount=7,clusterCount=0

2025-01-10 09:05:18,600 INFO Connection check task end

2025-01-10 09:05:18,633 INFO Tps reporting...
HealthCheck|point|SECONDS|2025-01-10 09:05:17|2|0|


2025-01-10 09:05:19,538 INFO Tps reporting...
HealthCheck|point|SECONDS|2025-01-10 09:05:18|2|0|


2025-01-10 09:05:20,443 INFO Tps reporting...
HealthCheck|point|SECONDS|2025-01-10 09:05:19|1|0|


2025-01-10 09:05:20,746 INFO ConnectionMetrics, totalCount = 8, detail = {long_connection=7, long_polling=1}

2025-01-10 09:05:21,351 INFO Tps reporting...
HealthCheck|point|SECONDS|2025-01-10 09:05:20|1|0|


2025-01-10 09:05:21,603 INFO Connection check task start

2025-01-10 09:05:21,603 INFO Long connection metrics detail ,Total count =7, sdkCount=7,clusterCount=0

2025-01-10 09:05:21,603 INFO Connection check task end

2025-01-10 09:05:22,267 INFO Tps reporting...
HealthCheck|point|SECONDS|2025-01-10 09:05:21|1|0|


2025-01-10 09:05:23,171 INFO Tps reporting...
HealthCheck|point|SECONDS|2025-01-10 09:05:22|2|0|


2025-01-10 09:05:23,762 INFO ConnectionMetrics, totalCount = 8, detail = {long_connection=7, long_polling=1}

2025-01-10 09:05:24,081 INFO Tps reporting...
HealthCheck|point|SECONDS|2025-01-10 09:05:23|2|0|


2025-01-10 09:05:24,607 INFO Connection check task start

2025-01-10 09:05:24,607 INFO Long connection metrics detail ,Total count =7, sdkCount=7,clusterCount=0

2025-01-10 09:05:24,607 INFO Connection check task end

2025-01-10 09:05:25,893 INFO Tps reporting...
HealthCheck|point|SECONDS|2025-01-10 09:05:24|1|0|


2025-01-10 09:05:26,767 INFO ConnectionMetrics, totalCount = 8, detail = {long_connection=7, long_polling=1}

2025-01-10 09:05:26,798 INFO Tps reporting...
HealthCheck|point|SECONDS|2025-01-10 09:05:25|1|0|


2025-01-10 09:05:27,608 INFO Connection check task start

2025-01-10 09:05:27,608 INFO Long connection metrics detail ,Total count =7, sdkCount=7,clusterCount=0

2025-01-10 09:05:27,608 INFO Connection check task end

2025-01-10 09:05:27,704 INFO Tps reporting...
HealthCheck|point|SECONDS|2025-01-10 09:05:26|1|0|


2025-01-10 09:05:28,609 INFO Tps reporting...
HealthCheck|point|SECONDS|2025-01-10 09:05:27|2|0|


2025-01-10 09:05:29,517 INFO Tps reporting...
HealthCheck|point|SECONDS|2025-01-10 09:05:28|2|0|


2025-01-10 09:05:29,772 INFO ConnectionMetrics, totalCount = 8, detail = {long_connection=7, long_polling=1}

2025-01-10 09:05:30,422 INFO Tps reporting...
HealthCheck|point|SECONDS|2025-01-10 09:05:29|1|0|


2025-01-10 09:05:30,614 INFO Connection check task start

2025-01-10 09:05:30,614 INFO Long connection metrics detail ,Total count =7, sdkCount=7,clusterCount=0

2025-01-10 09:05:30,614 INFO Connection check task end

2025-01-10 09:05:31,331 INFO Tps reporting...
HealthCheck|point|SECONDS|2025-01-10 09:05:30|1|0|


2025-01-10 09:05:32,239 INFO Tps reporting...
HealthCheck|point|SECONDS|2025-01-10 09:05:31|1|0|


2025-01-10 09:05:32,781 INFO ConnectionMetrics, totalCount = 8, detail = {long_connection=7, long_polling=1}

2025-01-10 09:05:33,148 INFO Tps reporting...
HealthCheck|point|SECONDS|2025-01-10 09:05:32|2|0|


2025-01-10 09:05:33,627 INFO Connection check task start

2025-01-10 09:05:33,627 INFO Long connection metrics detail ,Total count =7, sdkCount=7,clusterCount=0

2025-01-10 09:05:33,627 INFO Connection check task end

2025-01-10 09:05:34,053 INFO Tps reporting...
HealthCheck|point|SECONDS|2025-01-10 09:05:33|2|0|


2025-01-10 09:05:35,787 INFO ConnectionMetrics, totalCount = 8, detail = {long_connection=7, long_polling=1}

2025-01-10 09:05:35,867 INFO Tps reporting...
HealthCheck|point|SECONDS|2025-01-10 09:05:34|1|0|


2025-01-10 09:05:36,631 INFO Connection check task start

2025-01-10 09:05:36,631 INFO Long connection metrics detail ,Total count =7, sdkCount=7,clusterCount=0

2025-01-10 09:05:36,631 INFO Connection check task end

2025-01-10 09:05:36,773 INFO Tps reporting...
HealthCheck|point|SECONDS|2025-01-10 09:05:35|1|0|


2025-01-10 09:05:37,684 INFO Tps reporting...
HealthCheck|point|SECONDS|2025-01-10 09:05:36|1|0|


2025-01-10 09:05:38,593 INFO Tps reporting...
HealthCheck|point|SECONDS|2025-01-10 09:05:37|2|0|


2025-01-10 09:05:38,799 INFO ConnectionMetrics, totalCount = 8, detail = {long_connection=7, long_polling=1}

2025-01-10 09:05:39,499 INFO Tps reporting...
HealthCheck|point|SECONDS|2025-01-10 09:05:38|2|0|


2025-01-10 09:05:39,642 INFO Connection check task start

2025-01-10 09:05:39,642 INFO Long connection metrics detail ,Total count =7, sdkCount=7,clusterCount=0

2025-01-10 09:05:39,642 INFO Connection check task end

2025-01-10 09:05:40,405 INFO Tps reporting...
HealthCheck|point|SECONDS|2025-01-10 09:05:39|1|0|


2025-01-10 09:05:41,308 INFO Tps reporting...
HealthCheck|point|SECONDS|2025-01-10 09:05:40|1|0|


2025-01-10 09:05:41,803 INFO ConnectionMetrics, totalCount = 8, detail = {long_connection=7, long_polling=1}

2025-01-10 09:05:42,219 INFO Tps reporting...
HealthCheck|point|SECONDS|2025-01-10 09:05:41|1|0|


2025-01-10 09:05:42,650 INFO Connection check task start

2025-01-10 09:05:42,650 INFO Long connection metrics detail ,Total count =7, sdkCount=7,clusterCount=0

2025-01-10 09:05:42,650 INFO Connection check task end

2025-01-10 09:05:43,129 INFO Tps reporting...
HealthCheck|point|SECONDS|2025-01-10 09:05:42|2|0|


2025-01-10 09:05:44,038 INFO Tps reporting...
HealthCheck|point|SECONDS|2025-01-10 09:05:43|2|0|


2025-01-10 09:05:44,804 INFO ConnectionMetrics, totalCount = 8, detail = {long_connection=7, long_polling=1}

2025-01-10 09:05:45,665 INFO Connection check task start

2025-01-10 09:05:45,665 INFO Long connection metrics detail ,Total count =7, sdkCount=7,clusterCount=0

2025-01-10 09:05:45,665 INFO Connection check task end

2025-01-10 09:05:45,856 INFO Tps reporting...
HealthCheck|point|SECONDS|2025-01-10 09:05:44|1|0|


2025-01-10 09:05:46,764 INFO Tps reporting...
HealthCheck|point|SECONDS|2025-01-10 09:05:45|1|0|


2025-01-10 09:05:47,672 INFO Tps reporting...
HealthCheck|point|SECONDS|2025-01-10 09:05:46|1|0|


2025-01-10 09:05:47,815 INFO ConnectionMetrics, totalCount = 8, detail = {long_connection=7, long_polling=1}

2025-01-10 09:05:48,581 INFO Tps reporting...
HealthCheck|point|SECONDS|2025-01-10 09:05:47|2|0|


2025-01-10 09:05:48,677 INFO Connection check task start

2025-01-10 09:05:48,677 INFO Long connection metrics detail ,Total count =7, sdkCount=7,clusterCount=0

2025-01-10 09:05:48,677 INFO Connection check task end

2025-01-10 09:05:49,492 INFO Tps reporting...
HealthCheck|point|SECONDS|2025-01-10 09:05:48|2|0|


2025-01-10 09:05:50,399 INFO Tps reporting...
HealthCheck|point|SECONDS|2025-01-10 09:05:49|1|0|


2025-01-10 09:05:50,826 INFO ConnectionMetrics, totalCount = 8, detail = {long_connection=7, long_polling=1}

2025-01-10 09:05:51,304 INFO Tps reporting...
HealthCheck|point|SECONDS|2025-01-10 09:05:50|1|0|


2025-01-10 09:05:51,684 INFO Connection check task start

2025-01-10 09:05:51,684 INFO Long connection metrics detail ,Total count =7, sdkCount=7,clusterCount=0

2025-01-10 09:05:51,684 INFO Connection check task end

2025-01-10 09:05:52,206 INFO Tps reporting...
HealthCheck|point|SECONDS|2025-01-10 09:05:51|1|0|


2025-01-10 09:05:53,117 INFO Tps reporting...
HealthCheck|point|SECONDS|2025-01-10 09:05:52|2|0|


2025-01-10 09:05:53,835 INFO ConnectionMetrics, totalCount = 8, detail = {long_connection=7, long_polling=1}

2025-01-10 09:05:54,026 INFO Tps reporting...
HealthCheck|point|SECONDS|2025-01-10 09:05:53|2|0|


2025-01-10 09:05:54,696 INFO Connection check task start

2025-01-10 09:05:54,696 INFO Long connection metrics detail ,Total count =7, sdkCount=7,clusterCount=0

2025-01-10 09:05:54,696 INFO Connection check task end

2025-01-10 09:05:55,844 INFO Tps reporting...
HealthCheck|point|SECONDS|2025-01-10 09:05:54|1|0|


2025-01-10 09:05:56,754 INFO Tps reporting...
HealthCheck|point|SECONDS|2025-01-10 09:05:55|1|0|


2025-01-10 09:05:56,849 INFO ConnectionMetrics, totalCount = 8, detail = {long_connection=7, long_polling=1}

2025-01-10 09:05:57,663 INFO Tps reporting...
HealthCheck|point|SECONDS|2025-01-10 09:05:56|1|0|


2025-01-10 09:05:57,710 INFO Connection check task start

2025-01-10 09:05:57,710 INFO Long connection metrics detail ,Total count =7, sdkCount=7,clusterCount=0

2025-01-10 09:05:57,710 INFO Connection check task end

2025-01-10 09:05:58,569 INFO Tps reporting...
HealthCheck|point|SECONDS|2025-01-10 09:05:57|2|0|


2025-01-10 09:05:59,476 INFO Tps reporting...
HealthCheck|point|SECONDS|2025-01-10 09:05:58|2|0|


2025-01-10 09:05:59,859 INFO ConnectionMetrics, totalCount = 8, detail = {long_connection=7, long_polling=1}

2025-01-10 09:06:00,385 INFO Tps reporting...
HealthCheck|point|SECONDS|2025-01-10 09:05:59|1|0|


2025-01-10 09:06:00,720 INFO Connection check task start

2025-01-10 09:06:00,720 INFO Long connection metrics detail ,Total count =7, sdkCount=7,clusterCount=0

2025-01-10 09:06:00,720 INFO Connection check task end

2025-01-10 09:06:01,295 INFO Tps reporting...
HealthCheck|point|SECONDS|2025-01-10 09:06:00|1|0|


2025-01-10 09:06:02,205 INFO Tps reporting...
HealthCheck|point|SECONDS|2025-01-10 09:06:01|1|0|


2025-01-10 09:06:02,875 INFO ConnectionMetrics, totalCount = 8, detail = {long_connection=7, long_polling=1}

2025-01-10 09:06:03,115 INFO Tps reporting...
HealthCheck|point|SECONDS|2025-01-10 09:06:02|2|0|


2025-01-10 09:06:03,736 INFO Connection check task start

2025-01-10 09:06:03,736 INFO Long connection metrics detail ,Total count =7, sdkCount=7,clusterCount=0

2025-01-10 09:06:03,736 INFO Connection check task end

2025-01-10 09:06:04,024 INFO Tps reporting...
HealthCheck|point|SECONDS|2025-01-10 09:06:03|2|0|


2025-01-10 09:06:05,841 INFO Tps reporting...
HealthCheck|point|SECONDS|2025-01-10 09:06:04|1|0|


2025-01-10 09:06:05,889 INFO ConnectionMetrics, totalCount = 8, detail = {long_connection=7, long_polling=1}

2025-01-10 09:06:06,747 INFO Connection check task start

2025-01-10 09:06:06,747 INFO Tps reporting...
HealthCheck|point|SECONDS|2025-01-10 09:06:05|1|0|


2025-01-10 09:06:06,747 INFO Long connection metrics detail ,Total count =7, sdkCount=7,clusterCount=0

2025-01-10 09:06:06,747 INFO Connection check task end

2025-01-10 09:06:07,656 INFO Tps reporting...
HealthCheck|point|SECONDS|2025-01-10 09:06:06|1|0|


2025-01-10 09:06:08,564 INFO Tps reporting...
HealthCheck|point|SECONDS|2025-01-10 09:06:07|2|0|


2025-01-10 09:06:08,897 INFO ConnectionMetrics, totalCount = 8, detail = {long_connection=7, long_polling=1}

2025-01-10 09:06:09,471 INFO Tps reporting...
HealthCheck|point|SECONDS|2025-01-10 09:06:08|2|0|


2025-01-10 09:06:09,759 INFO Connection check task start

2025-01-10 09:06:09,759 INFO Long connection metrics detail ,Total count =7, sdkCount=7,clusterCount=0

2025-01-10 09:06:09,759 INFO Connection check task end

2025-01-10 09:06:10,382 INFO Tps reporting...
HealthCheck|point|SECONDS|2025-01-10 09:06:09|1|0|


2025-01-10 09:06:11,293 INFO Tps reporting...
HealthCheck|point|SECONDS|2025-01-10 09:06:10|1|0|


2025-01-10 09:06:11,899 INFO ConnectionMetrics, totalCount = 8, detail = {long_connection=7, long_polling=1}

2025-01-10 09:06:12,202 INFO Tps reporting...
HealthCheck|point|SECONDS|2025-01-10 09:06:11|1|0|


2025-01-10 09:06:12,759 INFO Connection check task start

2025-01-10 09:06:12,759 INFO Long connection metrics detail ,Total count =7, sdkCount=7,clusterCount=0

2025-01-10 09:06:12,759 INFO Connection check task end

2025-01-10 09:06:13,111 INFO Tps reporting...
HealthCheck|point|SECONDS|2025-01-10 09:06:12|2|0|


2025-01-10 09:06:14,020 INFO Tps reporting...
HealthCheck|point|SECONDS|2025-01-10 09:06:13|2|0|


2025-01-10 09:06:14,912 INFO ConnectionMetrics, totalCount = 8, detail = {long_connection=7, long_polling=1}

2025-01-10 09:06:15,771 INFO Connection check task start

2025-01-10 09:06:15,771 INFO Long connection metrics detail ,Total count =7, sdkCount=7,clusterCount=0

2025-01-10 09:06:15,771 INFO Connection check task end

2025-01-10 09:06:15,835 INFO Tps reporting...
HealthCheck|point|SECONDS|2025-01-10 09:06:14|1|0|


2025-01-10 09:06:16,745 INFO Tps reporting...
HealthCheck|point|SECONDS|2025-01-10 09:06:15|1|0|


2025-01-10 09:06:17,654 INFO Tps reporting...
HealthCheck|point|SECONDS|2025-01-10 09:06:16|1|0|


2025-01-10 09:06:17,927 INFO ConnectionMetrics, totalCount = 8, detail = {long_connection=7, long_polling=1}

2025-01-10 09:06:18,563 INFO Tps reporting...
HealthCheck|point|SECONDS|2025-01-10 09:06:17|2|0|


2025-01-10 09:06:18,785 INFO Connection check task start

2025-01-10 09:06:18,785 INFO Long connection metrics detail ,Total count =7, sdkCount=7,clusterCount=0

2025-01-10 09:06:18,785 INFO Connection check task end

2025-01-10 09:06:19,468 INFO Tps reporting...
HealthCheck|point|SECONDS|2025-01-10 09:06:18|2|0|


2025-01-10 09:06:20,376 INFO Tps reporting...
HealthCheck|point|SECONDS|2025-01-10 09:06:19|1|0|


2025-01-10 09:06:20,932 INFO ConnectionMetrics, totalCount = 8, detail = {long_connection=7, long_polling=1}

2025-01-10 09:06:21,280 INFO Tps reporting...
HealthCheck|point|SECONDS|2025-01-10 09:06:20|1|0|


2025-01-10 09:06:21,790 INFO Connection check task start

2025-01-10 09:06:21,791 INFO Long connection metrics detail ,Total count =7, sdkCount=7,clusterCount=0

2025-01-10 09:06:21,791 INFO Connection check task end

2025-01-10 09:06:22,184 INFO Tps reporting...
HealthCheck|point|SECONDS|2025-01-10 09:06:21|1|0|


2025-01-10 09:06:23,090 INFO Tps reporting...
HealthCheck|point|SECONDS|2025-01-10 09:06:22|2|0|


2025-01-10 09:06:23,948 INFO ConnectionMetrics, totalCount = 8, detail = {long_connection=7, long_polling=1}

2025-01-10 09:06:24,794 INFO Connection check task start

2025-01-10 09:06:24,794 INFO Long connection metrics detail ,Total count =7, sdkCount=7,clusterCount=0

2025-01-10 09:06:24,794 INFO Connection check task end

2025-01-10 09:06:24,905 INFO Tps reporting...
HealthCheck|point|SECONDS|2025-01-10 09:06:23|2|0|


2025-01-10 09:06:25,815 INFO Tps reporting...
HealthCheck|point|SECONDS|2025-01-10 09:06:24|1|0|


2025-01-10 09:06:26,949 INFO ConnectionMetrics, totalCount = 8, detail = {long_connection=7, long_polling=1}

2025-01-10 09:06:27,635 INFO Tps reporting...
HealthCheck|point|SECONDS|2025-01-10 09:06:26|2|0|


2025-01-10 09:06:27,795 INFO Connection check task start

2025-01-10 09:06:27,795 INFO Long connection metrics detail ,Total count =7, sdkCount=7,clusterCount=0

2025-01-10 09:06:27,795 INFO Connection check task end

2025-01-10 09:06:28,544 INFO Tps reporting...
HealthCheck|point|SECONDS|2025-01-10 09:06:27|2|0|


2025-01-10 09:06:29,454 INFO Tps reporting...
HealthCheck|point|SECONDS|2025-01-10 09:06:28|2|0|


2025-01-10 09:06:29,963 INFO ConnectionMetrics, totalCount = 8, detail = {long_connection=7, long_polling=1}

2025-01-10 09:06:30,362 INFO Tps reporting...
HealthCheck|point|SECONDS|2025-01-10 09:06:29|1|0|


2025-01-10 09:06:30,808 INFO Connection check task start

2025-01-10 09:06:30,808 INFO Long connection metrics detail ,Total count =7, sdkCount=7,clusterCount=0

2025-01-10 09:06:30,808 INFO Connection check task end

2025-01-10 09:06:32,181 INFO Tps reporting...
HealthCheck|point|SECONDS|2025-01-10 09:06:31|2|0|


2025-01-10 09:06:32,977 INFO ConnectionMetrics, totalCount = 8, detail = {long_connection=7, long_polling=1}

2025-01-10 09:06:33,089 INFO Tps reporting...
HealthCheck|point|SECONDS|2025-01-10 09:06:32|2|0|


2025-01-10 09:06:33,820 INFO Connection check task start

2025-01-10 09:06:33,820 INFO Long connection metrics detail ,Total count =7, sdkCount=7,clusterCount=0

2025-01-10 09:06:33,820 INFO Connection check task end

2025-01-10 09:06:34,902 INFO Tps reporting...
HealthCheck|point|SECONDS|2025-01-10 09:06:33|2|0|


2025-01-10 09:06:35,811 INFO Tps reporting...
HealthCheck|point|SECONDS|2025-01-10 09:06:34|1|0|


2025-01-10 09:06:35,987 INFO ConnectionMetrics, totalCount = 8, detail = {long_connection=7, long_polling=1}

2025-01-10 09:06:36,833 INFO Connection check task start

2025-01-10 09:06:36,833 INFO Long connection metrics detail ,Total count =7, sdkCount=7,clusterCount=0

2025-01-10 09:06:36,833 INFO Connection check task end

2025-01-10 09:06:37,630 INFO Tps reporting...
HealthCheck|point|SECONDS|2025-01-10 09:06:36|2|0|


2025-01-10 09:06:38,538 INFO Tps reporting...
HealthCheck|point|SECONDS|2025-01-10 09:06:37|2|0|


2025-01-10 09:06:39,000 INFO ConnectionMetrics, totalCount = 8, detail = {long_connection=7, long_polling=1}

2025-01-10 09:06:39,445 INFO Tps reporting...
HealthCheck|point|SECONDS|2025-01-10 09:06:38|1|0|


2025-01-10 09:06:39,845 INFO Connection check task start

2025-01-10 09:06:39,845 INFO Long connection metrics detail ,Total count =7, sdkCount=7,clusterCount=0

2025-01-10 09:06:39,845 INFO Connection check task end

2025-01-10 09:06:40,355 INFO Tps reporting...
HealthCheck|point|SECONDS|2025-01-10 09:06:39|2|0|


2025-01-10 09:06:42,014 INFO ConnectionMetrics, totalCount = 8, detail = {long_connection=7, long_polling=1}

2025-01-10 09:06:42,174 INFO Tps reporting...
HealthCheck|point|SECONDS|2025-01-10 09:06:41|2|0|


2025-01-10 09:06:42,857 INFO Connection check task start

2025-01-10 09:06:42,857 INFO Long connection metrics detail ,Total count =7, sdkCount=7,clusterCount=0

2025-01-10 09:06:42,857 INFO Connection check task end

2025-01-10 09:06:43,081 INFO Tps reporting...
HealthCheck|point|SECONDS|2025-01-10 09:06:42|2|0|


2025-01-10 09:06:44,899 INFO Tps reporting...
HealthCheck|point|SECONDS|2025-01-10 09:06:43|1|0|


2025-01-10 09:06:45,027 INFO ConnectionMetrics, totalCount = 8, detail = {long_connection=7, long_polling=1}

2025-01-10 09:06:45,809 INFO Tps reporting...
HealthCheck|point|SECONDS|2025-01-10 09:06:44|2|0|


2025-01-10 09:06:45,873 INFO Connection check task start

2025-01-10 09:06:45,873 INFO Long connection metrics detail ,Total count =7, sdkCount=7,clusterCount=0

2025-01-10 09:06:45,873 INFO Connection check task end

2025-01-10 09:06:47,622 INFO Tps reporting...
HealthCheck|point|SECONDS|2025-01-10 09:06:46|2|0|


2025-01-10 09:06:48,037 INFO ConnectionMetrics, totalCount = 8, detail = {long_connection=7, long_polling=1}

2025-01-10 09:06:48,531 INFO Tps reporting...
HealthCheck|point|SECONDS|2025-01-10 09:06:47|2|0|


2025-01-10 09:06:48,880 INFO Connection check task start

2025-01-10 09:06:48,880 INFO Long connection metrics detail ,Total count =7, sdkCount=7,clusterCount=0

2025-01-10 09:06:48,880 INFO Connection check task end

2025-01-10 09:06:49,439 INFO Tps reporting...
HealthCheck|point|SECONDS|2025-01-10 09:06:48|1|0|


2025-01-10 09:06:50,349 INFO Tps reporting...
HealthCheck|point|SECONDS|2025-01-10 09:06:49|2|0|


2025-01-10 09:06:51,053 INFO ConnectionMetrics, totalCount = 8, detail = {long_connection=7, long_polling=1}

2025-01-10 09:06:51,895 INFO Connection check task start

2025-01-10 09:06:51,895 INFO Long connection metrics detail ,Total count =7, sdkCount=7,clusterCount=0

2025-01-10 09:06:51,895 INFO Connection check task end

2025-01-10 09:06:52,166 INFO Tps reporting...
HealthCheck|point|SECONDS|2025-01-10 09:06:51|2|0|


2025-01-10 09:06:53,074 INFO Tps reporting...
HealthCheck|point|SECONDS|2025-01-10 09:06:52|2|0|


2025-01-10 09:06:54,062 INFO ConnectionMetrics, totalCount = 8, detail = {long_connection=7, long_polling=1}

2025-01-10 09:06:54,890 INFO Tps reporting...
HealthCheck|point|SECONDS|2025-01-10 09:06:53|1|0|


2025-01-10 09:06:54,906 INFO Connection check task start

2025-01-10 09:06:54,906 INFO Long connection metrics detail ,Total count =7, sdkCount=7,clusterCount=0

2025-01-10 09:06:54,906 INFO Connection check task end

2025-01-10 09:06:55,794 INFO Tps reporting...
HealthCheck|point|SECONDS|2025-01-10 09:06:54|2|0|


2025-01-10 09:06:57,069 INFO ConnectionMetrics, totalCount = 8, detail = {long_connection=7, long_polling=1}

2025-01-10 09:06:57,612 INFO Tps reporting...
HealthCheck|point|SECONDS|2025-01-10 09:06:56|2|0|


2025-01-10 09:06:57,915 INFO Connection check task start

2025-01-10 09:06:57,915 INFO Long connection metrics detail ,Total count =7, sdkCount=7,clusterCount=0

2025-01-10 09:06:57,915 INFO Connection check task end

2025-01-10 09:06:58,521 INFO Tps reporting...
HealthCheck|point|SECONDS|2025-01-10 09:06:57|2|0|


2025-01-10 09:07:00,078 INFO ConnectionMetrics, totalCount = 8, detail = {long_connection=7, long_polling=1}

2025-01-10 09:07:00,331 INFO Tps reporting...
HealthCheck|point|SECONDS|2025-01-10 09:06:59|3|0|


2025-01-10 09:07:00,921 INFO Connection check task start

2025-01-10 09:07:00,921 INFO Long connection metrics detail ,Total count =7, sdkCount=7,clusterCount=0

2025-01-10 09:07:00,921 INFO Connection check task end

2025-01-10 09:07:02,150 INFO Tps reporting...
HealthCheck|point|SECONDS|2025-01-10 09:07:01|2|0|


2025-01-10 09:07:03,060 INFO Tps reporting...
HealthCheck|point|SECONDS|2025-01-10 09:07:02|2|0|


2025-01-10 09:07:03,092 INFO ConnectionMetrics, totalCount = 8, detail = {long_connection=7, long_polling=1}

2025-01-10 09:07:03,922 INFO Connection check task start

2025-01-10 09:07:03,922 INFO Long connection metrics detail ,Total count =7, sdkCount=7,clusterCount=0

2025-01-10 09:07:03,922 INFO Connection check task end

2025-01-10 09:07:05,789 INFO Tps reporting...
HealthCheck|point|SECONDS|2025-01-10 09:07:04|3|0|


2025-01-10 09:07:06,092 INFO ConnectionMetrics, totalCount = 8, detail = {long_connection=7, long_polling=1}

2025-01-10 09:07:06,936 INFO Connection check task start

2025-01-10 09:07:06,936 INFO Long connection metrics detail ,Total count =7, sdkCount=7,clusterCount=0

2025-01-10 09:07:06,936 INFO Connection check task end

2025-01-10 09:07:07,605 INFO Tps reporting...
HealthCheck|point|SECONDS|2025-01-10 09:07:06|2|0|


2025-01-10 09:07:08,514 INFO Tps reporting...
HealthCheck|point|SECONDS|2025-01-10 09:07:07|2|0|


2025-01-10 09:07:09,106 INFO ConnectionMetrics, totalCount = 8, detail = {long_connection=7, long_polling=1}

2025-01-10 09:07:09,937 INFO Connection check task start

2025-01-10 09:07:09,937 INFO Long connection metrics detail ,Total count =7, sdkCount=7,clusterCount=0

2025-01-10 09:07:09,937 INFO Connection check task end

2025-01-10 09:07:10,336 INFO Tps reporting...
HealthCheck|point|SECONDS|2025-01-10 09:07:09|3|0|


2025-01-10 09:07:12,107 INFO ConnectionMetrics, totalCount = 8, detail = {long_connection=7, long_polling=1}

2025-01-10 09:07:12,155 INFO Tps reporting...
HealthCheck|point|SECONDS|2025-01-10 09:07:11|2|0|


2025-01-10 09:07:12,952 INFO Connection check task start

2025-01-10 09:07:12,952 INFO Long connection metrics detail ,Total count =7, sdkCount=7,clusterCount=0

2025-01-10 09:07:12,952 INFO Connection check task end

2025-01-10 09:07:13,063 INFO Tps reporting...
HealthCheck|point|SECONDS|2025-01-10 09:07:12|2|0|


2025-01-10 09:07:15,121 INFO ConnectionMetrics, totalCount = 8, detail = {long_connection=7, long_polling=1}

2025-01-10 09:07:15,791 INFO Tps reporting...
HealthCheck|point|SECONDS|2025-01-10 09:07:14|3|0|


2025-01-10 09:07:15,967 INFO Connection check task start

2025-01-10 09:07:15,967 INFO Long connection metrics detail ,Total count =7, sdkCount=7,clusterCount=0

2025-01-10 09:07:15,967 INFO Connection check task end

2025-01-10 09:07:17,609 INFO Tps reporting...
HealthCheck|point|SECONDS|2025-01-10 09:07:16|2|0|


2025-01-10 09:07:18,136 INFO ConnectionMetrics, totalCount = 8, detail = {long_connection=7, long_polling=1}

2025-01-10 09:07:18,519 INFO Tps reporting...
HealthCheck|point|SECONDS|2025-01-10 09:07:17|2|0|


2025-01-10 09:07:18,980 INFO Connection check task start

2025-01-10 09:07:18,980 INFO Long connection metrics detail ,Total count =7, sdkCount=7,clusterCount=0

2025-01-10 09:07:18,980 INFO Connection check task end

2025-01-10 09:07:20,335 INFO Tps reporting...
HealthCheck|point|SECONDS|2025-01-10 09:07:19|3|0|


2025-01-10 09:07:21,143 INFO ConnectionMetrics, totalCount = 8, detail = {long_connection=7, long_polling=1}

2025-01-10 09:07:21,984 INFO Connection check task start

2025-01-10 09:07:21,984 INFO Long connection metrics detail ,Total count =7, sdkCount=7,clusterCount=0

2025-01-10 09:07:21,984 INFO Connection check task end

2025-01-10 09:07:22,144 INFO Tps reporting...
HealthCheck|point|SECONDS|2025-01-10 09:07:21|2|0|


2025-01-10 09:07:23,052 INFO Tps reporting...
HealthCheck|point|SECONDS|2025-01-10 09:07:22|2|0|


2025-01-10 09:07:24,154 INFO ConnectionMetrics, totalCount = 8, detail = {long_connection=7, long_polling=1}

2025-01-10 09:07:24,999 INFO Connection check task start

2025-01-10 09:07:24,999 INFO Long connection metrics detail ,Total count =7, sdkCount=7,clusterCount=0

2025-01-10 09:07:24,999 INFO Connection check task end

2025-01-10 09:07:25,779 INFO Tps reporting...
HealthCheck|point|SECONDS|2025-01-10 09:07:24|3|0|


2025-01-10 09:07:27,168 INFO ConnectionMetrics, totalCount = 8, detail = {long_connection=7, long_polling=1}

2025-01-10 09:07:27,599 INFO Tps reporting...
HealthCheck|point|SECONDS|2025-01-10 09:07:26|2|0|


2025-01-10 09:07:28,015 INFO Connection check task start

2025-01-10 09:07:28,015 INFO Long connection metrics detail ,Total count =7, sdkCount=7,clusterCount=0

2025-01-10 09:07:28,015 INFO Connection check task end

2025-01-10 09:07:28,504 INFO Tps reporting...
HealthCheck|point|SECONDS|2025-01-10 09:07:27|2|0|


2025-01-10 09:07:30,173 INFO ConnectionMetrics, totalCount = 8, detail = {long_connection=7, long_polling=1}

2025-01-10 09:07:30,316 INFO Tps reporting...
HealthCheck|point|SECONDS|2025-01-10 09:07:29|3|0|


2025-01-10 09:07:31,016 INFO Connection check task start

2025-01-10 09:07:31,016 INFO Long connection metrics detail ,Total count =7, sdkCount=7,clusterCount=0

2025-01-10 09:07:31,016 INFO Connection check task end

2025-01-10 09:07:32,133 INFO Tps reporting...
HealthCheck|point|SECONDS|2025-01-10 09:07:31|2|0|


2025-01-10 09:07:33,042 INFO Tps reporting...
HealthCheck|point|SECONDS|2025-01-10 09:07:32|2|0|


2025-01-10 09:07:33,186 INFO ConnectionMetrics, totalCount = 8, detail = {long_connection=7, long_polling=1}

2025-01-10 09:07:34,030 INFO Connection check task start

2025-01-10 09:07:34,030 INFO Long connection metrics detail ,Total count =7, sdkCount=7,clusterCount=0

2025-01-10 09:07:34,030 INFO Connection check task end

2025-01-10 09:07:35,770 INFO Tps reporting...
HealthCheck|point|SECONDS|2025-01-10 09:07:34|3|0|


2025-01-10 09:07:36,201 INFO ConnectionMetrics, totalCount = 8, detail = {long_connection=7, long_polling=1}

2025-01-10 09:07:37,046 INFO Connection check task start

2025-01-10 09:07:37,046 INFO Long connection metrics detail ,Total count =7, sdkCount=7,clusterCount=0

2025-01-10 09:07:37,046 INFO Connection check task end

2025-01-10 09:07:37,589 INFO Tps reporting...
HealthCheck|point|SECONDS|2025-01-10 09:07:36|2|0|


2025-01-10 09:07:38,497 INFO Tps reporting...
HealthCheck|point|SECONDS|2025-01-10 09:07:37|2|0|


2025-01-10 09:07:39,215 INFO ConnectionMetrics, totalCount = 8, detail = {long_connection=7, long_polling=1}

2025-01-10 09:07:40,058 INFO Connection check task start

2025-01-10 09:07:40,058 INFO Long connection metrics detail ,Total count =7, sdkCount=7,clusterCount=0

2025-01-10 09:07:40,058 INFO Connection check task end

2025-01-10 09:07:40,314 INFO Tps reporting...
HealthCheck|point|SECONDS|2025-01-10 09:07:39|3|0|


2025-01-10 09:07:42,134 INFO Tps reporting...
HealthCheck|point|SECONDS|2025-01-10 09:07:41|2|0|


2025-01-10 09:07:42,229 INFO ConnectionMetrics, totalCount = 8, detail = {long_connection=7, long_polling=1}

2025-01-10 09:07:43,042 INFO Tps reporting...
HealthCheck|point|SECONDS|2025-01-10 09:07:42|2|0|


2025-01-10 09:07:43,074 INFO Connection check task start

2025-01-10 09:07:43,074 INFO Long connection metrics detail ,Total count =7, sdkCount=7,clusterCount=0

2025-01-10 09:07:43,074 INFO Connection check task end

2025-01-10 09:07:45,241 INFO ConnectionMetrics, totalCount = 8, detail = {long_connection=7, long_polling=1}

2025-01-10 09:07:45,769 INFO Tps reporting...
HealthCheck|point|SECONDS|2025-01-10 09:07:44|3|0|


2025-01-10 09:07:46,088 INFO Connection check task start

2025-01-10 09:07:46,088 INFO Long connection metrics detail ,Total count =7, sdkCount=7,clusterCount=0

2025-01-10 09:07:46,088 INFO Connection check task end

2025-01-10 09:07:47,586 INFO Tps reporting...
HealthCheck|point|SECONDS|2025-01-10 09:07:46|2|0|


2025-01-10 09:07:48,256 INFO ConnectionMetrics, totalCount = 8, detail = {long_connection=7, long_polling=1}

2025-01-10 09:07:48,495 INFO Tps reporting...
HealthCheck|point|SECONDS|2025-01-10 09:07:47|2|0|


2025-01-10 09:07:49,103 INFO Connection check task start

2025-01-10 09:07:49,103 INFO Long connection metrics detail ,Total count =7, sdkCount=7,clusterCount=0

2025-01-10 09:07:49,103 INFO Connection check task end

2025-01-10 09:07:50,316 INFO Tps reporting...
HealthCheck|point|SECONDS|2025-01-10 09:07:49|3|0|


2025-01-10 09:07:51,267 INFO ConnectionMetrics, totalCount = 8, detail = {long_connection=7, long_polling=1}

2025-01-10 09:07:52,110 INFO Connection check task start

2025-01-10 09:07:52,110 INFO Long connection metrics detail ,Total count =7, sdkCount=7,clusterCount=0

2025-01-10 09:07:52,110 INFO Connection check task end

2025-01-10 09:07:52,126 INFO Tps reporting...
HealthCheck|point|SECONDS|2025-01-10 09:07:51|2|0|


2025-01-10 09:07:53,032 INFO Tps reporting...
HealthCheck|point|SECONDS|2025-01-10 09:07:52|2|0|


2025-01-10 09:07:54,278 INFO ConnectionMetrics, totalCount = 8, detail = {long_connection=7, long_polling=1}

2025-01-10 09:07:55,124 INFO Connection check task start

2025-01-10 09:07:55,124 INFO Long connection metrics detail ,Total count =7, sdkCount=7,clusterCount=0

2025-01-10 09:07:55,124 INFO Connection check task end

2025-01-10 09:07:55,762 INFO Tps reporting...
HealthCheck|point|SECONDS|2025-01-10 09:07:54|3|0|


2025-01-10 09:07:57,289 INFO ConnectionMetrics, totalCount = 8, detail = {long_connection=7, long_polling=1}

2025-01-10 09:07:57,574 INFO Tps reporting...
HealthCheck|point|SECONDS|2025-01-10 09:07:56|2|0|


2025-01-10 09:07:58,133 INFO Connection check task start

2025-01-10 09:07:58,133 INFO Long connection metrics detail ,Total count =7, sdkCount=7,clusterCount=0

2025-01-10 09:07:58,133 INFO Connection check task end

2025-01-10 09:07:58,484 INFO Tps reporting...
HealthCheck|point|SECONDS|2025-01-10 09:07:57|2|0|


2025-01-10 09:08:00,301 INFO Tps reporting...
HealthCheck|point|SECONDS|2025-01-10 09:07:59|3|0|


2025-01-10 09:08:00,301 INFO ConnectionMetrics, totalCount = 8, detail = {long_connection=7, long_polling=1}

2025-01-10 09:08:01,145 INFO Connection check task start

2025-01-10 09:08:01,145 INFO Long connection metrics detail ,Total count =7, sdkCount=7,clusterCount=0

2025-01-10 09:08:01,145 INFO Connection check task end

2025-01-10 09:08:02,114 INFO Tps reporting...
HealthCheck|point|SECONDS|2025-01-10 09:08:01|2|0|


2025-01-10 09:08:03,023 INFO Tps reporting...
HealthCheck|point|SECONDS|2025-01-10 09:08:02|2|0|


2025-01-10 09:08:03,310 INFO ConnectionMetrics, totalCount = 8, detail = {long_connection=7, long_polling=1}

2025-01-10 09:08:04,157 INFO Connection check task start

2025-01-10 09:08:04,157 INFO Long connection metrics detail ,Total count =7, sdkCount=7,clusterCount=0

2025-01-10 09:08:04,157 INFO Connection check task end

2025-01-10 09:08:05,750 INFO Tps reporting...
HealthCheck|point|SECONDS|2025-01-10 09:08:04|3|0|


2025-01-10 09:08:06,322 INFO ConnectionMetrics, totalCount = 8, detail = {long_connection=7, long_polling=1}

2025-01-10 09:08:07,168 INFO Connection check task start

2025-01-10 09:08:07,168 INFO Long connection metrics detail ,Total count =7, sdkCount=7,clusterCount=0

2025-01-10 09:08:07,168 INFO Connection check task end

2025-01-10 09:08:07,566 INFO Tps reporting...
HealthCheck|point|SECONDS|2025-01-10 09:08:06|2|0|


2025-01-10 09:08:08,471 INFO Tps reporting...
HealthCheck|point|SECONDS|2025-01-10 09:08:07|2|0|


2025-01-10 09:08:09,332 INFO ConnectionMetrics, totalCount = 8, detail = {long_connection=7, long_polling=1}

2025-01-10 09:08:10,176 INFO Connection check task start

2025-01-10 09:08:10,176 INFO Long connection metrics detail ,Total count =7, sdkCount=7,clusterCount=0

2025-01-10 09:08:10,176 INFO Connection check task end

2025-01-10 09:08:10,287 INFO Tps reporting...
HealthCheck|point|SECONDS|2025-01-10 09:08:09|3|0|


2025-01-10 09:08:12,109 INFO Tps reporting...
HealthCheck|point|SECONDS|2025-01-10 09:08:11|2|0|


2025-01-10 09:08:12,332 INFO ConnectionMetrics, totalCount = 8, detail = {long_connection=7, long_polling=1}

2025-01-10 09:08:13,019 INFO Tps reporting...
HealthCheck|point|SECONDS|2025-01-10 09:08:12|2|0|


2025-01-10 09:08:13,179 INFO Connection check task start

2025-01-10 09:08:13,179 INFO Long connection metrics detail ,Total count =7, sdkCount=7,clusterCount=0

2025-01-10 09:08:13,179 INFO Connection check task end

2025-01-10 09:08:15,334 INFO ConnectionMetrics, totalCount = 8, detail = {long_connection=7, long_polling=1}

2025-01-10 09:08:15,746 INFO Tps reporting...
HealthCheck|point|SECONDS|2025-01-10 09:08:14|3|0|


2025-01-10 09:08:16,193 INFO Connection check task start

2025-01-10 09:08:16,193 INFO Long connection metrics detail ,Total count =7, sdkCount=7,clusterCount=0

2025-01-10 09:08:16,193 INFO Connection check task end

2025-01-10 09:08:17,561 INFO Tps reporting...
HealthCheck|point|SECONDS|2025-01-10 09:08:16|2|0|


2025-01-10 09:08:18,342 INFO ConnectionMetrics, totalCount = 8, detail = {long_connection=7, long_polling=1}

2025-01-10 09:08:18,469 INFO Tps reporting...
HealthCheck|point|SECONDS|2025-01-10 09:08:17|2|0|


2025-01-10 09:08:19,202 INFO Connection check task start

2025-01-10 09:08:19,202 INFO Long connection metrics detail ,Total count =7, sdkCount=7,clusterCount=0

2025-01-10 09:08:19,202 INFO Connection check task end

2025-01-10 09:08:20,285 INFO Tps reporting...
HealthCheck|point|SECONDS|2025-01-10 09:08:19|3|0|


2025-01-10 09:08:21,349 INFO ConnectionMetrics, totalCount = 8, detail = {long_connection=7, long_polling=1}

2025-01-10 09:08:22,097 INFO Tps reporting...
HealthCheck|point|SECONDS|2025-01-10 09:08:21|2|0|


2025-01-10 09:08:22,208 INFO Connection check task start

2025-01-10 09:08:22,208 INFO Long connection metrics detail ,Total count =7, sdkCount=7,clusterCount=0

2025-01-10 09:08:22,208 INFO Connection check task end

2025-01-10 09:08:23,002 INFO Tps reporting...
HealthCheck|point|SECONDS|2025-01-10 09:08:22|2|0|


2025-01-10 09:08:24,354 INFO ConnectionMetrics, totalCount = 8, detail = {long_connection=7, long_polling=1}

2025-01-10 09:08:25,215 INFO Connection check task start

2025-01-10 09:08:25,215 INFO Long connection metrics detail ,Total count =7, sdkCount=7,clusterCount=0

2025-01-10 09:08:25,215 INFO Connection check task end

2025-01-10 09:08:25,723 INFO Tps reporting...
HealthCheck|point|SECONDS|2025-01-10 09:08:24|3|0|


2025-01-10 09:08:27,363 INFO ConnectionMetrics, totalCount = 8, detail = {long_connection=7, long_polling=1}

2025-01-10 09:08:27,539 INFO Tps reporting...
HealthCheck|point|SECONDS|2025-01-10 09:08:26|2|0|


2025-01-10 09:08:28,225 INFO Connection check task start

2025-01-10 09:08:28,225 INFO Long connection metrics detail ,Total count =7, sdkCount=7,clusterCount=0

2025-01-10 09:08:28,225 INFO Connection check task end

2025-01-10 09:08:28,446 INFO Tps reporting...
HealthCheck|point|SECONDS|2025-01-10 09:08:27|2|0|


2025-01-10 09:08:30,264 INFO Tps reporting...
HealthCheck|point|SECONDS|2025-01-10 09:08:29|3|0|


2025-01-10 09:08:30,376 INFO ConnectionMetrics, totalCount = 8, detail = {long_connection=7, long_polling=1}

2025-01-10 09:08:31,238 INFO Connection check task start

2025-01-10 09:08:31,238 INFO Long connection metrics detail ,Total count =7, sdkCount=7,clusterCount=0

2025-01-10 09:08:31,238 INFO Connection check task end

2025-01-10 09:08:32,080 INFO Tps reporting...
HealthCheck|point|SECONDS|2025-01-10 09:08:31|2|0|


2025-01-10 09:08:33,386 INFO ConnectionMetrics, totalCount = 8, detail = {long_connection=7, long_polling=1}

2025-01-10 09:08:33,891 INFO Tps reporting...
HealthCheck|point|SECONDS|2025-01-10 09:08:32|2|0|


2025-01-10 09:08:34,241 INFO Connection check task start

2025-01-10 09:08:34,241 INFO Long connection metrics detail ,Total count =7, sdkCount=7,clusterCount=0

2025-01-10 09:08:34,241 INFO Connection check task end

2025-01-10 09:08:35,709 INFO Tps reporting...
HealthCheck|point|SECONDS|2025-01-10 09:08:34|3|0|


2025-01-10 09:08:36,394 INFO ConnectionMetrics, totalCount = 8, detail = {long_connection=7, long_polling=1}

2025-01-10 09:08:37,250 INFO Connection check task start

2025-01-10 09:08:37,250 INFO Long connection metrics detail ,Total count =7, sdkCount=7,clusterCount=0

2025-01-10 09:08:37,250 INFO Connection check task end

2025-01-10 09:08:37,521 INFO Tps reporting...
HealthCheck|point|SECONDS|2025-01-10 09:08:36|2|0|


2025-01-10 09:08:38,431 INFO Tps reporting...
HealthCheck|point|SECONDS|2025-01-10 09:08:37|2|0|


2025-01-10 09:08:39,405 INFO ConnectionMetrics, totalCount = 8, detail = {long_connection=7, long_polling=1}

2025-01-10 09:08:40,251 INFO Connection check task start

2025-01-10 09:08:40,251 INFO Tps reporting...
HealthCheck|point|SECONDS|2025-01-10 09:08:39|3|0|


2025-01-10 09:08:40,251 INFO Long connection metrics detail ,Total count =7, sdkCount=7,clusterCount=0

2025-01-10 09:08:40,251 INFO Connection check task end

2025-01-10 09:08:42,070 INFO Tps reporting...
HealthCheck|point|SECONDS|2025-01-10 09:08:41|2|0|


2025-01-10 09:08:42,419 INFO ConnectionMetrics, totalCount = 8, detail = {long_connection=7, long_polling=1}

2025-01-10 09:08:43,265 INFO Connection check task start

2025-01-10 09:08:43,265 INFO Long connection metrics detail ,Total count =7, sdkCount=7,clusterCount=0

2025-01-10 09:08:43,265 INFO Connection check task end

2025-01-10 09:08:43,887 INFO Tps reporting...
HealthCheck|point|SECONDS|2025-01-10 09:08:42|2|0|


2025-01-10 09:08:45,420 INFO ConnectionMetrics, totalCount = 8, detail = {long_connection=7, long_polling=1}

2025-01-10 09:08:45,705 INFO Tps reporting...
HealthCheck|point|SECONDS|2025-01-10 09:08:44|3|0|


2025-01-10 09:08:46,280 INFO Connection check task start

2025-01-10 09:08:46,280 INFO Long connection metrics detail ,Total count =7, sdkCount=7,clusterCount=0

2025-01-10 09:08:46,280 INFO Connection check task end

2025-01-10 09:08:47,525 INFO Tps reporting...
HealthCheck|point|SECONDS|2025-01-10 09:08:46|2|0|


2025-01-10 09:08:48,435 INFO ConnectionMetrics, totalCount = 8, detail = {long_connection=7, long_polling=1}

2025-01-10 09:08:48,435 INFO Tps reporting...
HealthCheck|point|SECONDS|2025-01-10 09:08:47|2|0|


2025-01-10 09:08:49,281 INFO Connection check task start

2025-01-10 09:08:49,281 INFO Long connection metrics detail ,Total count =7, sdkCount=7,clusterCount=0

2025-01-10 09:08:49,281 INFO Connection check task end

2025-01-10 09:08:50,256 INFO Tps reporting...
HealthCheck|point|SECONDS|2025-01-10 09:08:49|3|0|


2025-01-10 09:08:51,436 INFO ConnectionMetrics, totalCount = 8, detail = {long_connection=7, long_polling=1}

2025-01-10 09:08:52,074 INFO Tps reporting...
HealthCheck|point|SECONDS|2025-01-10 09:08:51|2|0|


2025-01-10 09:08:52,282 INFO Connection check task start

2025-01-10 09:08:52,282 INFO Long connection metrics detail ,Total count =7, sdkCount=7,clusterCount=0

2025-01-10 09:08:52,282 INFO Connection check task end

2025-01-10 09:08:53,890 INFO Tps reporting...
HealthCheck|point|SECONDS|2025-01-10 09:08:52|2|0|


2025-01-10 09:08:54,448 INFO ConnectionMetrics, totalCount = 8, detail = {long_connection=7, long_polling=1}

2025-01-10 09:08:55,294 INFO Connection check task start

2025-01-10 09:08:55,294 INFO Long connection metrics detail ,Total count =7, sdkCount=7,clusterCount=0

2025-01-10 09:08:55,294 INFO Connection check task end

2025-01-10 09:08:55,709 INFO Tps reporting...
HealthCheck|point|SECONDS|2025-01-10 09:08:54|3|0|


2025-01-10 09:08:57,460 INFO ConnectionMetrics, totalCount = 8, detail = {long_connection=7, long_polling=1}

2025-01-10 09:08:57,524 INFO Tps reporting...
HealthCheck|point|SECONDS|2025-01-10 09:08:56|2|0|


2025-01-10 09:08:58,304 INFO Connection check task start

2025-01-10 09:08:58,304 INFO Long connection metrics detail ,Total count =7, sdkCount=7,clusterCount=0

2025-01-10 09:08:58,304 INFO Connection check task end

2025-01-10 09:08:58,432 INFO Tps reporting...
HealthCheck|point|SECONDS|2025-01-10 09:08:57|2|0|


2025-01-10 09:09:00,241 INFO Tps reporting...
HealthCheck|point|SECONDS|2025-01-10 09:08:59|3|0|


2025-01-10 09:09:00,462 INFO ConnectionMetrics, totalCount = 8, detail = {long_connection=7, long_polling=1}

2025-01-10 09:09:01,319 INFO Connection check task start

2025-01-10 09:09:01,319 INFO Long connection metrics detail ,Total count =7, sdkCount=7,clusterCount=0

2025-01-10 09:09:01,319 INFO Connection check task end

2025-01-10 09:09:02,046 INFO Tps reporting...
HealthCheck|point|SECONDS|2025-01-10 09:09:01|2|0|


2025-01-10 09:09:03,466 INFO ConnectionMetrics, totalCount = 8, detail = {long_connection=7, long_polling=1}

2025-01-10 09:09:03,865 INFO Tps reporting...
HealthCheck|point|SECONDS|2025-01-10 09:09:02|2|0|


2025-01-10 09:09:04,328 INFO Connection check task start

2025-01-10 09:09:04,328 INFO Long connection metrics detail ,Total count =7, sdkCount=7,clusterCount=0

2025-01-10 09:09:04,328 INFO Connection check task end

2025-01-10 09:09:05,680 INFO Tps reporting...
HealthCheck|point|SECONDS|2025-01-10 09:09:04|3|0|


2025-01-10 09:09:06,476 INFO ConnectionMetrics, totalCount = 8, detail = {long_connection=7, long_polling=1}

2025-01-10 09:09:07,336 INFO Connection check task start

2025-01-10 09:09:07,336 INFO Long connection metrics detail ,Total count =7, sdkCount=7,clusterCount=0

2025-01-10 09:09:07,336 INFO Connection check task end

2025-01-10 09:09:07,495 INFO Tps reporting...
HealthCheck|point|SECONDS|2025-01-10 09:09:06|2|0|


2025-01-10 09:09:08,402 INFO Tps reporting...
HealthCheck|point|SECONDS|2025-01-10 09:09:07|2|0|


2025-01-10 09:09:09,486 INFO ConnectionMetrics, totalCount = 8, detail = {long_connection=7, long_polling=1}

2025-01-10 09:09:10,221 INFO Tps reporting...
HealthCheck|point|SECONDS|2025-01-10 09:09:09|3|0|


2025-01-10 09:09:10,348 INFO Connection check task start

2025-01-10 09:09:10,348 INFO Long connection metrics detail ,Total count =7, sdkCount=7,clusterCount=0

2025-01-10 09:09:10,348 INFO Connection check task end

2025-01-10 09:09:12,031 INFO Tps reporting...
HealthCheck|point|SECONDS|2025-01-10 09:09:11|2|0|


2025-01-10 09:09:12,491 INFO ConnectionMetrics, totalCount = 8, detail = {long_connection=7, long_polling=1}

2025-01-10 09:09:13,350 INFO Connection check task start

2025-01-10 09:09:13,350 INFO Long connection metrics detail ,Total count =7, sdkCount=7,clusterCount=0

2025-01-10 09:09:13,350 INFO Connection check task end

2025-01-10 09:09:13,845 INFO Tps reporting...
HealthCheck|point|SECONDS|2025-01-10 09:09:12|2|0|


2025-01-10 09:09:15,504 INFO ConnectionMetrics, totalCount = 8, detail = {long_connection=7, long_polling=1}

2025-01-10 09:09:15,664 INFO Tps reporting...
HealthCheck|point|SECONDS|2025-01-10 09:09:14|3|0|


2025-01-10 09:09:16,365 INFO Connection check task start

2025-01-10 09:09:16,365 INFO Long connection metrics detail ,Total count =7, sdkCount=7,clusterCount=0

2025-01-10 09:09:16,365 INFO Connection check task end

2025-01-10 09:09:17,479 INFO Tps reporting...
HealthCheck|point|SECONDS|2025-01-10 09:09:16|2|0|


2025-01-10 09:09:18,390 INFO Tps reporting...
HealthCheck|point|SECONDS|2025-01-10 09:09:17|2|0|


2025-01-10 09:09:18,518 INFO ConnectionMetrics, totalCount = 8, detail = {long_connection=7, long_polling=1}

2025-01-10 09:09:19,379 INFO Connection check task start

2025-01-10 09:09:19,379 INFO Long connection metrics detail ,Total count =7, sdkCount=7,clusterCount=0

2025-01-10 09:09:19,379 INFO Connection check task end

2025-01-10 09:09:20,206 INFO Tps reporting...
HealthCheck|point|SECONDS|2025-01-10 09:09:19|3|0|


2025-01-10 09:09:21,529 INFO ConnectionMetrics, totalCount = 8, detail = {long_connection=7, long_polling=1}

2025-01-10 09:09:22,024 INFO Tps reporting...
HealthCheck|point|SECONDS|2025-01-10 09:09:21|2|0|


2025-01-10 09:09:22,387 INFO Connection check task start

2025-01-10 09:09:22,387 INFO Long connection metrics detail ,Total count =7, sdkCount=7,clusterCount=0

2025-01-10 09:09:22,387 INFO Connection check task end

2025-01-10 09:09:23,836 INFO Tps reporting...
HealthCheck|point|SECONDS|2025-01-10 09:09:22|2|0|


2025-01-10 09:09:24,537 INFO ConnectionMetrics, totalCount = 8, detail = {long_connection=7, long_polling=1}

2025-01-10 09:09:25,399 INFO Connection check task start

2025-01-10 09:09:25,399 INFO Long connection metrics detail ,Total count =7, sdkCount=7,clusterCount=0

2025-01-10 09:09:25,399 INFO Connection check task end

2025-01-10 09:09:25,655 INFO Tps reporting...
HealthCheck|point|SECONDS|2025-01-10 09:09:24|3|0|


2025-01-10 09:09:27,474 INFO Tps reporting...
HealthCheck|point|SECONDS|2025-01-10 09:09:26|2|0|


2025-01-10 09:09:27,538 INFO ConnectionMetrics, totalCount = 8, detail = {long_connection=7, long_polling=1}

2025-01-10 09:09:28,383 INFO Tps reporting...
HealthCheck|point|SECONDS|2025-01-10 09:09:27|2|0|


2025-01-10 09:09:28,415 INFO Connection check task start

2025-01-10 09:09:28,415 INFO Long connection metrics detail ,Total count =7, sdkCount=7,clusterCount=0

2025-01-10 09:09:28,415 INFO Connection check task end

2025-01-10 09:09:30,195 INFO Tps reporting...
HealthCheck|point|SECONDS|2025-01-10 09:09:29|3|0|


2025-01-10 09:09:30,546 INFO ConnectionMetrics, totalCount = 8, detail = {long_connection=7, long_polling=1}

2025-01-10 09:09:31,424 INFO Connection check task start

2025-01-10 09:09:31,424 INFO Long connection metrics detail ,Total count =7, sdkCount=7,clusterCount=0

2025-01-10 09:09:31,424 INFO Connection check task end

2025-01-10 09:09:32,016 INFO Tps reporting...
HealthCheck|point|SECONDS|2025-01-10 09:09:31|2|0|


2025-01-10 09:09:33,562 INFO ConnectionMetrics, totalCount = 8, detail = {long_connection=7, long_polling=1}

2025-01-10 09:09:33,832 INFO Tps reporting...
HealthCheck|point|SECONDS|2025-01-10 09:09:32|2|0|


2025-01-10 09:09:34,440 INFO Connection check task start

2025-01-10 09:09:34,440 INFO Long connection metrics detail ,Total count =7, sdkCount=7,clusterCount=0

2025-01-10 09:09:34,440 INFO Connection check task end

2025-01-10 09:09:35,651 INFO Tps reporting...
HealthCheck|point|SECONDS|2025-01-10 09:09:34|3|0|


2025-01-10 09:09:36,575 INFO ConnectionMetrics, totalCount = 8, detail = {long_connection=7, long_polling=1}

2025-01-10 09:09:37,453 INFO Connection check task start

2025-01-10 09:09:37,453 INFO Long connection metrics detail ,Total count =7, sdkCount=7,clusterCount=0

2025-01-10 09:09:37,453 INFO Connection check task end

2025-01-10 09:09:37,469 INFO Tps reporting...
HealthCheck|point|SECONDS|2025-01-10 09:09:36|2|0|


2025-01-10 09:09:38,377 INFO Tps reporting...
HealthCheck|point|SECONDS|2025-01-10 09:09:37|2|0|


2025-01-10 09:09:39,590 INFO ConnectionMetrics, totalCount = 8, detail = {long_connection=7, long_polling=1}

2025-01-10 09:09:40,195 INFO Tps reporting...
HealthCheck|point|SECONDS|2025-01-10 09:09:39|3|0|


2025-01-10 09:09:40,466 INFO Connection check task start

2025-01-10 09:09:40,466 INFO Long connection metrics detail ,Total count =7, sdkCount=7,clusterCount=0

2025-01-10 09:09:40,466 INFO Connection check task end

2025-01-10 09:09:42,014 INFO Tps reporting...
HealthCheck|point|SECONDS|2025-01-10 09:09:41|2|0|


2025-01-10 09:09:42,604 INFO ConnectionMetrics, totalCount = 8, detail = {long_connection=7, long_polling=1}

2025-01-10 09:09:43,481 INFO Connection check task start

2025-01-10 09:09:43,481 INFO Long connection metrics detail ,Total count =7, sdkCount=7,clusterCount=0

2025-01-10 09:09:43,481 INFO Connection check task end

2025-01-10 09:09:43,833 INFO Tps reporting...
HealthCheck|point|SECONDS|2025-01-10 09:09:42|2|0|


2025-01-10 09:09:45,611 INFO ConnectionMetrics, totalCount = 8, detail = {long_connection=7, long_polling=1}

2025-01-10 09:09:45,643 INFO Tps reporting...
HealthCheck|point|SECONDS|2025-01-10 09:09:44|3|0|


2025-01-10 09:09:46,486 INFO Connection check task start

2025-01-10 09:09:46,486 INFO Long connection metrics detail ,Total count =7, sdkCount=7,clusterCount=0

2025-01-10 09:09:46,486 INFO Connection check task end

2025-01-10 09:09:47,459 INFO Tps reporting...
HealthCheck|point|SECONDS|2025-01-10 09:09:46|2|0|


2025-01-10 09:09:48,367 INFO Tps reporting...
HealthCheck|point|SECONDS|2025-01-10 09:09:47|1|0|


2025-01-10 09:09:48,623 INFO ConnectionMetrics, totalCount = 8, detail = {long_connection=7, long_polling=1}

2025-01-10 09:09:49,277 INFO Tps reporting...
HealthCheck|point|SECONDS|2025-01-10 09:09:48|1|0|


2025-01-10 09:09:49,499 INFO Connection check task start

2025-01-10 09:09:49,499 INFO Long connection metrics detail ,Total count =7, sdkCount=7,clusterCount=0

2025-01-10 09:09:49,499 INFO Connection check task end

2025-01-10 09:09:50,180 INFO Tps reporting...
HealthCheck|point|SECONDS|2025-01-10 09:09:49|3|0|


2025-01-10 09:09:51,625 INFO ConnectionMetrics, totalCount = 8, detail = {long_connection=7, long_polling=1}

2025-01-10 09:09:52,500 INFO Connection check task start

2025-01-10 09:09:52,500 INFO Long connection metrics detail ,Total count =7, sdkCount=7,clusterCount=0

2025-01-10 09:09:52,500 INFO Connection check task end

2025-01-10 09:09:52,899 INFO Tps reporting...
HealthCheck|point|SECONDS|2025-01-10 09:09:51|2|0|


2025-01-10 09:09:53,809 INFO Tps reporting...
HealthCheck|point|SECONDS|2025-01-10 09:09:52|1|0|


2025-01-10 09:09:54,639 INFO ConnectionMetrics, totalCount = 8, detail = {long_connection=7, long_polling=1}

2025-01-10 09:09:54,719 INFO Tps reporting...
HealthCheck|point|SECONDS|2025-01-10 09:09:53|1|0|


2025-01-10 09:09:55,515 INFO Connection check task start

2025-01-10 09:09:55,515 INFO Long connection metrics detail ,Total count =7, sdkCount=7,clusterCount=0

2025-01-10 09:09:55,515 INFO Connection check task end

2025-01-10 09:09:55,627 INFO Tps reporting...
HealthCheck|point|SECONDS|2025-01-10 09:09:54|3|0|


2025-01-10 09:09:57,440 INFO Tps reporting...
HealthCheck|point|SECONDS|2025-01-10 09:09:56|2|0|


2025-01-10 09:09:57,647 INFO ConnectionMetrics, totalCount = 8, detail = {long_connection=7, long_polling=1}

2025-01-10 09:09:58,350 INFO Tps reporting...
HealthCheck|point|SECONDS|2025-01-10 09:09:57|1|0|


2025-01-10 09:09:58,525 INFO Connection check task start

2025-01-10 09:09:58,525 INFO Long connection metrics detail ,Total count =7, sdkCount=7,clusterCount=0

2025-01-10 09:09:58,525 INFO Connection check task end

2025-01-10 09:09:59,258 INFO Tps reporting...
HealthCheck|point|SECONDS|2025-01-10 09:09:58|1|0|


2025-01-10 09:10:00,168 INFO Tps reporting...
HealthCheck|point|SECONDS|2025-01-10 09:09:59|3|0|


2025-01-10 09:10:00,663 INFO ConnectionMetrics, totalCount = 8, detail = {long_connection=7, long_polling=1}

2025-01-10 09:10:01,541 INFO Connection check task start

2025-01-10 09:10:01,541 INFO Long connection metrics detail ,Total count =7, sdkCount=7,clusterCount=0

2025-01-10 09:10:01,541 INFO Connection check task end

2025-01-10 09:10:02,896 INFO Tps reporting...
HealthCheck|point|SECONDS|2025-01-10 09:10:01|2|0|


2025-01-10 09:10:03,678 INFO ConnectionMetrics, totalCount = 8, detail = {long_connection=7, long_polling=1}

2025-01-10 09:10:03,806 INFO Tps reporting...
HealthCheck|point|SECONDS|2025-01-10 09:10:02|1|0|


2025-01-10 09:10:04,555 INFO Connection check task start

2025-01-10 09:10:04,555 INFO Long connection metrics detail ,Total count =7, sdkCount=7,clusterCount=0

2025-01-10 09:10:04,555 INFO Connection check task end

2025-01-10 09:10:04,714 INFO Tps reporting...
HealthCheck|point|SECONDS|2025-01-10 09:10:03|1|0|


2025-01-10 09:10:05,623 INFO Tps reporting...
HealthCheck|point|SECONDS|2025-01-10 09:10:04|3|0|


2025-01-10 09:10:06,692 INFO ConnectionMetrics, totalCount = 8, detail = {long_connection=7, long_polling=1}

2025-01-10 09:10:07,442 INFO Tps reporting...
HealthCheck|point|SECONDS|2025-01-10 09:10:06|2|0|


2025-01-10 09:10:07,568 INFO Connection check task start

2025-01-10 09:10:07,568 INFO Long connection metrics detail ,Total count =7, sdkCount=7,clusterCount=0

2025-01-10 09:10:07,568 INFO Connection check task end

2025-01-10 09:10:08,351 INFO Tps reporting...
HealthCheck|point|SECONDS|2025-01-10 09:10:07|1|0|


2025-01-10 09:10:09,259 INFO Tps reporting...
HealthCheck|point|SECONDS|2025-01-10 09:10:08|1|0|


2025-01-10 09:10:09,706 INFO ConnectionMetrics, totalCount = 8, detail = {long_connection=7, long_polling=1}

2025-01-10 09:10:10,170 INFO Tps reporting...
HealthCheck|point|SECONDS|2025-01-10 09:10:09|3|0|


2025-01-10 09:10:10,585 INFO Connection check task start

2025-01-10 09:10:10,585 INFO Long connection metrics detail ,Total count =7, sdkCount=7,clusterCount=0

2025-01-10 09:10:10,585 INFO Connection check task end

2025-01-10 09:10:12,720 INFO ConnectionMetrics, totalCount = 8, detail = {long_connection=7, long_polling=1}

2025-01-10 09:10:12,893 INFO Tps reporting...
HealthCheck|point|SECONDS|2025-01-10 09:10:11|2|0|


2025-01-10 09:10:13,590 INFO Connection check task start

2025-01-10 09:10:13,590 INFO Long connection metrics detail ,Total count =7, sdkCount=7,clusterCount=0

2025-01-10 09:10:13,590 INFO Connection check task end

2025-01-10 09:10:13,798 INFO Tps reporting...
HealthCheck|point|SECONDS|2025-01-10 09:10:12|1|0|


2025-01-10 09:10:14,709 INFO Tps reporting...
HealthCheck|point|SECONDS|2025-01-10 09:10:13|1|0|


2025-01-10 09:10:15,618 INFO Tps reporting...
HealthCheck|point|SECONDS|2025-01-10 09:10:14|3|0|


2025-01-10 09:10:15,730 INFO ConnectionMetrics, totalCount = 8, detail = {long_connection=7, long_polling=1}

2025-01-10 09:10:16,591 INFO Connection check task start

2025-01-10 09:10:16,591 INFO Long connection metrics detail ,Total count =7, sdkCount=7,clusterCount=0

2025-01-10 09:10:16,591 INFO Connection check task end

2025-01-10 09:10:17,437 INFO Tps reporting...
HealthCheck|point|SECONDS|2025-01-10 09:10:16|2|0|


2025-01-10 09:10:18,344 INFO Tps reporting...
HealthCheck|point|SECONDS|2025-01-10 09:10:17|1|0|


2025-01-10 09:10:18,744 INFO ConnectionMetrics, totalCount = 8, detail = {long_connection=7, long_polling=1}

2025-01-10 09:10:19,254 INFO Tps reporting...
HealthCheck|point|SECONDS|2025-01-10 09:10:18|1|0|


2025-01-10 09:10:19,603 INFO Connection check task start

2025-01-10 09:10:19,603 INFO Long connection metrics detail ,Total count =7, sdkCount=7,clusterCount=0

2025-01-10 09:10:19,603 INFO Connection check task end

2025-01-10 09:10:20,163 INFO Tps reporting...
HealthCheck|point|SECONDS|2025-01-10 09:10:19|3|0|


2025-01-10 09:10:21,759 INFO ConnectionMetrics, totalCount = 8, detail = {long_connection=7, long_polling=1}

2025-01-10 09:10:22,619 INFO Connection check task start

2025-01-10 09:10:22,619 INFO Long connection metrics detail ,Total count =7, sdkCount=7,clusterCount=0

2025-01-10 09:10:22,619 INFO Connection check task end

2025-01-10 09:10:22,891 INFO Tps reporting...
HealthCheck|point|SECONDS|2025-01-10 09:10:21|2|0|


2025-01-10 09:10:23,801 INFO Tps reporting...
HealthCheck|point|SECONDS|2025-01-10 09:10:22|1|0|


2025-01-10 09:10:24,708 INFO Tps reporting...
HealthCheck|point|SECONDS|2025-01-10 09:10:23|1|0|


2025-01-10 09:10:24,772 INFO ConnectionMetrics, totalCount = 8, detail = {long_connection=7, long_polling=1}

2025-01-10 09:10:25,611 INFO Tps reporting...
HealthCheck|point|SECONDS|2025-01-10 09:10:24|3|0|


2025-01-10 09:10:25,626 INFO Connection check task start

2025-01-10 09:10:25,626 INFO Long connection metrics detail ,Total count =7, sdkCount=7,clusterCount=0

2025-01-10 09:10:25,626 INFO Connection check task end

2025-01-10 09:10:27,424 INFO Tps reporting...
HealthCheck|point|SECONDS|2025-01-10 09:10:26|2|0|


2025-01-10 09:10:27,774 INFO ConnectionMetrics, totalCount = 8, detail = {long_connection=7, long_polling=1}

2025-01-10 09:10:28,333 INFO Tps reporting...
HealthCheck|point|SECONDS|2025-01-10 09:10:27|1|0|


2025-01-10 09:10:28,636 INFO Connection check task start

2025-01-10 09:10:28,636 INFO Long connection metrics detail ,Total count =7, sdkCount=7,clusterCount=0

2025-01-10 09:10:28,636 INFO Connection check task end

2025-01-10 09:10:29,241 INFO Tps reporting...
HealthCheck|point|SECONDS|2025-01-10 09:10:28|1|0|


2025-01-10 09:10:30,145 INFO Tps reporting...
HealthCheck|point|SECONDS|2025-01-10 09:10:29|3|0|


2025-01-10 09:10:30,783 INFO ConnectionMetrics, totalCount = 8, detail = {long_connection=7, long_polling=1}

2025-01-10 09:10:31,641 INFO Connection check task start

2025-01-10 09:10:31,641 INFO Long connection metrics detail ,Total count =7, sdkCount=7,clusterCount=0

2025-01-10 09:10:31,641 INFO Connection check task end

2025-01-10 09:10:32,871 INFO Tps reporting...
HealthCheck|point|SECONDS|2025-01-10 09:10:31|2|0|


2025-01-10 09:10:33,781 INFO Tps reporting...
HealthCheck|point|SECONDS|2025-01-10 09:10:32|1|0|


2025-01-10 09:10:33,797 INFO ConnectionMetrics, totalCount = 8, detail = {long_connection=7, long_polling=1}

2025-01-10 09:10:34,656 INFO Connection check task start

2025-01-10 09:10:34,656 INFO Long connection metrics detail ,Total count =7, sdkCount=7,clusterCount=0

2025-01-10 09:10:34,656 INFO Connection check task end

2025-01-10 09:10:34,688 INFO Tps reporting...
HealthCheck|point|SECONDS|2025-01-10 09:10:33|1|0|


2025-01-10 09:10:35,597 INFO Tps reporting...
HealthCheck|point|SECONDS|2025-01-10 09:10:34|3|0|


2025-01-10 09:10:36,806 INFO ConnectionMetrics, totalCount = 8, detail = {long_connection=7, long_polling=1}

2025-01-10 09:10:37,409 INFO Tps reporting...
HealthCheck|point|SECONDS|2025-01-10 09:10:36|2|0|


2025-01-10 09:10:37,663 INFO Connection check task start

2025-01-10 09:10:37,663 INFO Long connection metrics detail ,Total count =7, sdkCount=7,clusterCount=0

2025-01-10 09:10:37,663 INFO Connection check task end

2025-01-10 09:10:38,315 INFO Tps reporting...
HealthCheck|point|SECONDS|2025-01-10 09:10:37|1|0|


2025-01-10 09:10:39,223 INFO Tps reporting...
HealthCheck|point|SECONDS|2025-01-10 09:10:38|1|0|


2025-01-10 09:10:39,812 INFO ConnectionMetrics, totalCount = 8, detail = {long_connection=7, long_polling=1}

2025-01-10 09:10:40,132 INFO Tps reporting...
HealthCheck|point|SECONDS|2025-01-10 09:10:39|3|0|


2025-01-10 09:10:40,673 INFO Connection check task start

2025-01-10 09:10:40,673 INFO Long connection metrics detail ,Total count =7, sdkCount=7,clusterCount=0

2025-01-10 09:10:40,673 INFO Connection check task end

2025-01-10 09:10:42,825 INFO ConnectionMetrics, totalCount = 8, detail = {long_connection=7, long_polling=1}

2025-01-10 09:10:42,857 INFO Tps reporting...
HealthCheck|point|SECONDS|2025-01-10 09:10:41|2|0|


2025-01-10 09:10:43,687 INFO Connection check task start

2025-01-10 09:10:43,687 INFO Long connection metrics detail ,Total count =7, sdkCount=7,clusterCount=0

2025-01-10 09:10:43,687 INFO Connection check task end

2025-01-10 09:10:43,767 INFO Tps reporting...
HealthCheck|point|SECONDS|2025-01-10 09:10:42|1|0|


2025-01-10 09:10:44,676 INFO Tps reporting...
HealthCheck|point|SECONDS|2025-01-10 09:10:43|1|0|


2025-01-10 09:10:45,586 INFO Tps reporting...
HealthCheck|point|SECONDS|2025-01-10 09:10:44|3|0|


2025-01-10 09:10:45,838 INFO ConnectionMetrics, totalCount = 8, detail = {long_connection=7, long_polling=1}

2025-01-10 09:10:46,696 INFO Connection check task start

2025-01-10 09:10:46,696 INFO Long connection metrics detail ,Total count =7, sdkCount=7,clusterCount=0

2025-01-10 09:10:46,696 INFO Connection check task end

2025-01-10 09:10:47,391 INFO Tps reporting...
HealthCheck|point|SECONDS|2025-01-10 09:10:46|2|0|


2025-01-10 09:10:48,298 INFO Tps reporting...
HealthCheck|point|SECONDS|2025-01-10 09:10:47|1|0|


2025-01-10 09:10:48,852 INFO ConnectionMetrics, totalCount = 8, detail = {long_connection=7, long_polling=1}

2025-01-10 09:10:49,200 INFO Tps reporting...
HealthCheck|point|SECONDS|2025-01-10 09:10:48|1|0|


2025-01-10 09:10:49,708 INFO Connection check task start

2025-01-10 09:10:49,708 INFO Long connection metrics detail ,Total count =7, sdkCount=7,clusterCount=0

2025-01-10 09:10:49,708 INFO Connection check task end

2025-01-10 09:10:50,107 INFO Tps reporting...
HealthCheck|point|SECONDS|2025-01-10 09:10:49|3|0|


2025-01-10 09:10:51,860 INFO ConnectionMetrics, totalCount = 8, detail = {long_connection=7, long_polling=1}

2025-01-10 09:10:52,722 INFO Connection check task start

2025-01-10 09:10:52,722 INFO Long connection metrics detail ,Total count =7, sdkCount=7,clusterCount=0

2025-01-10 09:10:52,722 INFO Connection check task end

2025-01-10 09:10:52,834 INFO Tps reporting...
HealthCheck|point|SECONDS|2025-01-10 09:10:51|2|0|


2025-01-10 09:10:53,742 INFO Tps reporting...
HealthCheck|point|SECONDS|2025-01-10 09:10:52|1|0|


2025-01-10 09:10:54,652 INFO Tps reporting...
HealthCheck|point|SECONDS|2025-01-10 09:10:53|1|0|


2025-01-10 09:10:54,876 INFO ConnectionMetrics, totalCount = 8, detail = {long_connection=7, long_polling=1}

2025-01-10 09:10:55,562 INFO Tps reporting...
HealthCheck|point|SECONDS|2025-01-10 09:10:54|3|0|


2025-01-10 09:10:55,738 INFO Connection check task start

2025-01-10 09:10:55,738 INFO Long connection metrics detail ,Total count =7, sdkCount=7,clusterCount=0

2025-01-10 09:10:55,738 INFO Connection check task end

2025-01-10 09:10:57,381 INFO Tps reporting...
HealthCheck|point|SECONDS|2025-01-10 09:10:56|1|0|


2025-01-10 09:10:57,876 INFO ConnectionMetrics, totalCount = 8, detail = {long_connection=7, long_polling=1}

2025-01-10 09:10:58,290 INFO Tps reporting...
HealthCheck|point|SECONDS|2025-01-10 09:10:57|2|0|


2025-01-10 09:10:58,748 INFO Connection check task start

2025-01-10 09:10:58,748 INFO Long connection metrics detail ,Total count =7, sdkCount=7,clusterCount=0

2025-01-10 09:10:58,748 INFO Connection check task end

2025-01-10 09:10:59,192 INFO Tps reporting...
HealthCheck|point|SECONDS|2025-01-10 09:10:58|1|0|


2025-01-10 09:11:00,098 INFO Tps reporting...
HealthCheck|point|SECONDS|2025-01-10 09:10:59|3|0|


2025-01-10 09:11:00,878 INFO ConnectionMetrics, totalCount = 8, detail = {long_connection=7, long_polling=1}

2025-01-10 09:11:01,754 INFO Connection check task start

2025-01-10 09:11:01,754 INFO Long connection metrics detail ,Total count =7, sdkCount=7,clusterCount=0

2025-01-10 09:11:01,754 INFO Connection check task end

2025-01-10 09:11:02,824 INFO Tps reporting...
HealthCheck|point|SECONDS|2025-01-10 09:11:01|1|0|


2025-01-10 09:11:03,733 INFO Tps reporting...
HealthCheck|point|SECONDS|2025-01-10 09:11:02|2|0|


2025-01-10 09:11:03,891 INFO ConnectionMetrics, totalCount = 8, detail = {long_connection=7, long_polling=1}

2025-01-10 09:11:04,640 INFO Tps reporting...
HealthCheck|point|SECONDS|2025-01-10 09:11:03|1|0|


2025-01-10 09:11:04,768 INFO Connection check task start

2025-01-10 09:11:04,768 INFO Long connection metrics detail ,Total count =7, sdkCount=7,clusterCount=0

2025-01-10 09:11:04,768 INFO Connection check task end

2025-01-10 09:11:05,549 INFO Tps reporting...
HealthCheck|point|SECONDS|2025-01-10 09:11:04|3|0|


2025-01-10 09:11:06,904 INFO ConnectionMetrics, totalCount = 8, detail = {long_connection=7, long_polling=1}

2025-01-10 09:11:07,365 INFO Tps reporting...
HealthCheck|point|SECONDS|2025-01-10 09:11:06|1|0|


2025-01-10 09:11:07,779 INFO Connection check task start

2025-01-10 09:11:07,779 INFO Long connection metrics detail ,Total count =7, sdkCount=7,clusterCount=0

2025-01-10 09:11:07,779 INFO Connection check task end

2025-01-10 09:11:08,273 INFO Tps reporting...
HealthCheck|point|SECONDS|2025-01-10 09:11:07|2|0|


2025-01-10 09:11:09,181 INFO Tps reporting...
HealthCheck|point|SECONDS|2025-01-10 09:11:08|1|0|


2025-01-10 09:11:09,915 INFO ConnectionMetrics, totalCount = 8, detail = {long_connection=7, long_polling=1}

2025-01-10 09:11:10,091 INFO Tps reporting...
HealthCheck|point|SECONDS|2025-01-10 09:11:09|3|0|


2025-01-10 09:11:10,791 INFO Connection check task start

2025-01-10 09:11:10,791 INFO Long connection metrics detail ,Total count =7, sdkCount=7,clusterCount=0

2025-01-10 09:11:10,791 INFO Connection check task end

2025-01-10 09:11:12,816 INFO Tps reporting...
HealthCheck|point|SECONDS|2025-01-10 09:11:11|1|0|


2025-01-10 09:11:12,928 INFO ConnectionMetrics, totalCount = 8, detail = {long_connection=7, long_polling=1}

2025-01-10 09:11:13,725 INFO Tps reporting...
HealthCheck|point|SECONDS|2025-01-10 09:11:12|2|0|


2025-01-10 09:11:13,805 INFO Connection check task start

2025-01-10 09:11:13,805 INFO Long connection metrics detail ,Total count =7, sdkCount=7,clusterCount=0

2025-01-10 09:11:13,805 INFO Connection check task end

2025-01-10 09:11:14,630 INFO Tps reporting...
HealthCheck|point|SECONDS|2025-01-10 09:11:13|1|0|


2025-01-10 09:11:15,539 INFO Tps reporting...
HealthCheck|point|SECONDS|2025-01-10 09:11:14|3|0|


2025-01-10 09:11:15,938 INFO ConnectionMetrics, totalCount = 8, detail = {long_connection=7, long_polling=1}

2025-01-10 09:11:16,813 INFO Connection check task start

2025-01-10 09:11:16,813 INFO Long connection metrics detail ,Total count =7, sdkCount=7,clusterCount=0

2025-01-10 09:11:16,813 INFO Connection check task end

2025-01-10 09:11:17,354 INFO Tps reporting...
HealthCheck|point|SECONDS|2025-01-10 09:11:16|1|0|


2025-01-10 09:11:18,263 INFO Tps reporting...
HealthCheck|point|SECONDS|2025-01-10 09:11:17|2|0|


2025-01-10 09:11:18,950 INFO ConnectionMetrics, totalCount = 8, detail = {long_connection=7, long_polling=1}

2025-01-10 09:11:19,174 INFO Tps reporting...
HealthCheck|point|SECONDS|2025-01-10 09:11:18|1|0|


2025-01-10 09:11:19,827 INFO Connection check task start

2025-01-10 09:11:19,827 INFO Long connection metrics detail ,Total count =7, sdkCount=7,clusterCount=0

2025-01-10 09:11:19,827 INFO Connection check task end

2025-01-10 09:11:20,083 INFO Tps reporting...
HealthCheck|point|SECONDS|2025-01-10 09:11:19|3|0|


2025-01-10 09:11:21,952 INFO ConnectionMetrics, totalCount = 8, detail = {long_connection=7, long_polling=1}

2025-01-10 09:11:22,812 INFO Tps reporting...
HealthCheck|point|SECONDS|2025-01-10 09:11:21|1|0|


2025-01-10 09:11:22,828 INFO Connection check task start

2025-01-10 09:11:22,828 INFO Long connection metrics detail ,Total count =7, sdkCount=7,clusterCount=0

2025-01-10 09:11:22,828 INFO Connection check task end

2025-01-10 09:11:23,722 INFO Tps reporting...
HealthCheck|point|SECONDS|2025-01-10 09:11:22|2|0|


2025-01-10 09:11:24,628 INFO Tps reporting...
HealthCheck|point|SECONDS|2025-01-10 09:11:23|1|0|


2025-01-10 09:11:24,961 INFO ConnectionMetrics, totalCount = 8, detail = {long_connection=7, long_polling=1}

2025-01-10 09:11:25,532 INFO Tps reporting...
HealthCheck|point|SECONDS|2025-01-10 09:11:24|3|0|


2025-01-10 09:11:25,833 INFO Connection check task start

2025-01-10 09:11:25,833 INFO Long connection metrics detail ,Total count =7, sdkCount=7,clusterCount=0

2025-01-10 09:11:25,833 INFO Connection check task end

2025-01-10 09:11:27,369 INFO Tps reporting...
HealthCheck|point|SECONDS|2025-01-10 09:11:26|1|0|


2025-01-10 09:11:27,970 INFO ConnectionMetrics, totalCount = 8, detail = {long_connection=7, long_polling=1}

2025-01-10 09:11:28,273 INFO Tps reporting...
HealthCheck|point|SECONDS|2025-01-10 09:11:27|2|0|


2025-01-10 09:11:28,780 WARN clearConfigHistory start

2025-01-10 09:11:28,781 WARN clearConfigHistory, getBeforeStamp:2024-12-11 09:11:28.0, pageSize:1000

2025-01-10 09:11:28,781 INFO [MapperManager] findMapper dataSource: derby, tableName: his_config_info

2025-01-10 09:11:28,811 INFO [capacityManagement] start correct usage

2025-01-10 09:11:28,812 INFO [MapperManager] findMapper dataSource: derby, tableName: group_capacity

2025-01-10 09:11:28,818 INFO [MapperManager] findMapper dataSource: derby, tableName: tenant_capacity

2025-01-10 09:11:28,823 INFO [capacityManagement] end correct usage, cost: 0.0107076s

2025-01-10 09:11:28,843 INFO Connection check task start

2025-01-10 09:11:28,843 INFO Long connection metrics detail ,Total count =7, sdkCount=7,clusterCount=0

2025-01-10 09:11:28,843 INFO Connection check task end

2025-01-10 09:11:29,179 INFO Tps reporting...
HealthCheck|point|SECONDS|2025-01-10 09:11:28|1|0|


2025-01-10 09:11:30,090 INFO Tps reporting...
HealthCheck|point|SECONDS|2025-01-10 09:11:29|3|0|


2025-01-10 09:11:30,984 INFO ConnectionMetrics, totalCount = 8, detail = {long_connection=7, long_polling=1}

2025-01-10 09:11:31,846 INFO Connection check task start

2025-01-10 09:11:31,846 INFO Long connection metrics detail ,Total count =7, sdkCount=7,clusterCount=0

2025-01-10 09:11:31,846 INFO Connection check task end

2025-01-10 09:11:32,820 INFO Tps reporting...
HealthCheck|point|SECONDS|2025-01-10 09:11:31|1|0|


2025-01-10 09:11:33,730 INFO Tps reporting...
HealthCheck|point|SECONDS|2025-01-10 09:11:32|2|0|


2025-01-10 09:11:33,985 INFO ConnectionMetrics, totalCount = 8, detail = {long_connection=7, long_polling=1}

2025-01-10 09:11:34,638 INFO Tps reporting...
HealthCheck|point|SECONDS|2025-01-10 09:11:33|1|0|


2025-01-10 09:11:34,861 INFO Connection check task start

2025-01-10 09:11:34,861 INFO Long connection metrics detail ,Total count =7, sdkCount=7,clusterCount=0

2025-01-10 09:11:34,861 INFO Connection check task end

2025-01-10 09:11:35,548 INFO Tps reporting...
HealthCheck|point|SECONDS|2025-01-10 09:11:34|3|0|


2025-01-10 09:11:36,999 INFO ConnectionMetrics, totalCount = 8, detail = {long_connection=7, long_polling=1}

2025-01-10 09:11:37,366 INFO Tps reporting...
HealthCheck|point|SECONDS|2025-01-10 09:11:36|1|0|


2025-01-10 09:11:37,877 INFO Connection check task start

2025-01-10 09:11:37,877 INFO Long connection metrics detail ,Total count =7, sdkCount=7,clusterCount=0

2025-01-10 09:11:37,877 INFO Connection check task end

2025-01-10 09:11:38,276 INFO Tps reporting...
HealthCheck|point|SECONDS|2025-01-10 09:11:37|2|0|


2025-01-10 09:11:39,186 INFO Tps reporting...
HealthCheck|point|SECONDS|2025-01-10 09:11:38|1|0|


2025-01-10 09:11:40,014 INFO ConnectionMetrics, totalCount = 8, detail = {long_connection=7, long_polling=1}

2025-01-10 09:11:40,094 INFO Tps reporting...
HealthCheck|point|SECONDS|2025-01-10 09:11:39|3|0|


2025-01-10 09:11:40,340 INFO [1736470967839_127.0.0.1_51510]Connection unregistered successfully. 

2025-01-10 09:11:40,390 INFO [1736470951421_127.0.0.1_51329]Connection unregistered successfully. 

2025-01-10 09:11:40,423 INFO [1736470958692_127.0.0.1_51444]Connection unregistered successfully. 

2025-01-10 09:11:40,456 INFO [1736470965737_127.0.0.1_51504]Connection unregistered successfully. 

2025-01-10 09:11:40,886 INFO Connection check task start

2025-01-10 09:11:40,886 INFO Long connection metrics detail ,Total count =3, sdkCount=3,clusterCount=0

2025-01-10 09:11:40,886 INFO Connection check task end

2025-01-10 09:11:40,959 INFO [1736470950840_127.0.0.1_51327]Connection unregistered successfully. 

2025-01-10 09:11:41,034 INFO [1736470943781_127.0.0.1_51302]Connection unregistered successfully. 

2025-01-10 09:11:41,099 INFO [1736470960242_127.0.0.1_51448]Connection unregistered successfully. 

2025-01-10 09:11:43,024 INFO ConnectionMetrics, totalCount = 1, detail = {long_connection=0, long_polling=1}

2025-01-10 09:11:43,900 INFO Connection check task start

2025-01-10 09:11:43,901 INFO Long connection metrics detail ,Total count =0, sdkCount=0,clusterCount=0

2025-01-10 09:11:43,901 INFO Connection check task end

2025-01-10 09:11:46,025 INFO ConnectionMetrics, totalCount = 1, detail = {long_connection=0, long_polling=1}

2025-01-10 09:11:46,912 INFO Connection check task start

2025-01-10 09:11:46,913 INFO Long connection metrics detail ,Total count =0, sdkCount=0,clusterCount=0

2025-01-10 09:11:46,913 INFO Connection check task end

2025-01-10 09:11:49,030 INFO ConnectionMetrics, totalCount = 1, detail = {long_connection=0, long_polling=1}

2025-01-10 09:11:49,922 INFO Connection check task start

2025-01-10 09:11:49,922 INFO Long connection metrics detail ,Total count =0, sdkCount=0,clusterCount=0

2025-01-10 09:11:49,922 INFO Connection check task end

2025-01-10 09:11:52,038 INFO ConnectionMetrics, totalCount = 1, detail = {long_connection=0, long_polling=1}

2025-01-10 09:11:52,930 INFO Connection check task start

2025-01-10 09:11:52,930 INFO Long connection metrics detail ,Total count =0, sdkCount=0,clusterCount=0

2025-01-10 09:11:52,930 INFO Connection check task end

2025-01-10 09:11:54,788 INFO new connection registered successfully, connectionId = 1736471514569_127.0.0.1_52511,connection=Connection{traced=false, abilities=null, metaInfo=ConnectionMeta{connectType='GRPC', clientIp='192.168.154.1', remoteIp='127.0.0.1', remotePort=52511, localPort=9848, version='Nacos-Java-Client:v2.2.1', connectionId='1736471514569_127.0.0.1_52511', createTime=Fri Jan 10 09:11:54 CST 2025, lastActiveTime=1736471514788, appName='-', tenant='null', labels={module=naming, source=sdk}}} 

2025-01-10 09:11:55,047 INFO ConnectionMetrics, totalCount = 2, detail = {long_connection=1, long_polling=1}

2025-01-10 09:11:55,939 INFO Connection check task start

2025-01-10 09:11:55,939 INFO Long connection metrics detail ,Total count =1, sdkCount=1,clusterCount=0

2025-01-10 09:11:55,939 INFO Connection check task end

2025-01-10 09:11:56,400 INFO Tps reporting...
NAMING_RPC_PUSH_SUCCESS|point|SECONDS|2025-01-10 09:11:55|1|0|
NAMING_RPC_PUSH|point|SECONDS|2025-01-10 09:11:55|1|0|


2025-01-10 09:11:58,062 INFO ConnectionMetrics, totalCount = 2, detail = {long_connection=1, long_polling=1}

2025-01-10 09:11:58,953 INFO Connection check task start

2025-01-10 09:11:58,953 INFO Long connection metrics detail ,Total count =1, sdkCount=1,clusterCount=0

2025-01-10 09:11:58,953 INFO Connection check task end

2025-01-10 09:12:01,072 INFO ConnectionMetrics, totalCount = 2, detail = {long_connection=1, long_polling=1}

2025-01-10 09:12:01,955 INFO Connection check task start

2025-01-10 09:12:01,955 INFO Long connection metrics detail ,Total count =1, sdkCount=1,clusterCount=0

2025-01-10 09:12:01,955 INFO Connection check task end

2025-01-10 09:12:02,869 INFO new connection registered successfully, connectionId = 1736471522865_127.0.0.1_52629,connection=Connection{traced=false, abilities=null, metaInfo=ConnectionMeta{connectType='GRPC', clientIp='192.168.154.1', remoteIp='127.0.0.1', remotePort=52629, localPort=9848, version='Nacos-Java-Client:v2.2.1', connectionId='1736471522865_127.0.0.1_52629', createTime=Fri Jan 10 09:12:02 CST 2025, lastActiveTime=1736471522869, appName='-', tenant='null', labels={module=naming, source=sdk}}} 

2025-01-10 09:12:03,073 INFO new connection registered successfully, connectionId = 1736471522968_127.0.0.1_52630,connection=Connection{traced=false, abilities=null, metaInfo=ConnectionMeta{connectType='GRPC', clientIp='192.168.154.1', remoteIp='127.0.0.1', remotePort=52630, localPort=9848, version='Nacos-Java-Client:v2.2.1', connectionId='1736471522968_127.0.0.1_52630', createTime=Fri Jan 10 09:12:03 CST 2025, lastActiveTime=1736471523073, appName='-', tenant='null', labels={module=naming, source=sdk}}} 

2025-01-10 09:12:03,659 INFO Tps reporting...
HealthCheck|point|SECONDS|2025-01-10 09:12:02|1|0|


2025-01-10 09:12:04,075 INFO ConnectionMetrics, totalCount = 4, detail = {long_connection=3, long_polling=1}

2025-01-10 09:12:04,562 INFO Tps reporting...
NAMING_RPC_PUSH_SUCCESS|point|SECONDS|2025-01-10 09:12:03|1|0|
NAMING_RPC_PUSH|point|SECONDS|2025-01-10 09:12:03|1|0|


2025-01-10 09:12:04,969 INFO Connection check task start

2025-01-10 09:12:04,969 INFO Long connection metrics detail ,Total count =3, sdkCount=3,clusterCount=0

2025-01-10 09:12:04,969 INFO Connection check task end

2025-01-10 09:12:07,085 INFO ConnectionMetrics, totalCount = 4, detail = {long_connection=3, long_polling=1}

2025-01-10 09:12:07,970 INFO Connection check task start

2025-01-10 09:12:07,970 INFO Long connection metrics detail ,Total count =3, sdkCount=3,clusterCount=0

2025-01-10 09:12:07,970 INFO Connection check task end

2025-01-10 09:12:08,194 INFO Tps reporting...
HealthCheck|point|SECONDS|2025-01-10 09:12:07|1|0|


2025-01-10 09:12:08,287 INFO new connection registered successfully, connectionId = 1736471528217_127.0.0.1_52661,connection=Connection{traced=false, abilities=null, metaInfo=ConnectionMeta{connectType='GRPC', clientIp='192.168.154.1', remoteIp='127.0.0.1', remotePort=52661, localPort=9848, version='Nacos-Java-Client:v2.2.1', connectionId='1736471528217_127.0.0.1_52661', createTime=Fri Jan 10 09:12:08 CST 2025, lastActiveTime=1736471528286, appName='-', tenant='null', labels={module=naming, source=sdk}}} 

2025-01-10 09:12:09,124 INFO [1736471522968_127.0.0.1_52630]Connection unregistered successfully. 

2025-01-10 09:12:10,090 INFO ConnectionMetrics, totalCount = 4, detail = {long_connection=3, long_polling=1}

2025-01-10 09:12:10,553 INFO new connection registered successfully, connectionId = 1736471530481_127.0.0.1_52668,connection=Connection{traced=false, abilities=null, metaInfo=ConnectionMeta{connectType='GRPC', clientIp='192.168.154.1', remoteIp='127.0.0.1', remotePort=52668, localPort=9848, version='Nacos-Java-Client:v2.2.1', connectionId='1736471530481_127.0.0.1_52668', createTime=Fri Jan 10 09:12:10 CST 2025, lastActiveTime=1736471530553, appName='-', tenant='null', labels={module=naming, source=sdk}}} 

2025-01-10 09:12:10,983 INFO Connection check task start

2025-01-10 09:12:10,983 INFO Long connection metrics detail ,Total count =4, sdkCount=4,clusterCount=0

2025-01-10 09:12:10,983 INFO Connection check task end

2025-01-10 09:12:12,735 INFO Tps reporting...
NAMING_RPC_PUSH_SUCCESS|point|SECONDS|2025-01-10 09:12:11|1|0|
NAMING_RPC_PUSH|point|SECONDS|2025-01-10 09:12:11|1|0|


2025-01-10 09:12:13,099 INFO ConnectionMetrics, totalCount = 5, detail = {long_connection=4, long_polling=1}

2025-01-10 09:12:13,103 INFO [1736471530481_127.0.0.1_52668]Connection unregistered successfully. 

2025-01-10 09:12:13,637 INFO Tps reporting...
HealthCheck|point|SECONDS|2025-01-10 09:12:12|2|0|


2025-01-10 09:12:13,986 INFO Connection check task start

2025-01-10 09:12:13,986 INFO Long connection metrics detail ,Total count =3, sdkCount=3,clusterCount=0

2025-01-10 09:12:13,986 INFO Connection check task end

2025-01-10 09:12:16,108 INFO ConnectionMetrics, totalCount = 4, detail = {long_connection=3, long_polling=1}

2025-01-10 09:12:16,994 INFO Connection check task start

2025-01-10 09:12:16,994 INFO Long connection metrics detail ,Total count =3, sdkCount=3,clusterCount=0

2025-01-10 09:12:16,994 INFO Connection check task end

2025-01-10 09:12:18,188 INFO Tps reporting...
HealthCheck|point|SECONDS|2025-01-10 09:12:17|3|0|


2025-01-10 09:12:19,113 INFO ConnectionMetrics, totalCount = 4, detail = {long_connection=3, long_polling=1}

2025-01-10 09:12:20,007 INFO Connection check task start

2025-01-10 09:12:20,007 INFO Long connection metrics detail ,Total count =3, sdkCount=3,clusterCount=0

2025-01-10 09:12:20,007 INFO Connection check task end

2025-01-10 09:12:22,122 INFO ConnectionMetrics, totalCount = 4, detail = {long_connection=3, long_polling=1}

2025-01-10 09:12:23,010 INFO Connection check task start

2025-01-10 09:12:23,010 INFO Long connection metrics detail ,Total count =3, sdkCount=3,clusterCount=0

2025-01-10 09:12:23,010 INFO Connection check task end

2025-01-10 09:12:23,633 INFO Tps reporting...
HealthCheck|point|SECONDS|2025-01-10 09:12:22|3|0|


2025-01-10 09:12:25,131 INFO ConnectionMetrics, totalCount = 4, detail = {long_connection=3, long_polling=1}

2025-01-10 09:12:26,021 INFO Connection check task start

2025-01-10 09:12:26,021 INFO Long connection metrics detail ,Total count =3, sdkCount=3,clusterCount=0

2025-01-10 09:12:26,021 INFO Connection check task end

2025-01-10 09:12:28,136 INFO ConnectionMetrics, totalCount = 4, detail = {long_connection=3, long_polling=1}

2025-01-10 09:12:28,167 INFO Tps reporting...
HealthCheck|point|SECONDS|2025-01-10 09:12:27|3|0|


2025-01-10 09:12:29,025 INFO Connection check task start

2025-01-10 09:12:29,025 INFO Long connection metrics detail ,Total count =3, sdkCount=3,clusterCount=0

2025-01-10 09:12:29,025 INFO Connection check task end

2025-01-10 09:12:31,143 INFO ConnectionMetrics, totalCount = 4, detail = {long_connection=3, long_polling=1}

2025-01-10 09:12:32,030 INFO Connection check task start

2025-01-10 09:12:32,030 INFO Long connection metrics detail ,Total count =3, sdkCount=3,clusterCount=0

2025-01-10 09:12:32,030 INFO Connection check task end

2025-01-10 09:12:33,610 INFO Tps reporting...
HealthCheck|point|SECONDS|2025-01-10 09:12:32|3|0|


2025-01-10 09:12:34,154 INFO ConnectionMetrics, totalCount = 4, detail = {long_connection=3, long_polling=1}

2025-01-10 09:12:35,042 INFO Connection check task start

2025-01-10 09:12:35,042 INFO Long connection metrics detail ,Total count =3, sdkCount=3,clusterCount=0

2025-01-10 09:12:35,042 INFO Connection check task end

2025-01-10 09:12:37,157 INFO ConnectionMetrics, totalCount = 4, detail = {long_connection=3, long_polling=1}

2025-01-10 09:12:38,050 INFO Connection check task start

2025-01-10 09:12:38,050 INFO Long connection metrics detail ,Total count =3, sdkCount=3,clusterCount=0

2025-01-10 09:12:38,050 INFO Connection check task end

2025-01-10 09:12:38,145 INFO Tps reporting...
HealthCheck|point|SECONDS|2025-01-10 09:12:37|3|0|


2025-01-10 09:12:40,167 INFO ConnectionMetrics, totalCount = 4, detail = {long_connection=3, long_polling=1}

2025-01-10 09:12:41,058 INFO Connection check task start

2025-01-10 09:12:41,058 INFO Long connection metrics detail ,Total count =3, sdkCount=3,clusterCount=0

2025-01-10 09:12:41,058 INFO Connection check task end

2025-01-10 09:12:43,174 INFO ConnectionMetrics, totalCount = 4, detail = {long_connection=3, long_polling=1}

2025-01-10 09:12:43,588 INFO Tps reporting...
HealthCheck|point|SECONDS|2025-01-10 09:12:42|3|0|


2025-01-10 09:12:44,061 INFO Connection check task start

2025-01-10 09:12:44,061 INFO Long connection metrics detail ,Total count =3, sdkCount=3,clusterCount=0

2025-01-10 09:12:44,061 INFO Connection check task end

2025-01-10 09:12:46,189 INFO ConnectionMetrics, totalCount = 4, detail = {long_connection=3, long_polling=1}

2025-01-10 09:12:47,062 INFO Connection check task start

2025-01-10 09:12:47,062 INFO Long connection metrics detail ,Total count =3, sdkCount=3,clusterCount=0

2025-01-10 09:12:47,062 INFO Connection check task end

2025-01-10 09:12:48,107 INFO Tps reporting...
HealthCheck|point|SECONDS|2025-01-10 09:12:47|3|0|


2025-01-10 09:12:49,202 INFO ConnectionMetrics, totalCount = 4, detail = {long_connection=3, long_polling=1}

2025-01-10 09:12:50,065 INFO Connection check task start

2025-01-10 09:12:50,065 INFO Long connection metrics detail ,Total count =3, sdkCount=3,clusterCount=0

2025-01-10 09:12:50,065 INFO Connection check task end

2025-01-10 09:12:52,215 INFO ConnectionMetrics, totalCount = 4, detail = {long_connection=3, long_polling=1}

2025-01-10 09:12:53,070 INFO Connection check task start

2025-01-10 09:12:53,070 INFO Long connection metrics detail ,Total count =3, sdkCount=3,clusterCount=0

2025-01-10 09:12:53,070 INFO Connection check task end

2025-01-10 09:12:53,548 INFO Tps reporting...
HealthCheck|point|SECONDS|2025-01-10 09:12:52|3|0|


2025-01-10 09:12:55,231 INFO ConnectionMetrics, totalCount = 4, detail = {long_connection=3, long_polling=1}

2025-01-10 09:12:56,078 INFO Connection check task start

2025-01-10 09:12:56,078 INFO Long connection metrics detail ,Total count =3, sdkCount=3,clusterCount=0

2025-01-10 09:12:56,078 INFO Connection check task end

2025-01-10 09:12:58,079 INFO Tps reporting...
HealthCheck|point|SECONDS|2025-01-10 09:12:57|3|0|


2025-01-10 09:12:58,238 INFO ConnectionMetrics, totalCount = 4, detail = {long_connection=3, long_polling=1}

2025-01-10 09:12:59,081 INFO Connection check task start

2025-01-10 09:12:59,081 INFO Long connection metrics detail ,Total count =3, sdkCount=3,clusterCount=0

2025-01-10 09:12:59,081 INFO Connection check task end

2025-01-10 09:13:01,250 INFO ConnectionMetrics, totalCount = 4, detail = {long_connection=3, long_polling=1}

2025-01-10 09:13:02,090 INFO Connection check task start

2025-01-10 09:13:02,090 INFO Long connection metrics detail ,Total count =3, sdkCount=3,clusterCount=0

2025-01-10 09:13:02,090 INFO Connection check task end

2025-01-10 09:13:03,521 INFO Tps reporting...
HealthCheck|point|SECONDS|2025-01-10 09:13:02|3|0|


2025-01-10 09:13:04,255 INFO ConnectionMetrics, totalCount = 4, detail = {long_connection=3, long_polling=1}

2025-01-10 09:13:05,100 INFO Connection check task start

2025-01-10 09:13:05,100 INFO Long connection metrics detail ,Total count =3, sdkCount=3,clusterCount=0

2025-01-10 09:13:05,100 INFO Connection check task end

2025-01-10 09:13:07,265 INFO ConnectionMetrics, totalCount = 4, detail = {long_connection=3, long_polling=1}

2025-01-10 09:13:08,062 INFO Tps reporting...
HealthCheck|point|SECONDS|2025-01-10 09:13:07|3|0|


2025-01-10 09:13:08,110 INFO Connection check task start

2025-01-10 09:13:08,110 INFO Long connection metrics detail ,Total count =3, sdkCount=3,clusterCount=0

2025-01-10 09:13:08,110 INFO Connection check task end

2025-01-10 09:13:10,277 INFO ConnectionMetrics, totalCount = 4, detail = {long_connection=3, long_polling=1}

2025-01-10 09:13:11,114 INFO Connection check task start

2025-01-10 09:13:11,114 INFO Long connection metrics detail ,Total count =3, sdkCount=3,clusterCount=0

2025-01-10 09:13:11,114 INFO Connection check task end

2025-01-10 09:13:13,287 INFO ConnectionMetrics, totalCount = 4, detail = {long_connection=3, long_polling=1}

2025-01-10 09:13:13,510 INFO Tps reporting...
HealthCheck|point|SECONDS|2025-01-10 09:13:12|3|0|


2025-01-10 09:13:14,129 INFO Connection check task start

2025-01-10 09:13:14,129 INFO Long connection metrics detail ,Total count =3, sdkCount=3,clusterCount=0

2025-01-10 09:13:14,129 INFO Connection check task end

2025-01-10 09:13:16,293 INFO ConnectionMetrics, totalCount = 4, detail = {long_connection=3, long_polling=1}

2025-01-10 09:13:17,139 INFO Connection check task start

2025-01-10 09:13:17,139 INFO Long connection metrics detail ,Total count =3, sdkCount=3,clusterCount=0

2025-01-10 09:13:17,139 INFO Connection check task end

2025-01-10 09:13:18,049 INFO Tps reporting...
HealthCheck|point|SECONDS|2025-01-10 09:13:17|3|0|


2025-01-10 09:13:19,299 INFO ConnectionMetrics, totalCount = 4, detail = {long_connection=3, long_polling=1}

2025-01-10 09:13:20,143 INFO Connection check task start

2025-01-10 09:13:20,143 INFO Long connection metrics detail ,Total count =3, sdkCount=3,clusterCount=0

2025-01-10 09:13:20,143 INFO Connection check task end

2025-01-10 09:13:22,308 INFO ConnectionMetrics, totalCount = 4, detail = {long_connection=3, long_polling=1}

2025-01-10 09:13:23,154 INFO Connection check task start

2025-01-10 09:13:23,154 INFO Long connection metrics detail ,Total count =3, sdkCount=3,clusterCount=0

2025-01-10 09:13:23,154 INFO Connection check task end

2025-01-10 09:13:23,490 INFO Tps reporting...
HealthCheck|point|SECONDS|2025-01-10 09:13:22|3|0|


2025-01-10 09:13:25,318 INFO ConnectionMetrics, totalCount = 4, detail = {long_connection=3, long_polling=1}

2025-01-10 09:13:26,164 INFO Connection check task start

2025-01-10 09:13:26,164 INFO Long connection metrics detail ,Total count =3, sdkCount=3,clusterCount=0

2025-01-10 09:13:26,164 INFO Connection check task end

2025-01-10 09:13:28,030 INFO Tps reporting...
HealthCheck|point|SECONDS|2025-01-10 09:13:27|3|0|


2025-01-10 09:13:28,333 INFO ConnectionMetrics, totalCount = 4, detail = {long_connection=3, long_polling=1}

2025-01-10 09:13:29,181 INFO Connection check task start

2025-01-10 09:13:29,182 INFO Long connection metrics detail ,Total count =3, sdkCount=3,clusterCount=0

2025-01-10 09:13:29,182 INFO Connection check task end

2025-01-10 09:13:31,342 INFO ConnectionMetrics, totalCount = 4, detail = {long_connection=3, long_polling=1}

2025-01-10 09:13:32,189 INFO Connection check task start

2025-01-10 09:13:32,189 INFO Long connection metrics detail ,Total count =3, sdkCount=3,clusterCount=0

2025-01-10 09:13:32,189 INFO Connection check task end

2025-01-10 09:13:32,824 INFO new connection registered successfully, connectionId = 1736471612757_127.0.0.1_52815,connection=Connection{traced=false, abilities=null, metaInfo=ConnectionMeta{connectType='GRPC', clientIp='192.168.154.1', remoteIp='127.0.0.1', remotePort=52815, localPort=9848, version='Nacos-Java-Client:v2.2.1', connectionId='1736471612757_127.0.0.1_52815', createTime=Fri Jan 10 09:13:32 CST 2025, lastActiveTime=1736471612824, appName='-', tenant='null', labels={module=naming, source=sdk}}} 

2025-01-10 09:13:33,482 INFO Tps reporting...
HealthCheck|point|SECONDS|2025-01-10 09:13:32|3|0|


2025-01-10 09:13:34,343 INFO ConnectionMetrics, totalCount = 5, detail = {long_connection=4, long_polling=1}

2025-01-10 09:13:34,391 INFO Tps reporting...
NAMING_RPC_PUSH_SUCCESS|point|SECONDS|2025-01-10 09:13:33|1|0|
NAMING_RPC_PUSH|point|SECONDS|2025-01-10 09:13:33|1|0|


2025-01-10 09:13:35,190 INFO Connection check task start

2025-01-10 09:13:35,190 INFO Long connection metrics detail ,Total count =4, sdkCount=4,clusterCount=0

2025-01-10 09:13:35,190 INFO Connection check task end

2025-01-10 09:13:35,733 INFO new connection registered successfully, connectionId = 1736471615728_127.0.0.1_52831,connection=Connection{traced=false, abilities=null, metaInfo=ConnectionMeta{connectType='GRPC', clientIp='192.168.154.1', remoteIp='127.0.0.1', remotePort=52831, localPort=9848, version='Nacos-Java-Client:v2.2.1', connectionId='1736471615728_127.0.0.1_52831', createTime=Fri Jan 10 09:13:35 CST 2025, lastActiveTime=1736471615733, appName='-', tenant='null', labels={module=naming, source=sdk}}} 

2025-01-10 09:13:37,351 INFO ConnectionMetrics, totalCount = 6, detail = {long_connection=5, long_polling=1}

2025-01-10 09:13:38,021 INFO Tps reporting...
HealthCheck|point|SECONDS|2025-01-10 09:13:37|3|0|


2025-01-10 09:13:38,197 INFO Connection check task start

2025-01-10 09:13:38,197 INFO Long connection metrics detail ,Total count =5, sdkCount=5,clusterCount=0

2025-01-10 09:13:38,197 INFO Connection check task end

2025-01-10 09:13:40,363 INFO ConnectionMetrics, totalCount = 6, detail = {long_connection=5, long_polling=1}

2025-01-10 09:13:41,210 INFO Connection check task start

2025-01-10 09:13:41,210 INFO Long connection metrics detail ,Total count =5, sdkCount=5,clusterCount=0

2025-01-10 09:13:41,210 INFO Connection check task end

2025-01-10 09:13:43,372 INFO ConnectionMetrics, totalCount = 6, detail = {long_connection=5, long_polling=1}

2025-01-10 09:13:43,468 INFO Tps reporting...
HealthCheck|point|SECONDS|2025-01-10 09:13:42|4|0|


2025-01-10 09:13:44,217 INFO Connection check task start

2025-01-10 09:13:44,217 INFO Long connection metrics detail ,Total count =5, sdkCount=5,clusterCount=0

2025-01-10 09:13:44,217 INFO Connection check task end

2025-01-10 09:13:46,191 INFO Tps reporting...
HealthCheck|point|SECONDS|2025-01-10 09:13:45|1|0|


2025-01-10 09:13:46,382 INFO ConnectionMetrics, totalCount = 6, detail = {long_connection=5, long_polling=1}

2025-01-10 09:13:47,228 INFO Connection check task start

2025-01-10 09:13:47,228 INFO Long connection metrics detail ,Total count =5, sdkCount=5,clusterCount=0

2025-01-10 09:13:47,228 INFO Connection check task end

2025-01-10 09:13:48,010 INFO Tps reporting...
HealthCheck|point|SECONDS|2025-01-10 09:13:47|4|0|


2025-01-10 09:13:49,395 INFO ConnectionMetrics, totalCount = 6, detail = {long_connection=5, long_polling=1}

2025-01-10 09:13:50,242 INFO Connection check task start

2025-01-10 09:13:50,242 INFO Long connection metrics detail ,Total count =5, sdkCount=5,clusterCount=0

2025-01-10 09:13:50,242 INFO Connection check task end

2025-01-10 09:13:51,646 INFO Tps reporting...
HealthCheck|point|SECONDS|2025-01-10 09:13:50|1|0|


2025-01-10 09:13:52,397 INFO ConnectionMetrics, totalCount = 6, detail = {long_connection=5, long_polling=1}

2025-01-10 09:13:53,243 INFO Connection check task start

2025-01-10 09:13:53,243 INFO Long connection metrics detail ,Total count =5, sdkCount=5,clusterCount=0

2025-01-10 09:13:53,243 INFO Connection check task end

2025-01-10 09:13:53,466 INFO Tps reporting...
HealthCheck|point|SECONDS|2025-01-10 09:13:52|4|0|


2025-01-10 09:13:55,412 INFO ConnectionMetrics, totalCount = 6, detail = {long_connection=5, long_polling=1}

2025-01-10 09:13:56,195 INFO Tps reporting...
HealthCheck|point|SECONDS|2025-01-10 09:13:55|1|0|


2025-01-10 09:13:56,243 INFO Connection check task start

2025-01-10 09:13:56,243 INFO Long connection metrics detail ,Total count =5, sdkCount=5,clusterCount=0

2025-01-10 09:13:56,243 INFO Connection check task end

2025-01-10 09:13:58,010 INFO Tps reporting...
HealthCheck|point|SECONDS|2025-01-10 09:13:57|4|0|


2025-01-10 09:13:58,423 INFO ConnectionMetrics, totalCount = 6, detail = {long_connection=5, long_polling=1}

2025-01-10 09:13:59,252 INFO Connection check task start

2025-01-10 09:13:59,252 INFO Long connection metrics detail ,Total count =5, sdkCount=5,clusterCount=0

2025-01-10 09:13:59,252 INFO Connection check task end

2025-01-10 09:14:01,427 INFO ConnectionMetrics, totalCount = 6, detail = {long_connection=5, long_polling=1}

2025-01-10 09:14:01,630 INFO Tps reporting...
HealthCheck|point|SECONDS|2025-01-10 09:14:00|1|0|


2025-01-10 09:14:02,265 INFO Connection check task start

2025-01-10 09:14:02,265 INFO Long connection metrics detail ,Total count =5, sdkCount=5,clusterCount=0

2025-01-10 09:14:02,265 INFO Connection check task end

2025-01-10 09:14:03,438 INFO Tps reporting...
HealthCheck|point|SECONDS|2025-01-10 09:14:02|4|0|


2025-01-10 09:14:04,436 INFO ConnectionMetrics, totalCount = 6, detail = {long_connection=5, long_polling=1}

2025-01-10 09:14:05,275 INFO Connection check task start

2025-01-10 09:14:05,275 INFO Long connection metrics detail ,Total count =5, sdkCount=5,clusterCount=0

2025-01-10 09:14:05,275 INFO Connection check task end

2025-01-10 09:14:06,154 INFO Tps reporting...
HealthCheck|point|SECONDS|2025-01-10 09:14:05|1|0|


2025-01-10 09:14:07,042 INFO new connection registered successfully, connectionId = 1736471646975_127.0.0.1_52892,connection=Connection{traced=false, abilities=null, metaInfo=ConnectionMeta{connectType='GRPC', clientIp='192.168.154.1', remoteIp='127.0.0.1', remotePort=52892, localPort=9848, version='Nacos-Java-Client:v2.2.1', connectionId='1736471646975_127.0.0.1_52892', createTime=Fri Jan 10 09:14:07 CST 2025, lastActiveTime=1736471647041, appName='-', tenant='null', labels={module=naming, source=sdk}}} 

2025-01-10 09:14:07,438 INFO ConnectionMetrics, totalCount = 7, detail = {long_connection=6, long_polling=1}

2025-01-10 09:14:08,283 INFO Connection check task start

2025-01-10 09:14:08,283 INFO Long connection metrics detail ,Total count =6, sdkCount=6,clusterCount=0

2025-01-10 09:14:08,283 INFO Connection check task end

2025-01-10 09:14:08,870 INFO Tps reporting...
NAMING_RPC_PUSH_SUCCESS|point|SECONDS|2025-01-10 09:14:07|1|0|
HealthCheck|point|SECONDS|2025-01-10 09:14:07|4|0|
NAMING_RPC_PUSH|point|SECONDS|2025-01-10 09:14:07|1|0|


2025-01-10 09:14:10,210 INFO new connection registered successfully, connectionId = 1736471650205_127.0.0.1_52912,connection=Connection{traced=false, abilities=null, metaInfo=ConnectionMeta{connectType='GRPC', clientIp='192.168.154.1', remoteIp='127.0.0.1', remotePort=52912, localPort=9848, version='Nacos-Java-Client:v2.2.1', connectionId='1736471650205_127.0.0.1_52912', createTime=Fri Jan 10 09:14:10 CST 2025, lastActiveTime=1736471650210, appName='-', tenant='null', labels={module=naming, source=sdk}}} 

2025-01-10 09:14:10,451 INFO ConnectionMetrics, totalCount = 8, detail = {long_connection=7, long_polling=1}

2025-01-10 09:14:11,295 INFO Connection check task start

2025-01-10 09:14:11,295 INFO Long connection metrics detail ,Total count =7, sdkCount=7,clusterCount=0

2025-01-10 09:14:11,295 INFO Connection check task end

2025-01-10 09:14:11,596 INFO Tps reporting...
HealthCheck|point|SECONDS|2025-01-10 09:14:10|1|0|


2025-01-10 09:14:13,415 INFO Tps reporting...
HealthCheck|point|SECONDS|2025-01-10 09:14:12|4|0|


2025-01-10 09:14:13,463 INFO ConnectionMetrics, totalCount = 8, detail = {long_connection=7, long_polling=1}

2025-01-10 09:14:14,306 INFO Connection check task start

2025-01-10 09:14:14,306 INFO Long connection metrics detail ,Total count =7, sdkCount=7,clusterCount=0

2025-01-10 09:14:14,306 INFO Connection check task end

2025-01-10 09:14:16,141 INFO Tps reporting...
HealthCheck|point|SECONDS|2025-01-10 09:14:15|1|0|


2025-01-10 09:14:16,475 INFO ConnectionMetrics, totalCount = 8, detail = {long_connection=7, long_polling=1}

2025-01-10 09:14:17,048 INFO Tps reporting...
HealthCheck|point|SECONDS|2025-01-10 09:14:16|1|0|


2025-01-10 09:14:17,319 INFO Connection check task start

2025-01-10 09:14:17,319 INFO Long connection metrics detail ,Total count =7, sdkCount=7,clusterCount=0

2025-01-10 09:14:17,319 INFO Connection check task end

2025-01-10 09:14:18,868 INFO Tps reporting...
HealthCheck|point|SECONDS|2025-01-10 09:14:17|4|0|


2025-01-10 09:14:19,487 INFO ConnectionMetrics, totalCount = 8, detail = {long_connection=7, long_polling=1}

2025-01-10 09:14:20,334 INFO Connection check task start

2025-01-10 09:14:20,334 INFO Long connection metrics detail ,Total count =7, sdkCount=7,clusterCount=0

2025-01-10 09:14:20,334 INFO Connection check task end

2025-01-10 09:14:21,592 INFO Tps reporting...
HealthCheck|point|SECONDS|2025-01-10 09:14:20|2|0|


2025-01-10 09:14:22,495 INFO ConnectionMetrics, totalCount = 8, detail = {long_connection=7, long_polling=1}

2025-01-10 09:14:22,495 INFO Tps reporting...
HealthCheck|point|SECONDS|2025-01-10 09:14:21|1|0|


2025-01-10 09:14:23,338 INFO Connection check task start

2025-01-10 09:14:23,338 INFO Long connection metrics detail ,Total count =7, sdkCount=7,clusterCount=0

2025-01-10 09:14:23,338 INFO Connection check task end

2025-01-10 09:14:23,402 INFO Tps reporting...
HealthCheck|point|SECONDS|2025-01-10 09:14:22|4|0|


2025-01-10 09:14:25,506 INFO ConnectionMetrics, totalCount = 8, detail = {long_connection=7, long_polling=1}

2025-01-10 09:14:26,124 INFO Tps reporting...
HealthCheck|point|SECONDS|2025-01-10 09:14:25|2|0|


2025-01-10 09:14:26,347 INFO Connection check task start

2025-01-10 09:14:26,347 INFO Long connection metrics detail ,Total count =7, sdkCount=7,clusterCount=0

2025-01-10 09:14:26,347 INFO Connection check task end

2025-01-10 09:14:27,033 INFO Tps reporting...
HealthCheck|point|SECONDS|2025-01-10 09:14:26|1|0|


2025-01-10 09:14:28,516 INFO ConnectionMetrics, totalCount = 8, detail = {long_connection=7, long_polling=1}

2025-01-10 09:14:28,852 INFO Tps reporting...
HealthCheck|point|SECONDS|2025-01-10 09:14:27|4|0|


2025-01-10 09:14:29,360 INFO Connection check task start

2025-01-10 09:14:29,360 INFO Long connection metrics detail ,Total count =7, sdkCount=7,clusterCount=0

2025-01-10 09:14:29,360 INFO Connection check task end

2025-01-10 09:14:31,517 INFO ConnectionMetrics, totalCount = 8, detail = {long_connection=7, long_polling=1}

2025-01-10 09:14:31,564 INFO Tps reporting...
HealthCheck|point|SECONDS|2025-01-10 09:14:30|2|0|


2025-01-10 09:14:32,367 INFO Connection check task start

2025-01-10 09:14:32,367 INFO Long connection metrics detail ,Total count =7, sdkCount=7,clusterCount=0

2025-01-10 09:14:32,367 INFO Connection check task end

2025-01-10 09:14:32,478 INFO Tps reporting...
NAMING_RPC_PUSH_SUCCESS|point|SECONDS|2025-01-10 09:14:31|1|0|
HealthCheck|point|SECONDS|2025-01-10 09:14:31|1|0|
NAMING_RPC_PUSH|point|SECONDS|2025-01-10 09:14:31|1|0|


2025-01-10 09:14:33,383 INFO Tps reporting...
HealthCheck|point|SECONDS|2025-01-10 09:14:32|3|0|


2025-01-10 09:14:34,532 INFO ConnectionMetrics, totalCount = 8, detail = {long_connection=7, long_polling=1}

2025-01-10 09:14:35,377 INFO Connection check task start

2025-01-10 09:14:35,377 INFO Long connection metrics detail ,Total count =7, sdkCount=7,clusterCount=0

2025-01-10 09:14:35,377 INFO Connection check task end

2025-01-10 09:14:36,113 INFO Tps reporting...
HealthCheck|point|SECONDS|2025-01-10 09:14:35|2|0|


2025-01-10 09:14:37,020 INFO Tps reporting...
HealthCheck|point|SECONDS|2025-01-10 09:14:36|1|0|


2025-01-10 09:14:37,545 INFO ConnectionMetrics, totalCount = 8, detail = {long_connection=7, long_polling=1}

2025-01-10 09:14:38,392 INFO Connection check task start

2025-01-10 09:14:38,392 INFO Long connection metrics detail ,Total count =7, sdkCount=7,clusterCount=0

2025-01-10 09:14:38,392 INFO Connection check task end

2025-01-10 09:14:38,836 INFO Tps reporting...
HealthCheck|point|SECONDS|2025-01-10 09:14:37|4|0|


2025-01-10 09:14:40,559 INFO ConnectionMetrics, totalCount = 8, detail = {long_connection=7, long_polling=1}

2025-01-10 09:14:41,405 INFO Connection check task start

2025-01-10 09:14:41,405 INFO Long connection metrics detail ,Total count =7, sdkCount=7,clusterCount=0

2025-01-10 09:14:41,405 INFO Connection check task end

2025-01-10 09:14:41,564 INFO Tps reporting...
HealthCheck|point|SECONDS|2025-01-10 09:14:40|2|0|


2025-01-10 09:14:42,469 INFO Tps reporting...
HealthCheck|point|SECONDS|2025-01-10 09:14:41|1|0|


2025-01-10 09:14:43,372 INFO Tps reporting...
HealthCheck|point|SECONDS|2025-01-10 09:14:42|4|0|


2025-01-10 09:14:43,564 INFO ConnectionMetrics, totalCount = 8, detail = {long_connection=7, long_polling=1}

2025-01-10 09:14:44,409 INFO Connection check task start

2025-01-10 09:14:44,409 INFO Long connection metrics detail ,Total count =7, sdkCount=7,clusterCount=0

2025-01-10 09:14:44,409 INFO Connection check task end

2025-01-10 09:14:46,098 INFO Tps reporting...
NAMING_RPC_PUSH_SUCCESS|point|SECONDS|2025-01-10 09:14:45|1|0|
HealthCheck|point|SECONDS|2025-01-10 09:14:45|2|0|
NAMING_RPC_PUSH|point|SECONDS|2025-01-10 09:14:45|1|0|


2025-01-10 09:14:46,573 INFO ConnectionMetrics, totalCount = 8, detail = {long_connection=7, long_polling=1}

2025-01-10 09:14:47,012 INFO Tps reporting...
HealthCheck|point|SECONDS|2025-01-10 09:14:46|1|0|


2025-01-10 09:14:47,410 INFO Connection check task start

2025-01-10 09:14:47,410 INFO Long connection metrics detail ,Total count =7, sdkCount=7,clusterCount=0

2025-01-10 09:14:47,410 INFO Connection check task end

2025-01-10 09:14:48,832 INFO Tps reporting...
HealthCheck|point|SECONDS|2025-01-10 09:14:47|2|0|


2025-01-10 09:14:49,577 INFO ConnectionMetrics, totalCount = 8, detail = {long_connection=7, long_polling=1}

2025-01-10 09:14:49,742 INFO Tps reporting...
HealthCheck|point|SECONDS|2025-01-10 09:14:48|1|0|


2025-01-10 09:14:50,412 INFO Connection check task start

2025-01-10 09:14:50,412 INFO Long connection metrics detail ,Total count =7, sdkCount=7,clusterCount=0

2025-01-10 09:14:50,412 INFO Connection check task end

2025-01-10 09:14:51,550 INFO Tps reporting...
HealthCheck|point|SECONDS|2025-01-10 09:14:50|2|0|


2025-01-10 09:14:52,459 INFO Tps reporting...
HealthCheck|point|SECONDS|2025-01-10 09:14:51|1|0|


2025-01-10 09:14:52,587 INFO ConnectionMetrics, totalCount = 8, detail = {long_connection=7, long_polling=1}

2025-01-10 09:14:53,360 INFO Tps reporting...
HealthCheck|point|SECONDS|2025-01-10 09:14:52|3|0|


2025-01-10 09:14:53,425 INFO Connection check task start

2025-01-10 09:14:53,426 INFO Long connection metrics detail ,Total count =7, sdkCount=7,clusterCount=0

2025-01-10 09:14:53,427 INFO Connection check task end

2025-01-10 09:14:54,274 INFO Tps reporting...
NAMING_RPC_PUSH_SUCCESS|point|SECONDS|2025-01-10 09:14:53|1|0|
HealthCheck|point|SECONDS|2025-01-10 09:14:53|1|0|
NAMING_RPC_PUSH|point|SECONDS|2025-01-10 09:14:53|1|0|


2025-01-10 09:14:55,593 INFO ConnectionMetrics, totalCount = 8, detail = {long_connection=7, long_polling=1}

2025-01-10 09:14:56,091 INFO Tps reporting...
HealthCheck|point|SECONDS|2025-01-10 09:14:55|2|0|


2025-01-10 09:14:56,432 INFO Connection check task start

2025-01-10 09:14:56,432 INFO Long connection metrics detail ,Total count =7, sdkCount=7,clusterCount=0

2025-01-10 09:14:56,432 INFO Connection check task end

2025-01-10 09:14:57,901 INFO Tps reporting...
HealthCheck|point|SECONDS|2025-01-10 09:14:56|1|0|


2025-01-10 09:14:58,609 INFO ConnectionMetrics, totalCount = 8, detail = {long_connection=7, long_polling=1}

2025-01-10 09:14:58,809 INFO Tps reporting...
HealthCheck|point|SECONDS|2025-01-10 09:14:57|2|0|


2025-01-10 09:14:59,435 INFO Connection check task start

2025-01-10 09:14:59,435 INFO Long connection metrics detail ,Total count =7, sdkCount=7,clusterCount=0

2025-01-10 09:14:59,435 INFO Connection check task end

2025-01-10 09:14:59,718 INFO Tps reporting...
HealthCheck|point|SECONDS|2025-01-10 09:14:58|1|0|


2025-01-10 09:15:00,620 INFO Tps reporting...
NAMING_RPC_PUSH_SUCCESS|point|SECONDS|2025-01-10 09:14:59|1|0|
NAMING_RPC_PUSH|point|SECONDS|2025-01-10 09:14:59|1|0|


2025-01-10 09:15:01,533 INFO Tps reporting...
HealthCheck|point|SECONDS|2025-01-10 09:15:00|1|0|


2025-01-10 09:15:01,611 INFO ConnectionMetrics, totalCount = 8, detail = {long_connection=7, long_polling=1}

2025-01-10 09:15:02,444 INFO Connection check task start

2025-01-10 09:15:02,444 INFO Tps reporting...
HealthCheck|point|SECONDS|2025-01-10 09:15:01|1|0|


2025-01-10 09:15:02,444 INFO Long connection metrics detail ,Total count =7, sdkCount=7,clusterCount=0

2025-01-10 09:15:02,444 INFO Connection check task end

2025-01-10 09:15:03,359 INFO Tps reporting...
HealthCheck|point|SECONDS|2025-01-10 09:15:02|3|0|


2025-01-10 09:15:04,261 INFO Tps reporting...
HealthCheck|point|SECONDS|2025-01-10 09:15:03|1|0|


2025-01-10 09:15:04,614 INFO ConnectionMetrics, totalCount = 8, detail = {long_connection=7, long_polling=1}

2025-01-10 09:15:05,457 INFO Connection check task start

2025-01-10 09:15:05,457 INFO Long connection metrics detail ,Total count =7, sdkCount=7,clusterCount=0

2025-01-10 09:15:05,457 INFO Connection check task end

2025-01-10 09:15:06,077 INFO Tps reporting...
HealthCheck|point|SECONDS|2025-01-10 09:15:05|2|0|


2025-01-10 09:15:07,625 INFO ConnectionMetrics, totalCount = 8, detail = {long_connection=7, long_polling=1}

2025-01-10 09:15:07,896 INFO Tps reporting...
HealthCheck|point|SECONDS|2025-01-10 09:15:06|1|0|


2025-01-10 09:15:08,467 INFO Connection check task start

2025-01-10 09:15:08,467 INFO Long connection metrics detail ,Total count =7, sdkCount=7,clusterCount=0

2025-01-10 09:15:08,467 INFO Connection check task end

2025-01-10 09:15:08,800 INFO Tps reporting...
HealthCheck|point|SECONDS|2025-01-10 09:15:07|2|0|


2025-01-10 09:15:09,708 INFO Tps reporting...
HealthCheck|point|SECONDS|2025-01-10 09:15:08|2|0|


2025-01-10 09:15:10,634 INFO ConnectionMetrics, totalCount = 8, detail = {long_connection=7, long_polling=1}

2025-01-10 09:15:11,479 INFO Connection check task start

2025-01-10 09:15:11,479 INFO Long connection metrics detail ,Total count =7, sdkCount=7,clusterCount=0

2025-01-10 09:15:11,479 INFO Connection check task end

2025-01-10 09:15:11,527 INFO Tps reporting...
HealthCheck|point|SECONDS|2025-01-10 09:15:10|2|0|


2025-01-10 09:15:12,437 INFO Tps reporting...
HealthCheck|point|SECONDS|2025-01-10 09:15:11|1|0|


2025-01-10 09:15:13,345 INFO Tps reporting...
HealthCheck|point|SECONDS|2025-01-10 09:15:12|2|0|


2025-01-10 09:15:13,648 INFO ConnectionMetrics, totalCount = 8, detail = {long_connection=7, long_polling=1}

2025-01-10 09:15:14,249 INFO Tps reporting...
HealthCheck|point|SECONDS|2025-01-10 09:15:13|2|0|


2025-01-10 09:15:14,488 INFO Connection check task start

2025-01-10 09:15:14,488 INFO Long connection metrics detail ,Total count =7, sdkCount=7,clusterCount=0

2025-01-10 09:15:14,488 INFO Connection check task end

2025-01-10 09:15:16,067 INFO Tps reporting...
HealthCheck|point|SECONDS|2025-01-10 09:15:15|2|0|


2025-01-10 09:15:16,658 INFO ConnectionMetrics, totalCount = 8, detail = {long_connection=7, long_polling=1}

2025-01-10 09:15:17,503 INFO Connection check task start

2025-01-10 09:15:17,503 INFO Long connection metrics detail ,Total count =7, sdkCount=7,clusterCount=0

2025-01-10 09:15:17,503 INFO Connection check task end

2025-01-10 09:15:17,887 INFO Tps reporting...
HealthCheck|point|SECONDS|2025-01-10 09:15:16|1|0|


2025-01-10 09:15:18,795 INFO Tps reporting...
HealthCheck|point|SECONDS|2025-01-10 09:15:17|2|0|


2025-01-10 09:15:19,672 INFO ConnectionMetrics, totalCount = 8, detail = {long_connection=7, long_polling=1}

2025-01-10 09:15:19,704 INFO Tps reporting...
HealthCheck|point|SECONDS|2025-01-10 09:15:18|2|0|


2025-01-10 09:15:20,517 INFO Connection check task start

2025-01-10 09:15:20,517 INFO Long connection metrics detail ,Total count =7, sdkCount=7,clusterCount=0

2025-01-10 09:15:20,517 INFO Connection check task end

2025-01-10 09:15:21,523 INFO Tps reporting...
HealthCheck|point|SECONDS|2025-01-10 09:15:20|2|0|


2025-01-10 09:15:22,432 INFO Tps reporting...
HealthCheck|point|SECONDS|2025-01-10 09:15:21|1|0|


2025-01-10 09:15:22,685 INFO ConnectionMetrics, totalCount = 8, detail = {long_connection=7, long_polling=1}

2025-01-10 09:15:23,336 INFO Tps reporting...
HealthCheck|point|SECONDS|2025-01-10 09:15:22|2|0|


2025-01-10 09:15:23,533 INFO Connection check task start

2025-01-10 09:15:23,533 INFO Long connection metrics detail ,Total count =7, sdkCount=7,clusterCount=0

2025-01-10 09:15:23,533 INFO Connection check task end

2025-01-10 09:15:24,238 INFO Tps reporting...
HealthCheck|point|SECONDS|2025-01-10 09:15:23|2|0|


2025-01-10 09:15:25,687 INFO ConnectionMetrics, totalCount = 8, detail = {long_connection=7, long_polling=1}

2025-01-10 09:15:26,053 INFO Tps reporting...
HealthCheck|point|SECONDS|2025-01-10 09:15:25|2|0|


2025-01-10 09:15:26,538 INFO Connection check task start

2025-01-10 09:15:26,538 INFO Long connection metrics detail ,Total count =7, sdkCount=7,clusterCount=0

2025-01-10 09:15:26,538 INFO Connection check task end

2025-01-10 09:15:27,858 INFO Tps reporting...
HealthCheck|point|SECONDS|2025-01-10 09:15:26|1|0|


2025-01-10 09:15:28,688 INFO ConnectionMetrics, totalCount = 8, detail = {long_connection=7, long_polling=1}

2025-01-10 09:15:28,769 INFO Tps reporting...
HealthCheck|point|SECONDS|2025-01-10 09:15:27|2|0|


2025-01-10 09:15:29,552 INFO Connection check task start

2025-01-10 09:15:29,552 INFO Long connection metrics detail ,Total count =7, sdkCount=7,clusterCount=0

2025-01-10 09:15:29,552 INFO Connection check task end

2025-01-10 09:15:29,670 INFO Tps reporting...
HealthCheck|point|SECONDS|2025-01-10 09:15:28|2|0|


2025-01-10 09:15:31,486 INFO Tps reporting...
HealthCheck|point|SECONDS|2025-01-10 09:15:30|2|0|


2025-01-10 09:15:31,703 INFO ConnectionMetrics, totalCount = 8, detail = {long_connection=7, long_polling=1}

2025-01-10 09:15:32,400 INFO Tps reporting...
HealthCheck|point|SECONDS|2025-01-10 09:15:31|1|0|


2025-01-10 09:15:32,553 INFO Connection check task start

2025-01-10 09:15:32,553 INFO Long connection metrics detail ,Total count =7, sdkCount=7,clusterCount=0

2025-01-10 09:15:32,553 INFO Connection check task end

2025-01-10 09:15:33,305 INFO Tps reporting...
HealthCheck|point|SECONDS|2025-01-10 09:15:32|2|0|


2025-01-10 09:15:34,217 INFO Tps reporting...
HealthCheck|point|SECONDS|2025-01-10 09:15:33|2|0|


2025-01-10 09:15:34,703 INFO ConnectionMetrics, totalCount = 8, detail = {long_connection=7, long_polling=1}

2025-01-10 09:15:35,561 INFO Connection check task start

2025-01-10 09:15:35,561 INFO Long connection metrics detail ,Total count =7, sdkCount=7,clusterCount=0

2025-01-10 09:15:35,561 INFO Connection check task end

2025-01-10 09:15:36,022 INFO Tps reporting...
HealthCheck|point|SECONDS|2025-01-10 09:15:35|2|0|


2025-01-10 09:15:37,714 INFO ConnectionMetrics, totalCount = 8, detail = {long_connection=7, long_polling=1}

2025-01-10 09:15:37,826 INFO Tps reporting...
HealthCheck|point|SECONDS|2025-01-10 09:15:36|1|0|


2025-01-10 09:15:38,564 INFO Connection check task start

2025-01-10 09:15:38,564 INFO Long connection metrics detail ,Total count =7, sdkCount=7,clusterCount=0

2025-01-10 09:15:38,564 INFO Connection check task end

2025-01-10 09:15:38,737 INFO Tps reporting...
HealthCheck|point|SECONDS|2025-01-10 09:15:37|2|0|


2025-01-10 09:15:39,652 INFO Tps reporting...
HealthCheck|point|SECONDS|2025-01-10 09:15:38|2|0|


2025-01-10 09:15:40,726 INFO ConnectionMetrics, totalCount = 8, detail = {long_connection=7, long_polling=1}

2025-01-10 09:15:41,475 INFO Tps reporting...
HealthCheck|point|SECONDS|2025-01-10 09:15:40|2|0|


2025-01-10 09:15:41,569 INFO Connection check task start

2025-01-10 09:15:41,569 INFO Long connection metrics detail ,Total count =7, sdkCount=7,clusterCount=0

2025-01-10 09:15:41,569 INFO Connection check task end

2025-01-10 09:15:42,380 INFO Tps reporting...
HealthCheck|point|SECONDS|2025-01-10 09:15:41|1|0|


2025-01-10 09:15:43,302 INFO Tps reporting...
HealthCheck|point|SECONDS|2025-01-10 09:15:42|2|0|


2025-01-10 09:15:43,734 INFO ConnectionMetrics, totalCount = 8, detail = {long_connection=7, long_polling=1}

2025-01-10 09:15:44,215 INFO Tps reporting...
HealthCheck|point|SECONDS|2025-01-10 09:15:43|2|0|


2025-01-10 09:15:44,572 INFO Connection check task start

2025-01-10 09:15:44,572 INFO Long connection metrics detail ,Total count =7, sdkCount=7,clusterCount=0

2025-01-10 09:15:44,572 INFO Connection check task end

2025-01-10 09:15:46,018 INFO Tps reporting...
HealthCheck|point|SECONDS|2025-01-10 09:15:45|2|0|


2025-01-10 09:15:46,734 INFO ConnectionMetrics, totalCount = 8, detail = {long_connection=7, long_polling=1}

2025-01-10 09:15:47,584 INFO Connection check task start

2025-01-10 09:15:47,584 INFO Long connection metrics detail ,Total count =7, sdkCount=7,clusterCount=0

2025-01-10 09:15:47,584 INFO Connection check task end

2025-01-10 09:15:47,835 INFO Tps reporting...
HealthCheck|point|SECONDS|2025-01-10 09:15:46|1|0|


2025-01-10 09:15:48,746 INFO Tps reporting...
HealthCheck|point|SECONDS|2025-01-10 09:15:47|2|0|


2025-01-10 09:15:49,651 INFO Tps reporting...
HealthCheck|point|SECONDS|2025-01-10 09:15:48|2|0|


2025-01-10 09:15:49,735 INFO ConnectionMetrics, totalCount = 8, detail = {long_connection=7, long_polling=1}

2025-01-10 09:15:50,592 INFO Connection check task start

2025-01-10 09:15:50,592 INFO Long connection metrics detail ,Total count =7, sdkCount=7,clusterCount=0

2025-01-10 09:15:50,592 INFO Connection check task end

2025-01-10 09:15:51,458 INFO Tps reporting...
HealthCheck|point|SECONDS|2025-01-10 09:15:50|2|0|


2025-01-10 09:15:52,368 INFO Tps reporting...
HealthCheck|point|SECONDS|2025-01-10 09:15:51|1|0|


2025-01-10 09:15:52,746 INFO ConnectionMetrics, totalCount = 8, detail = {long_connection=7, long_polling=1}

2025-01-10 09:15:53,281 INFO Tps reporting...
HealthCheck|point|SECONDS|2025-01-10 09:15:52|2|0|


2025-01-10 09:15:53,595 INFO Connection check task start

2025-01-10 09:15:53,595 INFO Long connection metrics detail ,Total count =7, sdkCount=7,clusterCount=0

2025-01-10 09:15:53,595 INFO Connection check task end

2025-01-10 09:15:54,192 INFO Tps reporting...
HealthCheck|point|SECONDS|2025-01-10 09:15:53|2|0|


2025-01-10 09:15:55,748 INFO ConnectionMetrics, totalCount = 8, detail = {long_connection=7, long_polling=1}

2025-01-10 09:15:56,015 INFO Tps reporting...
HealthCheck|point|SECONDS|2025-01-10 09:15:55|2|0|


2025-01-10 09:15:56,596 INFO Connection check task start

2025-01-10 09:15:56,596 INFO Long connection metrics detail ,Total count =7, sdkCount=7,clusterCount=0

2025-01-10 09:15:56,596 INFO Connection check task end

2025-01-10 09:15:57,838 INFO Tps reporting...
HealthCheck|point|SECONDS|2025-01-10 09:15:56|1|0|


2025-01-10 09:15:58,747 INFO Tps reporting...
HealthCheck|point|SECONDS|2025-01-10 09:15:57|2|0|


2025-01-10 09:15:58,763 INFO ConnectionMetrics, totalCount = 8, detail = {long_connection=7, long_polling=1}

2025-01-10 09:15:59,606 INFO Connection check task start

2025-01-10 09:15:59,606 INFO Long connection metrics detail ,Total count =7, sdkCount=7,clusterCount=0

2025-01-10 09:15:59,606 INFO Connection check task end

2025-01-10 09:15:59,654 INFO Tps reporting...
HealthCheck|point|SECONDS|2025-01-10 09:15:58|2|0|


2025-01-10 09:16:01,470 INFO Tps reporting...
HealthCheck|point|SECONDS|2025-01-10 09:16:00|2|0|


2025-01-10 09:16:01,772 INFO ConnectionMetrics, totalCount = 8, detail = {long_connection=7, long_polling=1}

2025-01-10 09:16:02,378 INFO Tps reporting...
HealthCheck|point|SECONDS|2025-01-10 09:16:01|1|0|


2025-01-10 09:16:02,618 INFO Connection check task start

2025-01-10 09:16:02,618 INFO Long connection metrics detail ,Total count =7, sdkCount=7,clusterCount=0

2025-01-10 09:16:02,618 INFO Connection check task end

2025-01-10 09:16:03,289 INFO Tps reporting...
HealthCheck|point|SECONDS|2025-01-10 09:16:02|2|0|


2025-01-10 09:16:04,197 INFO Tps reporting...
HealthCheck|point|SECONDS|2025-01-10 09:16:03|2|0|


2025-01-10 09:16:04,773 INFO ConnectionMetrics, totalCount = 8, detail = {long_connection=7, long_polling=1}

2025-01-10 09:16:05,632 INFO Connection check task start

2025-01-10 09:16:05,632 INFO Long connection metrics detail ,Total count =7, sdkCount=7,clusterCount=0

2025-01-10 09:16:05,632 INFO Connection check task end

2025-01-10 09:16:06,016 INFO Tps reporting...
HealthCheck|point|SECONDS|2025-01-10 09:16:05|2|0|


2025-01-10 09:16:07,774 INFO ConnectionMetrics, totalCount = 8, detail = {long_connection=7, long_polling=1}

2025-01-10 09:16:07,821 INFO Tps reporting...
HealthCheck|point|SECONDS|2025-01-10 09:16:06|1|0|


2025-01-10 09:16:08,638 INFO Connection check task start

2025-01-10 09:16:08,638 INFO Long connection metrics detail ,Total count =7, sdkCount=7,clusterCount=0

2025-01-10 09:16:08,638 INFO Connection check task end

2025-01-10 09:16:08,734 INFO Tps reporting...
HealthCheck|point|SECONDS|2025-01-10 09:16:07|2|0|


2025-01-10 09:16:09,638 INFO Tps reporting...
HealthCheck|point|SECONDS|2025-01-10 09:16:08|2|0|


2025-01-10 09:16:10,789 INFO ConnectionMetrics, totalCount = 8, detail = {long_connection=7, long_polling=1}

2025-01-10 09:16:11,458 INFO Tps reporting...
HealthCheck|point|SECONDS|2025-01-10 09:16:10|2|0|


2025-01-10 09:16:11,649 INFO Connection check task start

2025-01-10 09:16:11,649 INFO Long connection metrics detail ,Total count =7, sdkCount=7,clusterCount=0

2025-01-10 09:16:11,649 INFO Connection check task end

2025-01-10 09:16:12,361 INFO Tps reporting...
HealthCheck|point|SECONDS|2025-01-10 09:16:11|1|0|


2025-01-10 09:16:13,272 INFO Tps reporting...
HealthCheck|point|SECONDS|2025-01-10 09:16:12|2|0|


2025-01-10 09:16:13,799 INFO ConnectionMetrics, totalCount = 8, detail = {long_connection=7, long_polling=1}

2025-01-10 09:16:14,182 INFO Tps reporting...
HealthCheck|point|SECONDS|2025-01-10 09:16:13|2|0|


2025-01-10 09:16:14,661 INFO Connection check task start

2025-01-10 09:16:14,661 INFO Long connection metrics detail ,Total count =7, sdkCount=7,clusterCount=0

2025-01-10 09:16:14,661 INFO Connection check task end

2025-01-10 09:16:16,002 INFO Tps reporting...
HealthCheck|point|SECONDS|2025-01-10 09:16:15|2|0|


2025-01-10 09:16:16,811 INFO ConnectionMetrics, totalCount = 8, detail = {long_connection=7, long_polling=1}

2025-01-10 09:16:17,669 INFO Connection check task start

2025-01-10 09:16:17,669 INFO Long connection metrics detail ,Total count =7, sdkCount=7,clusterCount=0

2025-01-10 09:16:17,669 INFO Connection check task end

2025-01-10 09:16:17,812 INFO Tps reporting...
HealthCheck|point|SECONDS|2025-01-10 09:16:16|1|0|


2025-01-10 09:16:18,721 INFO Tps reporting...
HealthCheck|point|SECONDS|2025-01-10 09:16:17|2|0|


2025-01-10 09:16:19,623 INFO Tps reporting...
HealthCheck|point|SECONDS|2025-01-10 09:16:18|2|0|


2025-01-10 09:16:19,814 INFO ConnectionMetrics, totalCount = 8, detail = {long_connection=7, long_polling=1}

2025-01-10 09:16:20,674 INFO Connection check task start

2025-01-10 09:16:20,674 INFO Long connection metrics detail ,Total count =7, sdkCount=7,clusterCount=0

2025-01-10 09:16:20,674 INFO Connection check task end

2025-01-10 09:16:21,446 INFO Tps reporting...
HealthCheck|point|SECONDS|2025-01-10 09:16:20|2|0|


2025-01-10 09:16:22,352 INFO Tps reporting...
HealthCheck|point|SECONDS|2025-01-10 09:16:21|1|0|


2025-01-10 09:16:22,828 INFO ConnectionMetrics, totalCount = 8, detail = {long_connection=7, long_polling=1}

2025-01-10 09:16:23,258 INFO Tps reporting...
HealthCheck|point|SECONDS|2025-01-10 09:16:22|2|0|


2025-01-10 09:16:23,687 INFO Connection check task start

2025-01-10 09:16:23,687 INFO Long connection metrics detail ,Total count =7, sdkCount=7,clusterCount=0

2025-01-10 09:16:23,687 INFO Connection check task end

2025-01-10 09:16:24,166 INFO Tps reporting...
HealthCheck|point|SECONDS|2025-01-10 09:16:23|2|0|


2025-01-10 09:16:25,832 INFO ConnectionMetrics, totalCount = 8, detail = {long_connection=7, long_polling=1}

2025-01-10 09:16:26,690 INFO Connection check task start

2025-01-10 09:16:26,690 INFO Long connection metrics detail ,Total count =7, sdkCount=7,clusterCount=0

2025-01-10 09:16:26,690 INFO Connection check task end

2025-01-10 09:16:26,882 INFO Tps reporting...
HealthCheck|point|SECONDS|2025-01-10 09:16:25|2|0|


2025-01-10 09:16:27,792 INFO Tps reporting...
HealthCheck|point|SECONDS|2025-01-10 09:16:26|1|0|


2025-01-10 09:16:28,699 INFO Tps reporting...
HealthCheck|point|SECONDS|2025-01-10 09:16:27|2|0|


2025-01-10 09:16:28,842 INFO ConnectionMetrics, totalCount = 8, detail = {long_connection=7, long_polling=1}

2025-01-10 09:16:29,602 INFO Tps reporting...
HealthCheck|point|SECONDS|2025-01-10 09:16:28|2|0|


2025-01-10 09:16:29,698 INFO Connection check task start

2025-01-10 09:16:29,698 INFO Long connection metrics detail ,Total count =7, sdkCount=7,clusterCount=0

2025-01-10 09:16:29,698 INFO Connection check task end

2025-01-10 09:16:31,421 INFO Tps reporting...
HealthCheck|point|SECONDS|2025-01-10 09:16:30|2|0|


2025-01-10 09:16:31,851 INFO ConnectionMetrics, totalCount = 8, detail = {long_connection=7, long_polling=1}

2025-01-10 09:16:32,329 INFO Tps reporting...
HealthCheck|point|SECONDS|2025-01-10 09:16:31|1|0|


2025-01-10 09:16:32,710 INFO Connection check task start

2025-01-10 09:16:32,710 INFO Long connection metrics detail ,Total count =7, sdkCount=7,clusterCount=0

2025-01-10 09:16:32,710 INFO Connection check task end

2025-01-10 09:16:33,237 INFO Tps reporting...
HealthCheck|point|SECONDS|2025-01-10 09:16:32|2|0|


2025-01-10 09:16:34,147 INFO Tps reporting...
HealthCheck|point|SECONDS|2025-01-10 09:16:33|2|0|


2025-01-10 09:16:34,861 INFO ConnectionMetrics, totalCount = 8, detail = {long_connection=7, long_polling=1}

2025-01-10 09:16:35,720 INFO Connection check task start

2025-01-10 09:16:35,720 INFO Long connection metrics detail ,Total count =7, sdkCount=7,clusterCount=0

2025-01-10 09:16:35,720 INFO Connection check task end

2025-01-10 09:16:36,868 INFO Tps reporting...
HealthCheck|point|SECONDS|2025-01-10 09:16:35|2|0|


2025-01-10 09:16:37,770 INFO Tps reporting...
HealthCheck|point|SECONDS|2025-01-10 09:16:36|1|0|


2025-01-10 09:16:37,866 INFO ConnectionMetrics, totalCount = 8, detail = {long_connection=7, long_polling=1}

2025-01-10 09:16:38,680 INFO Tps reporting...
HealthCheck|point|SECONDS|2025-01-10 09:16:37|2|0|


2025-01-10 09:16:38,726 INFO Connection check task start

2025-01-10 09:16:38,726 INFO Long connection metrics detail ,Total count =7, sdkCount=7,clusterCount=0

2025-01-10 09:16:38,726 INFO Connection check task end

2025-01-10 09:16:39,587 INFO Tps reporting...
HealthCheck|point|SECONDS|2025-01-10 09:16:38|2|0|


2025-01-10 09:16:40,877 INFO ConnectionMetrics, totalCount = 8, detail = {long_connection=7, long_polling=1}

2025-01-10 09:16:41,397 INFO Tps reporting...
HealthCheck|point|SECONDS|2025-01-10 09:16:40|2|0|


2025-01-10 09:16:41,732 INFO Connection check task start

2025-01-10 09:16:41,732 INFO Long connection metrics detail ,Total count =7, sdkCount=7,clusterCount=0

2025-01-10 09:16:41,732 INFO Connection check task end

2025-01-10 09:16:42,302 INFO Tps reporting...
HealthCheck|point|SECONDS|2025-01-10 09:16:41|1|0|


2025-01-10 09:16:43,206 INFO Tps reporting...
HealthCheck|point|SECONDS|2025-01-10 09:16:42|2|0|


2025-01-10 09:16:43,890 INFO ConnectionMetrics, totalCount = 8, detail = {long_connection=7, long_polling=1}

2025-01-10 09:16:44,113 INFO Tps reporting...
HealthCheck|point|SECONDS|2025-01-10 09:16:43|2|0|


2025-01-10 09:16:44,732 INFO Connection check task start

2025-01-10 09:16:44,732 INFO Long connection metrics detail ,Total count =7, sdkCount=7,clusterCount=0

2025-01-10 09:16:44,732 INFO Connection check task end

2025-01-10 09:16:46,840 INFO Tps reporting...
HealthCheck|point|SECONDS|2025-01-10 09:16:45|1|0|


2025-01-10 09:16:46,904 INFO ConnectionMetrics, totalCount = 8, detail = {long_connection=7, long_polling=1}

2025-01-10 09:16:47,733 INFO Connection check task start

2025-01-10 09:16:47,733 INFO Long connection metrics detail ,Total count =7, sdkCount=7,clusterCount=0

2025-01-10 09:16:47,733 INFO Connection check task end

2025-01-10 09:16:47,749 INFO Tps reporting...
HealthCheck|point|SECONDS|2025-01-10 09:16:46|2|0|


2025-01-10 09:16:48,651 INFO Tps reporting...
HealthCheck|point|SECONDS|2025-01-10 09:16:47|2|0|


2025-01-10 09:16:49,555 INFO Tps reporting...
HealthCheck|point|SECONDS|2025-01-10 09:16:48|2|0|


2025-01-10 09:16:49,906 INFO ConnectionMetrics, totalCount = 8, detail = {long_connection=7, long_polling=1}

2025-01-10 09:16:50,734 INFO Connection check task start

2025-01-10 09:16:50,734 INFO Long connection metrics detail ,Total count =7, sdkCount=7,clusterCount=0

2025-01-10 09:16:50,734 INFO Connection check task end

2025-01-10 09:16:52,275 INFO Tps reporting...
HealthCheck|point|SECONDS|2025-01-10 09:16:51|1|0|


2025-01-10 09:16:52,912 INFO ConnectionMetrics, totalCount = 8, detail = {long_connection=7, long_polling=1}

2025-01-10 09:16:53,184 INFO Tps reporting...
HealthCheck|point|SECONDS|2025-01-10 09:16:52|2|0|


2025-01-10 09:16:53,742 INFO Connection check task start

2025-01-10 09:16:53,742 INFO Long connection metrics detail ,Total count =7, sdkCount=7,clusterCount=0

2025-01-10 09:16:53,742 INFO Connection check task end

2025-01-10 09:16:54,087 INFO Tps reporting...
HealthCheck|point|SECONDS|2025-01-10 09:16:53|2|0|


2025-01-10 09:16:55,920 INFO ConnectionMetrics, totalCount = 8, detail = {long_connection=7, long_polling=1}

2025-01-10 09:16:56,746 INFO Connection check task start

2025-01-10 09:16:56,746 INFO Long connection metrics detail ,Total count =7, sdkCount=7,clusterCount=0

2025-01-10 09:16:56,746 INFO Connection check task end

2025-01-10 09:16:57,719 INFO Tps reporting...
HealthCheck|point|SECONDS|2025-01-10 09:16:56|1|0|


2025-01-10 09:16:58,628 INFO Tps reporting...
HealthCheck|point|SECONDS|2025-01-10 09:16:57|4|0|


2025-01-10 09:16:58,931 INFO ConnectionMetrics, totalCount = 8, detail = {long_connection=7, long_polling=1}

2025-01-10 09:16:59,537 INFO Tps reporting...
HealthCheck|point|SECONDS|2025-01-10 09:16:58|2|0|


2025-01-10 09:16:59,761 INFO Connection check task start

2025-01-10 09:16:59,761 INFO Long connection metrics detail ,Total count =7, sdkCount=7,clusterCount=0

2025-01-10 09:16:59,761 INFO Connection check task end

2025-01-10 09:17:01,941 INFO ConnectionMetrics, totalCount = 8, detail = {long_connection=7, long_polling=1}

2025-01-10 09:17:02,258 INFO Tps reporting...
HealthCheck|point|SECONDS|2025-01-10 09:17:01|1|0|


2025-01-10 09:17:02,768 INFO Connection check task start

2025-01-10 09:17:02,770 INFO Long connection metrics detail ,Total count =7, sdkCount=7,clusterCount=0

2025-01-10 09:17:02,771 INFO Connection check task end

2025-01-10 09:17:03,163 INFO Tps reporting...
HealthCheck|point|SECONDS|2025-01-10 09:17:02|2|0|


2025-01-10 09:17:04,071 INFO Tps reporting...
HealthCheck|point|SECONDS|2025-01-10 09:17:03|2|0|


2025-01-10 09:17:04,947 INFO ConnectionMetrics, totalCount = 8, detail = {long_connection=7, long_polling=1}

2025-01-10 09:17:05,778 INFO Connection check task start

2025-01-10 09:17:05,778 INFO Long connection metrics detail ,Total count =7, sdkCount=7,clusterCount=0

2025-01-10 09:17:05,778 INFO Connection check task end

2025-01-10 09:17:07,705 INFO Tps reporting...
HealthCheck|point|SECONDS|2025-01-10 09:17:06|3|0|


2025-01-10 09:17:07,959 INFO ConnectionMetrics, totalCount = 8, detail = {long_connection=7, long_polling=1}

2025-01-10 09:17:08,613 INFO Tps reporting...
HealthCheck|point|SECONDS|2025-01-10 09:17:07|2|0|


2025-01-10 09:17:08,789 INFO Connection check task start

2025-01-10 09:17:08,789 INFO Long connection metrics detail ,Total count =7, sdkCount=7,clusterCount=0

2025-01-10 09:17:08,789 INFO Connection check task end

2025-01-10 09:17:09,523 INFO Tps reporting...
HealthCheck|point|SECONDS|2025-01-10 09:17:08|2|0|


2025-01-10 09:17:10,970 INFO ConnectionMetrics, totalCount = 8, detail = {long_connection=7, long_polling=1}

2025-01-10 09:17:11,794 INFO Connection check task start

2025-01-10 09:17:11,794 INFO Long connection metrics detail ,Total count =7, sdkCount=7,clusterCount=0

2025-01-10 09:17:11,794 INFO Connection check task end

2025-01-10 09:17:12,237 INFO Tps reporting...
HealthCheck|point|SECONDS|2025-01-10 09:17:11|1|0|


2025-01-10 09:17:13,145 INFO Tps reporting...
HealthCheck|point|SECONDS|2025-01-10 09:17:12|2|0|


2025-01-10 09:17:13,973 INFO ConnectionMetrics, totalCount = 8, detail = {long_connection=7, long_polling=1}

2025-01-10 09:17:14,052 INFO Tps reporting...
HealthCheck|point|SECONDS|2025-01-10 09:17:13|2|0|


2025-01-10 09:17:14,798 INFO Connection check task start

2025-01-10 09:17:14,798 INFO Long connection metrics detail ,Total count =7, sdkCount=7,clusterCount=0

2025-01-10 09:17:14,798 INFO Connection check task end

2025-01-10 09:17:16,984 INFO ConnectionMetrics, totalCount = 8, detail = {long_connection=7, long_polling=1}

2025-01-10 09:17:17,683 INFO Tps reporting...
HealthCheck|point|SECONDS|2025-01-10 09:17:16|1|0|


2025-01-10 09:17:17,810 INFO Connection check task start

2025-01-10 09:17:17,810 INFO Long connection metrics detail ,Total count =7, sdkCount=7,clusterCount=0

2025-01-10 09:17:17,810 INFO Connection check task end

2025-01-10 09:17:18,588 INFO Tps reporting...
HealthCheck|point|SECONDS|2025-01-10 09:17:17|2|0|


2025-01-10 09:17:19,496 INFO Tps reporting...
HealthCheck|point|SECONDS|2025-01-10 09:17:18|2|0|


2025-01-10 09:17:19,985 INFO ConnectionMetrics, totalCount = 8, detail = {long_connection=7, long_polling=1}

2025-01-10 09:17:20,827 INFO Connection check task start

2025-01-10 09:17:20,827 INFO Long connection metrics detail ,Total count =7, sdkCount=7,clusterCount=0

2025-01-10 09:17:20,827 INFO Connection check task end

2025-01-10 09:17:22,208 INFO Tps reporting...
HealthCheck|point|SECONDS|2025-01-10 09:17:21|1|0|


2025-01-10 09:17:22,990 INFO ConnectionMetrics, totalCount = 8, detail = {long_connection=7, long_polling=1}

2025-01-10 09:17:23,118 INFO Tps reporting...
HealthCheck|point|SECONDS|2025-01-10 09:17:22|2|0|


2025-01-10 09:17:23,833 INFO Connection check task start

2025-01-10 09:17:23,833 INFO Long connection metrics detail ,Total count =7, sdkCount=7,clusterCount=0

2025-01-10 09:17:23,833 INFO Connection check task end

2025-01-10 09:17:24,025 INFO Tps reporting...
HealthCheck|point|SECONDS|2025-01-10 09:17:23|2|0|


2025-01-10 09:17:25,992 INFO ConnectionMetrics, totalCount = 8, detail = {long_connection=7, long_polling=1}

2025-01-10 09:17:26,847 INFO Connection check task start

2025-01-10 09:17:26,847 INFO Long connection metrics detail ,Total count =7, sdkCount=7,clusterCount=0

2025-01-10 09:17:26,847 INFO Connection check task end

2025-01-10 09:17:27,641 INFO Tps reporting...
HealthCheck|point|SECONDS|2025-01-10 09:17:26|1|0|


2025-01-10 09:17:28,551 INFO Tps reporting...
HealthCheck|point|SECONDS|2025-01-10 09:17:27|2|0|


2025-01-10 09:17:28,999 INFO ConnectionMetrics, totalCount = 8, detail = {long_connection=7, long_polling=1}

2025-01-10 09:17:29,462 INFO Tps reporting...
HealthCheck|point|SECONDS|2025-01-10 09:17:28|2|0|


2025-01-10 09:17:29,860 INFO Connection check task start

2025-01-10 09:17:29,860 INFO Long connection metrics detail ,Total count =7, sdkCount=7,clusterCount=0

2025-01-10 09:17:29,860 INFO Connection check task end

2025-01-10 09:17:32,014 INFO ConnectionMetrics, totalCount = 8, detail = {long_connection=7, long_polling=1}

2025-01-10 09:17:32,190 INFO Tps reporting...
HealthCheck|point|SECONDS|2025-01-10 09:17:31|1|0|


2025-01-10 09:17:32,875 INFO Connection check task start

2025-01-10 09:17:32,875 INFO Long connection metrics detail ,Total count =7, sdkCount=7,clusterCount=0

2025-01-10 09:17:32,875 INFO Connection check task end

2025-01-10 09:17:33,099 INFO Tps reporting...
HealthCheck|point|SECONDS|2025-01-10 09:17:32|2|0|


2025-01-10 09:17:34,009 INFO Tps reporting...
HealthCheck|point|SECONDS|2025-01-10 09:17:33|2|0|


2025-01-10 09:17:35,029 INFO ConnectionMetrics, totalCount = 8, detail = {long_connection=7, long_polling=1}

2025-01-10 09:17:35,891 INFO Connection check task start

2025-01-10 09:17:35,891 INFO Long connection metrics detail ,Total count =7, sdkCount=7,clusterCount=0

2025-01-10 09:17:35,891 INFO Connection check task end

2025-01-10 09:17:37,645 INFO Tps reporting...
HealthCheck|point|SECONDS|2025-01-10 09:17:36|1|0|


2025-01-10 09:17:38,045 INFO ConnectionMetrics, totalCount = 8, detail = {long_connection=7, long_polling=1}

2025-01-10 09:17:38,556 INFO Tps reporting...
HealthCheck|point|SECONDS|2025-01-10 09:17:37|2|0|


2025-01-10 09:17:38,905 INFO Connection check task start

2025-01-10 09:17:38,905 INFO Long connection metrics detail ,Total count =7, sdkCount=7,clusterCount=0

2025-01-10 09:17:38,905 INFO Connection check task end

2025-01-10 09:17:39,463 INFO Tps reporting...
HealthCheck|point|SECONDS|2025-01-10 09:17:38|2|0|


2025-01-10 09:17:41,058 INFO ConnectionMetrics, totalCount = 8, detail = {long_connection=7, long_polling=1}

2025-01-10 09:17:41,917 INFO Connection check task start

2025-01-10 09:17:41,917 INFO Long connection metrics detail ,Total count =7, sdkCount=7,clusterCount=0

2025-01-10 09:17:41,917 INFO Connection check task end

2025-01-10 09:17:42,188 INFO Tps reporting...
HealthCheck|point|SECONDS|2025-01-10 09:17:41|1|0|


2025-01-10 09:17:43,091 INFO Tps reporting...
HealthCheck|point|SECONDS|2025-01-10 09:17:42|2|0|


2025-01-10 09:17:44,060 INFO ConnectionMetrics, totalCount = 8, detail = {long_connection=7, long_polling=1}

2025-01-10 09:17:44,906 INFO Tps reporting...
HealthCheck|point|SECONDS|2025-01-10 09:17:43|2|0|


2025-01-10 09:17:44,922 INFO Connection check task start

2025-01-10 09:17:44,922 INFO Long connection metrics detail ,Total count =7, sdkCount=7,clusterCount=0

2025-01-10 09:17:44,922 INFO Connection check task end

2025-01-10 09:17:47,074 INFO ConnectionMetrics, totalCount = 8, detail = {long_connection=7, long_polling=1}

2025-01-10 09:17:47,631 INFO Tps reporting...
HealthCheck|point|SECONDS|2025-01-10 09:17:46|1|0|


2025-01-10 09:17:47,934 INFO Connection check task start

2025-01-10 09:17:47,934 INFO Long connection metrics detail ,Total count =7, sdkCount=7,clusterCount=0

2025-01-10 09:17:47,934 INFO Connection check task end

2025-01-10 09:17:48,541 INFO Tps reporting...
HealthCheck|point|SECONDS|2025-01-10 09:17:47|1|0|


2025-01-10 09:17:49,448 INFO Tps reporting...
HealthCheck|point|SECONDS|2025-01-10 09:17:48|3|0|


2025-01-10 09:17:50,080 INFO ConnectionMetrics, totalCount = 8, detail = {long_connection=7, long_polling=1}

2025-01-10 09:17:50,940 INFO Connection check task start

2025-01-10 09:17:50,940 INFO Long connection metrics detail ,Total count =7, sdkCount=7,clusterCount=0

2025-01-10 09:17:50,940 INFO Connection check task end

2025-01-10 09:17:52,167 INFO Tps reporting...
HealthCheck|point|SECONDS|2025-01-10 09:17:51|1|0|


2025-01-10 09:17:53,074 INFO Tps reporting...
HealthCheck|point|SECONDS|2025-01-10 09:17:52|1|0|


2025-01-10 09:17:53,090 INFO ConnectionMetrics, totalCount = 8, detail = {long_connection=7, long_polling=1}

2025-01-10 09:17:53,952 INFO Connection check task start

2025-01-10 09:17:53,952 INFO Long connection metrics detail ,Total count =7, sdkCount=7,clusterCount=0

2025-01-10 09:17:53,952 INFO Connection check task end

2025-01-10 09:17:54,892 INFO Tps reporting...
HealthCheck|point|SECONDS|2025-01-10 09:17:53|3|0|


2025-01-10 09:17:56,105 INFO ConnectionMetrics, totalCount = 8, detail = {long_connection=7, long_polling=1}

2025-01-10 09:17:56,966 INFO Connection check task start

2025-01-10 09:17:56,966 INFO Long connection metrics detail ,Total count =7, sdkCount=7,clusterCount=0

2025-01-10 09:17:56,966 INFO Connection check task end

2025-01-10 09:17:57,618 INFO Tps reporting...
HealthCheck|point|SECONDS|2025-01-10 09:17:56|1|0|


2025-01-10 09:17:58,524 INFO Tps reporting...
HealthCheck|point|SECONDS|2025-01-10 09:17:57|1|0|


2025-01-10 09:17:59,115 INFO ConnectionMetrics, totalCount = 8, detail = {long_connection=7, long_polling=1}

2025-01-10 09:17:59,434 INFO Tps reporting...
HealthCheck|point|SECONDS|2025-01-10 09:17:58|3|0|


2025-01-10 09:17:59,977 INFO Connection check task start

2025-01-10 09:17:59,977 INFO Long connection metrics detail ,Total count =7, sdkCount=7,clusterCount=0

2025-01-10 09:17:59,977 INFO Connection check task end

2025-01-10 09:18:01,589 INFO [1736471650205_127.0.0.1_52912]Connection unregistered successfully. 

2025-01-10 09:18:02,126 INFO ConnectionMetrics, totalCount = 7, detail = {long_connection=6, long_polling=1}

2025-01-10 09:18:02,157 INFO Tps reporting...
HealthCheck|point|SECONDS|2025-01-10 09:18:01|3|0|


2025-01-10 09:18:02,228 INFO [1736471646975_127.0.0.1_52892]Connection unregistered successfully. 

2025-01-10 09:18:02,986 INFO Connection check task start

2025-01-10 09:18:02,986 INFO Long connection metrics detail ,Total count =5, sdkCount=5,clusterCount=0

2025-01-10 09:18:02,986 INFO Connection check task end

2025-01-10 09:18:03,066 INFO Tps reporting...
NAMING_RPC_PUSH_SUCCESS|point|SECONDS|2025-01-10 09:18:02|1|0|
HealthCheck|point|SECONDS|2025-01-10 09:18:02|1|0|
NAMING_RPC_PUSH|point|SECONDS|2025-01-10 09:18:02|1|0|


2025-01-10 09:18:04,880 INFO Tps reporting...
HealthCheck|point|SECONDS|2025-01-10 09:18:03|2|0|


2025-01-10 09:18:05,133 INFO ConnectionMetrics, totalCount = 6, detail = {long_connection=5, long_polling=1}

2025-01-10 09:18:05,993 INFO Connection check task start

2025-01-10 09:18:05,994 INFO Long connection metrics detail ,Total count =5, sdkCount=5,clusterCount=0

2025-01-10 09:18:05,994 INFO Connection check task end

2025-01-10 09:18:07,602 INFO Tps reporting...
HealthCheck|point|SECONDS|2025-01-10 09:18:06|1|0|


2025-01-10 09:18:08,143 INFO ConnectionMetrics, totalCount = 6, detail = {long_connection=5, long_polling=1}

2025-01-10 09:18:08,509 INFO Tps reporting...
HealthCheck|point|SECONDS|2025-01-10 09:18:07|1|0|


2025-01-10 09:18:09,004 INFO Connection check task start

2025-01-10 09:18:09,004 INFO Long connection metrics detail ,Total count =5, sdkCount=5,clusterCount=0

2025-01-10 09:18:09,004 INFO Connection check task end

2025-01-10 09:18:09,416 INFO Tps reporting...
HealthCheck|point|SECONDS|2025-01-10 09:18:08|3|0|


2025-01-10 09:18:09,466 INFO new connection registered successfully, connectionId = 1736471889391_127.0.0.1_53384,connection=Connection{traced=false, abilities=null, metaInfo=ConnectionMeta{connectType='GRPC', clientIp='192.168.154.1', remoteIp='127.0.0.1', remotePort=53384, localPort=9848, version='Nacos-Java-Client:v2.2.1', connectionId='1736471889391_127.0.0.1_53384', createTime=Fri Jan 10 09:18:09 CST 2025, lastActiveTime=1736471889466, appName='-', tenant='null', labels={module=naming, source=sdk}}} 

2025-01-10 09:18:11,154 INFO ConnectionMetrics, totalCount = 7, detail = {long_connection=6, long_polling=1}

2025-01-10 09:18:11,233 INFO Tps reporting...
NAMING_RPC_PUSH_SUCCESS|point|SECONDS|2025-01-10 09:18:10|1|0|
NAMING_RPC_PUSH|point|SECONDS|2025-01-10 09:18:10|1|0|


2025-01-10 09:18:12,016 INFO Connection check task start

2025-01-10 09:18:12,016 INFO Long connection metrics detail ,Total count =6, sdkCount=6,clusterCount=0

2025-01-10 09:18:12,016 INFO Connection check task end

2025-01-10 09:18:12,144 INFO Tps reporting...
HealthCheck|point|SECONDS|2025-01-10 09:18:11|1|0|


2025-01-10 09:18:12,745 INFO new connection registered successfully, connectionId = 1736471892741_127.0.0.1_53400,connection=Connection{traced=false, abilities=null, metaInfo=ConnectionMeta{connectType='GRPC', clientIp='192.168.154.1', remoteIp='127.0.0.1', remotePort=53400, localPort=9848, version='Nacos-Java-Client:v2.2.1', connectionId='1736471892741_127.0.0.1_53400', createTime=Fri Jan 10 09:18:12 CST 2025, lastActiveTime=1736471892745, appName='-', tenant='null', labels={module=naming, source=sdk}}} 

2025-01-10 09:18:13,046 INFO Tps reporting...
HealthCheck|point|SECONDS|2025-01-10 09:18:12|1|0|


2025-01-10 09:18:14,164 INFO ConnectionMetrics, totalCount = 8, detail = {long_connection=7, long_polling=1}

2025-01-10 09:18:14,864 INFO Tps reporting...
NAMING_RPC_PUSH_SUCCESS|point|SECONDS|2025-01-10 09:18:13|1|0|
HealthCheck|point|SECONDS|2025-01-10 09:18:13|3|0|
NAMING_RPC_PUSH|point|SECONDS|2025-01-10 09:18:13|1|0|


2025-01-10 09:18:15,024 INFO Connection check task start

2025-01-10 09:18:15,024 INFO Long connection metrics detail ,Total count =7, sdkCount=7,clusterCount=0

2025-01-10 09:18:15,024 INFO Connection check task end

2025-01-10 09:18:16,684 INFO Tps reporting...
NAMING_RPC_PUSH_SUCCESS|point|SECONDS|2025-01-10 09:18:15|1|0|
NAMING_RPC_PUSH|point|SECONDS|2025-01-10 09:18:15|1|0|


2025-01-10 09:18:17,177 INFO ConnectionMetrics, totalCount = 8, detail = {long_connection=7, long_polling=1}

2025-01-10 09:18:17,590 INFO Tps reporting...
HealthCheck|point|SECONDS|2025-01-10 09:18:16|1|0|


2025-01-10 09:18:18,036 INFO Connection check task start

2025-01-10 09:18:18,036 INFO Long connection metrics detail ,Total count =7, sdkCount=7,clusterCount=0

2025-01-10 09:18:18,036 INFO Connection check task end

2025-01-10 09:18:18,498 INFO Tps reporting...
HealthCheck|point|SECONDS|2025-01-10 09:18:17|1|0|


2025-01-10 09:18:19,399 INFO Tps reporting...
HealthCheck|point|SECONDS|2025-01-10 09:18:18|3|0|


2025-01-10 09:18:20,179 INFO ConnectionMetrics, totalCount = 8, detail = {long_connection=7, long_polling=1}

2025-01-10 09:18:21,039 INFO Connection check task start

2025-01-10 09:18:21,039 INFO Long connection metrics detail ,Total count =7, sdkCount=7,clusterCount=0

2025-01-10 09:18:21,039 INFO Connection check task end

2025-01-10 09:18:22,123 INFO Tps reporting...
HealthCheck|point|SECONDS|2025-01-10 09:18:21|1|0|


2025-01-10 09:18:23,026 INFO Tps reporting...
HealthCheck|point|SECONDS|2025-01-10 09:18:22|2|0|


2025-01-10 09:18:23,186 INFO ConnectionMetrics, totalCount = 8, detail = {long_connection=7, long_polling=1}

2025-01-10 09:18:24,046 INFO Connection check task start

2025-01-10 09:18:24,046 INFO Long connection metrics detail ,Total count =7, sdkCount=7,clusterCount=0

2025-01-10 09:18:24,046 INFO Connection check task end

2025-01-10 09:18:24,843 INFO Tps reporting...
HealthCheck|point|SECONDS|2025-01-10 09:18:23|4|0|


2025-01-10 09:18:26,195 INFO ConnectionMetrics, totalCount = 8, detail = {long_connection=7, long_polling=1}

2025-01-10 09:18:27,057 INFO Connection check task start

2025-01-10 09:18:27,057 INFO Long connection metrics detail ,Total count =7, sdkCount=7,clusterCount=0

2025-01-10 09:18:27,057 INFO Connection check task end

2025-01-10 09:18:27,568 INFO Tps reporting...
HealthCheck|point|SECONDS|2025-01-10 09:18:26|1|0|


2025-01-10 09:18:28,468 INFO Tps reporting...
HealthCheck|point|SECONDS|2025-01-10 09:18:27|2|0|


2025-01-10 09:18:29,201 INFO ConnectionMetrics, totalCount = 8, detail = {long_connection=7, long_polling=1}

2025-01-10 09:18:29,373 INFO Tps reporting...
HealthCheck|point|SECONDS|2025-01-10 09:18:28|4|0|


2025-01-10 09:18:30,068 INFO Connection check task start

2025-01-10 09:18:30,068 INFO Long connection metrics detail ,Total count =7, sdkCount=7,clusterCount=0

2025-01-10 09:18:30,068 INFO Connection check task end

2025-01-10 09:18:32,096 INFO Tps reporting...
HealthCheck|point|SECONDS|2025-01-10 09:18:31|1|0|


2025-01-10 09:18:32,208 INFO ConnectionMetrics, totalCount = 8, detail = {long_connection=7, long_polling=1}

2025-01-10 09:18:33,006 INFO Tps reporting...
HealthCheck|point|SECONDS|2025-01-10 09:18:32|2|0|


2025-01-10 09:18:33,070 INFO Connection check task start

2025-01-10 09:18:33,070 INFO Long connection metrics detail ,Total count =7, sdkCount=7,clusterCount=0

2025-01-10 09:18:33,070 INFO Connection check task end

2025-01-10 09:18:34,823 INFO Tps reporting...
HealthCheck|point|SECONDS|2025-01-10 09:18:33|4|0|


2025-01-10 09:18:35,221 INFO ConnectionMetrics, totalCount = 8, detail = {long_connection=7, long_polling=1}

2025-01-10 09:18:36,083 INFO Connection check task start

2025-01-10 09:18:36,083 INFO Long connection metrics detail ,Total count =7, sdkCount=7,clusterCount=0

2025-01-10 09:18:36,083 INFO Connection check task end

2025-01-10 09:18:37,550 INFO Tps reporting...
HealthCheck|point|SECONDS|2025-01-10 09:18:36|1|0|


2025-01-10 09:18:38,236 INFO ConnectionMetrics, totalCount = 8, detail = {long_connection=7, long_polling=1}

2025-01-10 09:18:38,460 INFO Tps reporting...
HealthCheck|point|SECONDS|2025-01-10 09:18:37|2|0|


2025-01-10 09:18:39,097 INFO Connection check task start

2025-01-10 09:18:39,097 INFO Long connection metrics detail ,Total count =7, sdkCount=7,clusterCount=0

2025-01-10 09:18:39,097 INFO Connection check task end

2025-01-10 09:18:39,368 INFO Tps reporting...
HealthCheck|point|SECONDS|2025-01-10 09:18:38|4|0|


2025-01-10 09:18:41,247 INFO ConnectionMetrics, totalCount = 8, detail = {long_connection=7, long_polling=1}

2025-01-10 09:18:42,092 INFO Tps reporting...
HealthCheck|point|SECONDS|2025-01-10 09:18:41|1|0|


2025-01-10 09:18:42,108 INFO Connection check task start

2025-01-10 09:18:42,108 INFO Long connection metrics detail ,Total count =7, sdkCount=7,clusterCount=0

2025-01-10 09:18:42,108 INFO Connection check task end

2025-01-10 09:18:43,001 INFO Tps reporting...
HealthCheck|point|SECONDS|2025-01-10 09:18:42|2|0|


2025-01-10 09:18:44,259 INFO ConnectionMetrics, totalCount = 8, detail = {long_connection=7, long_polling=1}

2025-01-10 09:18:44,817 INFO Tps reporting...
HealthCheck|point|SECONDS|2025-01-10 09:18:43|4|0|


2025-01-10 09:18:45,120 INFO Connection check task start

2025-01-10 09:18:45,120 INFO Long connection metrics detail ,Total count =7, sdkCount=7,clusterCount=0

2025-01-10 09:18:45,120 INFO Connection check task end

2025-01-10 09:18:47,271 INFO ConnectionMetrics, totalCount = 8, detail = {long_connection=7, long_polling=1}

2025-01-10 09:18:47,542 INFO Tps reporting...
HealthCheck|point|SECONDS|2025-01-10 09:18:46|1|0|


2025-01-10 09:18:48,132 INFO Connection check task start

2025-01-10 09:18:48,132 INFO Long connection metrics detail ,Total count =7, sdkCount=7,clusterCount=0

2025-01-10 09:18:48,132 INFO Connection check task end

2025-01-10 09:18:48,450 INFO Tps reporting...
HealthCheck|point|SECONDS|2025-01-10 09:18:47|2|0|


2025-01-10 09:18:49,357 INFO Tps reporting...
HealthCheck|point|SECONDS|2025-01-10 09:18:48|4|0|


2025-01-10 09:18:50,284 INFO ConnectionMetrics, totalCount = 8, detail = {long_connection=7, long_polling=1}

2025-01-10 09:18:51,147 INFO Connection check task start

2025-01-10 09:18:51,147 INFO Long connection metrics detail ,Total count =7, sdkCount=7,clusterCount=0

2025-01-10 09:18:51,147 INFO Connection check task end

2025-01-10 09:18:52,087 INFO Tps reporting...
HealthCheck|point|SECONDS|2025-01-10 09:18:51|1|0|


2025-01-10 09:18:53,294 INFO ConnectionMetrics, totalCount = 8, detail = {long_connection=7, long_polling=1}

2025-01-10 09:18:53,899 INFO Tps reporting...
HealthCheck|point|SECONDS|2025-01-10 09:18:52|2|0|


2025-01-10 09:18:54,155 INFO Connection check task start

2025-01-10 09:18:54,155 INFO Long connection metrics detail ,Total count =7, sdkCount=7,clusterCount=0

2025-01-10 09:18:54,155 INFO Connection check task end

2025-01-10 09:18:54,800 INFO Tps reporting...
HealthCheck|point|SECONDS|2025-01-10 09:18:53|4|0|


2025-01-10 09:18:56,310 INFO ConnectionMetrics, totalCount = 8, detail = {long_connection=7, long_polling=1}

2025-01-10 09:18:56,368 INFO [1736471892741_127.0.0.1_53400]Connection unregistered successfully. 

2025-01-10 09:18:57,001 INFO [1736471889391_127.0.0.1_53384]Connection unregistered successfully. 

2025-01-10 09:18:57,169 INFO Connection check task start

2025-01-10 09:18:57,169 INFO Long connection metrics detail ,Total count =5, sdkCount=5,clusterCount=0

2025-01-10 09:18:57,169 INFO Connection check task end

2025-01-10 09:18:57,516 INFO Tps reporting...
NAMING_RPC_PUSH_SUCCESS|point|SECONDS|2025-01-10 09:18:56|1|0|
HealthCheck|point|SECONDS|2025-01-10 09:18:56|1|0|
NAMING_RPC_PUSH|point|SECONDS|2025-01-10 09:18:56|1|0|


2025-01-10 09:18:58,420 INFO Tps reporting...
HealthCheck|point|SECONDS|2025-01-10 09:18:57|1|0|


2025-01-10 09:18:59,310 INFO ConnectionMetrics, totalCount = 6, detail = {long_connection=5, long_polling=1}

2025-01-10 09:18:59,326 INFO Tps reporting...
HealthCheck|point|SECONDS|2025-01-10 09:18:58|2|0|


2025-01-10 09:19:00,183 INFO Connection check task start

2025-01-10 09:19:00,183 INFO Long connection metrics detail ,Total count =5, sdkCount=5,clusterCount=0

2025-01-10 09:19:00,183 INFO Connection check task end

2025-01-10 09:19:02,041 INFO Tps reporting...
HealthCheck|point|SECONDS|2025-01-10 09:19:01|1|0|


2025-01-10 09:19:02,312 INFO ConnectionMetrics, totalCount = 6, detail = {long_connection=5, long_polling=1}

2025-01-10 09:19:03,189 INFO Connection check task start

2025-01-10 09:19:03,189 INFO Long connection metrics detail ,Total count =5, sdkCount=5,clusterCount=0

2025-01-10 09:19:03,189 INFO Connection check task end

2025-01-10 09:19:03,859 INFO Tps reporting...
HealthCheck|point|SECONDS|2025-01-10 09:19:02|1|0|


2025-01-10 09:19:04,014 INFO new connection registered successfully, connectionId = 1736471943949_127.0.0.1_53500,connection=Connection{traced=false, abilities=null, metaInfo=ConnectionMeta{connectType='GRPC', clientIp='192.168.154.1', remoteIp='127.0.0.1', remotePort=53500, localPort=9848, version='Nacos-Java-Client:v2.2.1', connectionId='1736471943949_127.0.0.1_53500', createTime=Fri Jan 10 09:19:04 CST 2025, lastActiveTime=1736471944014, appName='-', tenant='null', labels={module=naming, source=sdk}}} 

2025-01-10 09:19:04,767 INFO Tps reporting...
HealthCheck|point|SECONDS|2025-01-10 09:19:03|3|0|


2025-01-10 09:19:05,319 INFO ConnectionMetrics, totalCount = 7, detail = {long_connection=6, long_polling=1}

2025-01-10 09:19:05,669 INFO Tps reporting...
NAMING_RPC_PUSH_SUCCESS|point|SECONDS|2025-01-10 09:19:04|1|0|
NAMING_RPC_PUSH|point|SECONDS|2025-01-10 09:19:04|1|0|


2025-01-10 09:19:06,193 INFO Connection check task start

2025-01-10 09:19:06,193 INFO Long connection metrics detail ,Total count =6, sdkCount=6,clusterCount=0

2025-01-10 09:19:06,193 INFO Connection check task end

2025-01-10 09:19:07,313 INFO new connection registered successfully, connectionId = 1736471947309_127.0.0.1_53516,connection=Connection{traced=false, abilities=null, metaInfo=ConnectionMeta{connectType='GRPC', clientIp='192.168.154.1', remoteIp='127.0.0.1', remotePort=53516, localPort=9848, version='Nacos-Java-Client:v2.2.1', connectionId='1736471947309_127.0.0.1_53516', createTime=Fri Jan 10 09:19:07 CST 2025, lastActiveTime=1736471947313, appName='-', tenant='null', labels={module=naming, source=sdk}}} 

2025-01-10 09:19:07,482 INFO Tps reporting...
HealthCheck|point|SECONDS|2025-01-10 09:19:06|1|0|


2025-01-10 09:19:08,323 INFO ConnectionMetrics, totalCount = 8, detail = {long_connection=7, long_polling=1}

2025-01-10 09:19:08,387 INFO Tps reporting...
NAMING_RPC_PUSH_SUCCESS|point|SECONDS|2025-01-10 09:19:07|1|0|
HealthCheck|point|SECONDS|2025-01-10 09:19:07|1|0|
NAMING_RPC_PUSH|point|SECONDS|2025-01-10 09:19:07|1|0|


2025-01-10 09:19:09,195 INFO Connection check task start

2025-01-10 09:19:09,195 INFO Long connection metrics detail ,Total count =7, sdkCount=7,clusterCount=0

2025-01-10 09:19:09,195 INFO Connection check task end

2025-01-10 09:19:09,290 INFO Tps reporting...
HealthCheck|point|SECONDS|2025-01-10 09:19:08|2|0|


2025-01-10 09:19:11,098 INFO Tps reporting...
NAMING_RPC_PUSH_SUCCESS|point|SECONDS|2025-01-10 09:19:10|1|0|
ConfigQuery|point|SECONDS|2025-01-10 09:19:10|2|0|
NAMING_RPC_PUSH|point|SECONDS|2025-01-10 09:19:10|1|0|


2025-01-10 09:19:11,332 INFO ConnectionMetrics, totalCount = 8, detail = {long_connection=7, long_polling=1}

2025-01-10 09:19:12,000 INFO Tps reporting...
HealthCheck|point|SECONDS|2025-01-10 09:19:11|1|0|


2025-01-10 09:19:12,198 INFO Connection check task start

2025-01-10 09:19:12,198 INFO Long connection metrics detail ,Total count =7, sdkCount=7,clusterCount=0

2025-01-10 09:19:12,198 INFO Connection check task end

2025-01-10 09:19:13,828 INFO Tps reporting...
HealthCheck|point|SECONDS|2025-01-10 09:19:12|1|0|


2025-01-10 09:19:14,347 INFO ConnectionMetrics, totalCount = 8, detail = {long_connection=7, long_polling=1}

2025-01-10 09:19:14,729 INFO Tps reporting...
HealthCheck|point|SECONDS|2025-01-10 09:19:13|4|0|


2025-01-10 09:19:15,202 INFO Connection check task start

2025-01-10 09:19:15,202 INFO Long connection metrics detail ,Total count =7, sdkCount=7,clusterCount=0

2025-01-10 09:19:15,202 INFO Connection check task end

2025-01-10 09:19:17,356 INFO ConnectionMetrics, totalCount = 8, detail = {long_connection=7, long_polling=1}

2025-01-10 09:19:17,447 INFO Tps reporting...
HealthCheck|point|SECONDS|2025-01-10 09:19:16|1|0|


2025-01-10 09:19:18,209 INFO Connection check task start

2025-01-10 09:19:18,209 INFO Long connection metrics detail ,Total count =7, sdkCount=7,clusterCount=0

2025-01-10 09:19:18,209 INFO Connection check task end

2025-01-10 09:19:18,350 INFO Tps reporting...
HealthCheck|point|SECONDS|2025-01-10 09:19:17|2|0|


2025-01-10 09:19:19,255 INFO Tps reporting...
HealthCheck|point|SECONDS|2025-01-10 09:19:18|4|0|


2025-01-10 09:19:20,366 INFO ConnectionMetrics, totalCount = 8, detail = {long_connection=7, long_polling=1}

2025-01-10 09:19:21,223 INFO Connection check task start

2025-01-10 09:19:21,223 INFO Long connection metrics detail ,Total count =7, sdkCount=7,clusterCount=0

2025-01-10 09:19:21,223 INFO Connection check task end

2025-01-10 09:19:22,880 INFO Tps reporting...
HealthCheck|point|SECONDS|2025-01-10 09:19:21|1|0|


2025-01-10 09:19:23,374 INFO ConnectionMetrics, totalCount = 8, detail = {long_connection=7, long_polling=1}

2025-01-10 09:19:23,790 INFO Tps reporting...
HealthCheck|point|SECONDS|2025-01-10 09:19:22|2|0|


2025-01-10 09:19:24,236 INFO Connection check task start

2025-01-10 09:19:24,236 INFO Long connection metrics detail ,Total count =7, sdkCount=7,clusterCount=0

2025-01-10 09:19:24,236 INFO Connection check task end

2025-01-10 09:19:24,698 INFO Tps reporting...
HealthCheck|point|SECONDS|2025-01-10 09:19:23|4|0|


2025-01-10 09:19:26,378 INFO ConnectionMetrics, totalCount = 8, detail = {long_connection=7, long_polling=1}

2025-01-10 09:19:27,237 INFO Connection check task start

2025-01-10 09:19:27,237 INFO Long connection metrics detail ,Total count =7, sdkCount=7,clusterCount=0

2025-01-10 09:19:27,237 INFO Connection check task end

2025-01-10 09:19:27,412 INFO Tps reporting...
HealthCheck|point|SECONDS|2025-01-10 09:19:26|1|0|


2025-01-10 09:19:28,320 INFO Tps reporting...
HealthCheck|point|SECONDS|2025-01-10 09:19:27|2|0|


2025-01-10 09:19:29,224 INFO Tps reporting...
HealthCheck|point|SECONDS|2025-01-10 09:19:28|4|0|


2025-01-10 09:19:29,382 INFO ConnectionMetrics, totalCount = 8, detail = {long_connection=7, long_polling=1}

2025-01-10 09:19:30,242 INFO Connection check task start

2025-01-10 09:19:30,242 INFO Long connection metrics detail ,Total count =7, sdkCount=7,clusterCount=0

2025-01-10 09:19:30,242 INFO Connection check task end

2025-01-10 09:19:32,391 INFO ConnectionMetrics, totalCount = 8, detail = {long_connection=7, long_polling=1}

2025-01-10 09:19:32,850 INFO Tps reporting...
HealthCheck|point|SECONDS|2025-01-10 09:19:31|1|0|


2025-01-10 09:19:33,244 INFO Connection check task start

2025-01-10 09:19:33,244 INFO Long connection metrics detail ,Total count =7, sdkCount=7,clusterCount=0

2025-01-10 09:19:33,244 INFO Connection check task end

2025-01-10 09:19:33,752 INFO Tps reporting...
HealthCheck|point|SECONDS|2025-01-10 09:19:32|2|0|


2025-01-10 09:19:34,656 INFO Tps reporting...
HealthCheck|point|SECONDS|2025-01-10 09:19:33|4|0|


2025-01-10 09:19:35,404 INFO ConnectionMetrics, totalCount = 8, detail = {long_connection=7, long_polling=1}

2025-01-10 09:19:36,258 INFO Connection check task start

2025-01-10 09:19:36,258 INFO Long connection metrics detail ,Total count =7, sdkCount=7,clusterCount=0

2025-01-10 09:19:36,258 INFO Connection check task end

2025-01-10 09:19:37,371 INFO Tps reporting...
HealthCheck|point|SECONDS|2025-01-10 09:19:36|1|0|


2025-01-10 09:19:38,282 INFO Tps reporting...
HealthCheck|point|SECONDS|2025-01-10 09:19:37|2|0|


2025-01-10 09:19:38,410 INFO ConnectionMetrics, totalCount = 8, detail = {long_connection=7, long_polling=1}

2025-01-10 09:19:39,190 INFO Tps reporting...
HealthCheck|point|SECONDS|2025-01-10 09:19:38|4|0|


2025-01-10 09:19:39,270 INFO Connection check task start

2025-01-10 09:19:39,270 INFO Long connection metrics detail ,Total count =7, sdkCount=7,clusterCount=0

2025-01-10 09:19:39,270 INFO Connection check task end

2025-01-10 09:19:41,425 INFO ConnectionMetrics, totalCount = 8, detail = {long_connection=7, long_polling=1}

2025-01-10 09:19:42,281 INFO Connection check task start

2025-01-10 09:19:42,281 INFO Long connection metrics detail ,Total count =7, sdkCount=7,clusterCount=0

2025-01-10 09:19:42,281 INFO Connection check task end

2025-01-10 09:19:42,805 INFO Tps reporting...
HealthCheck|point|SECONDS|2025-01-10 09:19:41|1|0|


2025-01-10 09:19:43,712 INFO Tps reporting...
HealthCheck|point|SECONDS|2025-01-10 09:19:42|2|0|


2025-01-10 09:19:44,426 INFO ConnectionMetrics, totalCount = 8, detail = {long_connection=7, long_polling=1}

2025-01-10 09:19:44,618 INFO Tps reporting...
HealthCheck|point|SECONDS|2025-01-10 09:19:43|4|0|


2025-01-10 09:19:45,287 INFO Connection check task start

2025-01-10 09:19:45,287 INFO Long connection metrics detail ,Total count =7, sdkCount=7,clusterCount=0

2025-01-10 09:19:45,287 INFO Connection check task end

2025-01-10 09:19:47,345 INFO Tps reporting...
HealthCheck|point|SECONDS|2025-01-10 09:19:46|1|0|


2025-01-10 09:19:47,440 INFO ConnectionMetrics, totalCount = 8, detail = {long_connection=7, long_polling=1}

2025-01-10 09:19:48,250 INFO Tps reporting...
HealthCheck|point|SECONDS|2025-01-10 09:19:47|2|0|


2025-01-10 09:19:48,296 INFO Connection check task start

2025-01-10 09:19:48,296 INFO Long connection metrics detail ,Total count =7, sdkCount=7,clusterCount=0

2025-01-10 09:19:48,296 INFO Connection check task end

2025-01-10 09:19:49,154 INFO Tps reporting...
HealthCheck|point|SECONDS|2025-01-10 09:19:48|4|0|


2025-01-10 09:19:50,445 INFO ConnectionMetrics, totalCount = 8, detail = {long_connection=7, long_polling=1}

2025-01-10 09:19:51,306 INFO Connection check task start

2025-01-10 09:19:51,306 INFO Long connection metrics detail ,Total count =7, sdkCount=7,clusterCount=0

2025-01-10 09:19:51,306 INFO Connection check task end

2025-01-10 09:19:52,776 INFO Tps reporting...
HealthCheck|point|SECONDS|2025-01-10 09:19:51|1|0|


2025-01-10 09:19:53,445 INFO ConnectionMetrics, totalCount = 8, detail = {long_connection=7, long_polling=1}

2025-01-10 09:19:53,685 INFO Tps reporting...
HealthCheck|point|SECONDS|2025-01-10 09:19:52|2|0|


2025-01-10 09:19:54,320 INFO Connection check task start

2025-01-10 09:19:54,320 INFO Long connection metrics detail ,Total count =7, sdkCount=7,clusterCount=0

2025-01-10 09:19:54,320 INFO Connection check task end

2025-01-10 09:19:54,589 INFO Tps reporting...
HealthCheck|point|SECONDS|2025-01-10 09:19:53|4|0|


2025-01-10 09:19:56,455 INFO ConnectionMetrics, totalCount = 8, detail = {long_connection=7, long_polling=1}

2025-01-10 09:19:57,315 INFO Tps reporting...
HealthCheck|point|SECONDS|2025-01-10 09:19:56|1|0|


2025-01-10 09:19:57,331 INFO Connection check task start

2025-01-10 09:19:57,331 INFO Long connection metrics detail ,Total count =7, sdkCount=7,clusterCount=0

2025-01-10 09:19:57,331 INFO Connection check task end

2025-01-10 09:19:58,219 INFO Tps reporting...
HealthCheck|point|SECONDS|2025-01-10 09:19:57|2|0|


2025-01-10 09:19:59,125 INFO Tps reporting...
HealthCheck|point|SECONDS|2025-01-10 09:19:58|4|0|


2025-01-10 09:19:59,470 INFO ConnectionMetrics, totalCount = 8, detail = {long_connection=7, long_polling=1}

2025-01-10 09:20:00,345 INFO Connection check task start

2025-01-10 09:20:00,345 INFO Long connection metrics detail ,Total count =7, sdkCount=7,clusterCount=0

2025-01-10 09:20:00,345 INFO Connection check task end

2025-01-10 09:20:02,484 INFO ConnectionMetrics, totalCount = 8, detail = {long_connection=7, long_polling=1}

2025-01-10 09:20:02,756 INFO Tps reporting...
HealthCheck|point|SECONDS|2025-01-10 09:20:01|1|0|


2025-01-10 09:20:03,360 INFO Connection check task start

2025-01-10 09:20:03,360 INFO Long connection metrics detail ,Total count =7, sdkCount=7,clusterCount=0

2025-01-10 09:20:03,360 INFO Connection check task end

2025-01-10 09:20:03,661 INFO Tps reporting...
HealthCheck|point|SECONDS|2025-01-10 09:20:02|2|0|


2025-01-10 09:20:04,566 INFO Tps reporting...
HealthCheck|point|SECONDS|2025-01-10 09:20:03|4|0|


2025-01-10 09:20:05,490 INFO ConnectionMetrics, totalCount = 8, detail = {long_connection=7, long_polling=1}

2025-01-10 09:20:06,367 INFO Connection check task start

2025-01-10 09:20:06,367 INFO Long connection metrics detail ,Total count =7, sdkCount=7,clusterCount=0

2025-01-10 09:20:06,367 INFO Connection check task end

2025-01-10 09:20:07,293 INFO Tps reporting...
HealthCheck|point|SECONDS|2025-01-10 09:20:06|1|0|


2025-01-10 09:20:08,201 INFO Tps reporting...
HealthCheck|point|SECONDS|2025-01-10 09:20:07|2|0|


2025-01-10 09:20:08,503 INFO ConnectionMetrics, totalCount = 8, detail = {long_connection=7, long_polling=1}

2025-01-10 09:20:09,108 INFO Tps reporting...
HealthCheck|point|SECONDS|2025-01-10 09:20:08|4|0|


2025-01-10 09:20:09,379 INFO Connection check task start

2025-01-10 09:20:09,379 INFO Long connection metrics detail ,Total count =7, sdkCount=7,clusterCount=0

2025-01-10 09:20:09,379 INFO Connection check task end

2025-01-10 09:20:11,518 INFO ConnectionMetrics, totalCount = 8, detail = {long_connection=7, long_polling=1}

2025-01-10 09:20:12,379 INFO Connection check task start

2025-01-10 09:20:12,379 INFO Long connection metrics detail ,Total count =7, sdkCount=7,clusterCount=0

2025-01-10 09:20:12,379 INFO Connection check task end

2025-01-10 09:20:12,747 INFO Tps reporting...
HealthCheck|point|SECONDS|2025-01-10 09:20:11|1|0|


2025-01-10 09:20:13,655 INFO Tps reporting...
HealthCheck|point|SECONDS|2025-01-10 09:20:12|2|0|


2025-01-10 09:20:14,526 INFO ConnectionMetrics, totalCount = 8, detail = {long_connection=7, long_polling=1}

2025-01-10 09:20:14,558 INFO Tps reporting...
HealthCheck|point|SECONDS|2025-01-10 09:20:13|4|0|


2025-01-10 09:20:15,386 INFO Connection check task start

2025-01-10 09:20:15,386 INFO Long connection metrics detail ,Total count =7, sdkCount=7,clusterCount=0

2025-01-10 09:20:15,386 INFO Connection check task end

2025-01-10 09:20:17,283 INFO Tps reporting...
HealthCheck|point|SECONDS|2025-01-10 09:20:16|1|0|


2025-01-10 09:20:17,538 INFO ConnectionMetrics, totalCount = 8, detail = {long_connection=7, long_polling=1}

2025-01-10 09:20:18,193 INFO Tps reporting...
HealthCheck|point|SECONDS|2025-01-10 09:20:17|2|0|


2025-01-10 09:20:18,400 INFO Connection check task start

2025-01-10 09:20:18,400 INFO Long connection metrics detail ,Total count =7, sdkCount=7,clusterCount=0

2025-01-10 09:20:18,400 INFO Connection check task end

2025-01-10 09:20:19,099 INFO Tps reporting...
HealthCheck|point|SECONDS|2025-01-10 09:20:18|4|0|


2025-01-10 09:20:20,543 INFO ConnectionMetrics, totalCount = 8, detail = {long_connection=7, long_polling=1}

2025-01-10 09:20:21,405 INFO Connection check task start

2025-01-10 09:20:21,405 INFO Long connection metrics detail ,Total count =7, sdkCount=7,clusterCount=0

2025-01-10 09:20:21,405 INFO Connection check task end

2025-01-10 09:20:22,725 INFO Tps reporting...
HealthCheck|point|SECONDS|2025-01-10 09:20:21|1|0|


2025-01-10 09:20:23,549 INFO ConnectionMetrics, totalCount = 8, detail = {long_connection=7, long_polling=1}

2025-01-10 09:20:23,629 INFO Tps reporting...
HealthCheck|point|SECONDS|2025-01-10 09:20:22|2|0|


2025-01-10 09:20:24,410 INFO Connection check task start

2025-01-10 09:20:24,410 INFO Long connection metrics detail ,Total count =7, sdkCount=7,clusterCount=0

2025-01-10 09:20:24,410 INFO Connection check task end

2025-01-10 09:20:24,538 INFO Tps reporting...
HealthCheck|point|SECONDS|2025-01-10 09:20:23|4|0|


2025-01-10 09:20:26,557 INFO ConnectionMetrics, totalCount = 8, detail = {long_connection=7, long_polling=1}

2025-01-10 09:20:27,256 INFO Tps reporting...
HealthCheck|point|SECONDS|2025-01-10 09:20:26|1|0|


2025-01-10 09:20:27,418 INFO Connection check task start

2025-01-10 09:20:27,418 INFO Long connection metrics detail ,Total count =7, sdkCount=7,clusterCount=0

2025-01-10 09:20:27,418 INFO Connection check task end

2025-01-10 09:20:28,173 INFO Tps reporting...
HealthCheck|point|SECONDS|2025-01-10 09:20:27|2|0|


2025-01-10 09:20:29,084 INFO Tps reporting...
HealthCheck|point|SECONDS|2025-01-10 09:20:28|4|0|


2025-01-10 09:20:29,562 INFO ConnectionMetrics, totalCount = 8, detail = {long_connection=7, long_polling=1}

2025-01-10 09:20:30,426 INFO Connection check task start

2025-01-10 09:20:30,426 INFO Long connection metrics detail ,Total count =7, sdkCount=7,clusterCount=0

2025-01-10 09:20:30,426 INFO Connection check task end

2025-01-10 09:20:32,572 INFO ConnectionMetrics, totalCount = 8, detail = {long_connection=7, long_polling=1}

2025-01-10 09:20:32,704 INFO Tps reporting...
HealthCheck|point|SECONDS|2025-01-10 09:20:31|1|0|


2025-01-10 09:20:33,434 INFO Connection check task start

2025-01-10 09:20:33,434 INFO Long connection metrics detail ,Total count =7, sdkCount=7,clusterCount=0

2025-01-10 09:20:33,434 INFO Connection check task end

2025-01-10 09:20:33,618 INFO Tps reporting...
HealthCheck|point|SECONDS|2025-01-10 09:20:32|2|0|


2025-01-10 09:20:34,520 INFO Tps reporting...
HealthCheck|point|SECONDS|2025-01-10 09:20:33|4|0|


2025-01-10 09:20:35,585 INFO ConnectionMetrics, totalCount = 8, detail = {long_connection=7, long_polling=1}

2025-01-10 09:20:36,449 INFO Connection check task start

2025-01-10 09:20:36,449 INFO Long connection metrics detail ,Total count =7, sdkCount=7,clusterCount=0

2025-01-10 09:20:36,449 INFO Connection check task end

2025-01-10 09:20:37,240 INFO Tps reporting...
HealthCheck|point|SECONDS|2025-01-10 09:20:36|1|0|


2025-01-10 09:20:38,149 INFO Tps reporting...
HealthCheck|point|SECONDS|2025-01-10 09:20:37|2|0|


2025-01-10 09:20:38,587 INFO ConnectionMetrics, totalCount = 8, detail = {long_connection=7, long_polling=1}

2025-01-10 09:20:39,049 INFO Tps reporting...
HealthCheck|point|SECONDS|2025-01-10 09:20:38|4|0|


2025-01-10 09:20:39,460 INFO Connection check task start

2025-01-10 09:20:39,460 INFO Long connection metrics detail ,Total count =7, sdkCount=7,clusterCount=0

2025-01-10 09:20:39,460 INFO Connection check task end

2025-01-10 09:20:41,591 INFO ConnectionMetrics, totalCount = 8, detail = {long_connection=7, long_polling=1}

2025-01-10 09:20:42,467 INFO Connection check task start

2025-01-10 09:20:42,467 INFO Long connection metrics detail ,Total count =7, sdkCount=7,clusterCount=0

2025-01-10 09:20:42,467 INFO Connection check task end

2025-01-10 09:20:42,668 INFO Tps reporting...
HealthCheck|point|SECONDS|2025-01-10 09:20:41|1|0|


2025-01-10 09:20:43,575 INFO Tps reporting...
HealthCheck|point|SECONDS|2025-01-10 09:20:42|2|0|


2025-01-10 09:20:44,482 INFO Tps reporting...
HealthCheck|point|SECONDS|2025-01-10 09:20:43|4|0|


2025-01-10 09:20:44,599 INFO ConnectionMetrics, totalCount = 8, detail = {long_connection=7, long_polling=1}

2025-01-10 09:20:45,467 INFO Connection check task start

2025-01-10 09:20:45,467 INFO Long connection metrics detail ,Total count =7, sdkCount=7,clusterCount=0

2025-01-10 09:20:45,467 INFO Connection check task end

2025-01-10 09:20:47,186 INFO Tps reporting...
HealthCheck|point|SECONDS|2025-01-10 09:20:46|1|0|


2025-01-10 09:20:47,601 INFO ConnectionMetrics, totalCount = 8, detail = {long_connection=7, long_polling=1}

2025-01-10 09:20:48,100 INFO Tps reporting...
HealthCheck|point|SECONDS|2025-01-10 09:20:47|2|0|


2025-01-10 09:20:48,483 INFO Connection check task start

2025-01-10 09:20:48,484 INFO Long connection metrics detail ,Total count =7, sdkCount=7,clusterCount=0

2025-01-10 09:20:48,484 INFO Connection check task end

2025-01-10 09:20:49,006 INFO Tps reporting...
HealthCheck|point|SECONDS|2025-01-10 09:20:48|4|0|


2025-01-10 09:20:50,616 INFO ConnectionMetrics, totalCount = 8, detail = {long_connection=7, long_polling=1}

2025-01-10 09:20:51,489 INFO Connection check task start

2025-01-10 09:20:51,489 INFO Long connection metrics detail ,Total count =7, sdkCount=7,clusterCount=0

2025-01-10 09:20:51,489 INFO Connection check task end

2025-01-10 09:20:52,645 INFO Tps reporting...
HealthCheck|point|SECONDS|2025-01-10 09:20:51|1|0|


2025-01-10 09:20:53,548 INFO Tps reporting...
HealthCheck|point|SECONDS|2025-01-10 09:20:52|2|0|


2025-01-10 09:20:53,628 INFO ConnectionMetrics, totalCount = 8, detail = {long_connection=7, long_polling=1}

2025-01-10 09:20:54,462 INFO Tps reporting...
HealthCheck|point|SECONDS|2025-01-10 09:20:53|4|0|


2025-01-10 09:20:54,494 INFO Connection check task start

2025-01-10 09:20:54,494 INFO Long connection metrics detail ,Total count =7, sdkCount=7,clusterCount=0

2025-01-10 09:20:54,495 INFO Connection check task end

2025-01-10 09:20:56,632 INFO ConnectionMetrics, totalCount = 8, detail = {long_connection=7, long_polling=1}

2025-01-10 09:20:57,169 INFO Tps reporting...
HealthCheck|point|SECONDS|2025-01-10 09:20:56|1|0|


2025-01-10 09:20:57,510 INFO Connection check task start

2025-01-10 09:20:57,510 INFO Long connection metrics detail ,Total count =7, sdkCount=7,clusterCount=0

2025-01-10 09:20:57,510 INFO Connection check task end

2025-01-10 09:20:58,070 INFO Tps reporting...
HealthCheck|point|SECONDS|2025-01-10 09:20:57|2|0|


2025-01-10 09:20:59,646 INFO ConnectionMetrics, totalCount = 8, detail = {long_connection=7, long_polling=1}

2025-01-10 09:20:59,891 INFO Tps reporting...
HealthCheck|point|SECONDS|2025-01-10 09:20:58|4|0|


2025-01-10 09:21:00,512 INFO Connection check task start

2025-01-10 09:21:00,512 INFO Long connection metrics detail ,Total count =7, sdkCount=7,clusterCount=0

2025-01-10 09:21:00,512 INFO Connection check task end

2025-01-10 09:21:02,604 INFO Tps reporting...
HealthCheck|point|SECONDS|2025-01-10 09:21:01|1|0|


2025-01-10 09:21:02,653 INFO ConnectionMetrics, totalCount = 8, detail = {long_connection=7, long_polling=1}

2025-01-10 09:21:03,517 INFO Connection check task start

2025-01-10 09:21:03,517 INFO Long connection metrics detail ,Total count =7, sdkCount=7,clusterCount=0

2025-01-10 09:21:03,517 INFO Connection check task end

2025-01-10 09:21:03,517 INFO Tps reporting...
HealthCheck|point|SECONDS|2025-01-10 09:21:02|2|0|


2025-01-10 09:21:04,429 INFO Tps reporting...
HealthCheck|point|SECONDS|2025-01-10 09:21:03|4|0|


2025-01-10 09:21:05,658 INFO ConnectionMetrics, totalCount = 8, detail = {long_connection=7, long_polling=1}

2025-01-10 09:21:06,529 INFO Connection check task start

2025-01-10 09:21:06,529 INFO Long connection metrics detail ,Total count =7, sdkCount=7,clusterCount=0

2025-01-10 09:21:06,529 INFO Connection check task end

2025-01-10 09:21:07,161 INFO Tps reporting...
HealthCheck|point|SECONDS|2025-01-10 09:21:06|1|0|


2025-01-10 09:21:08,063 INFO Tps reporting...
HealthCheck|point|SECONDS|2025-01-10 09:21:07|2|0|


2025-01-10 09:21:08,674 INFO ConnectionMetrics, totalCount = 8, detail = {long_connection=7, long_polling=1}

2025-01-10 09:21:09,531 INFO Connection check task start

2025-01-10 09:21:09,531 INFO Long connection metrics detail ,Total count =7, sdkCount=7,clusterCount=0

2025-01-10 09:21:09,531 INFO Connection check task end

2025-01-10 09:21:09,881 INFO Tps reporting...
HealthCheck|point|SECONDS|2025-01-10 09:21:08|4|0|


2025-01-10 09:21:11,679 INFO ConnectionMetrics, totalCount = 8, detail = {long_connection=7, long_polling=1}

2025-01-10 09:21:12,542 INFO Connection check task start

2025-01-10 09:21:12,542 INFO Long connection metrics detail ,Total count =7, sdkCount=7,clusterCount=0

2025-01-10 09:21:12,542 INFO Connection check task end

2025-01-10 09:21:12,623 INFO Tps reporting...
HealthCheck|point|SECONDS|2025-01-10 09:21:11|1|0|


2025-01-10 09:21:13,524 INFO Tps reporting...
HealthCheck|point|SECONDS|2025-01-10 09:21:12|2|0|


2025-01-10 09:21:14,438 INFO Tps reporting...
HealthCheck|point|SECONDS|2025-01-10 09:21:13|4|0|


2025-01-10 09:21:14,687 INFO ConnectionMetrics, totalCount = 8, detail = {long_connection=7, long_polling=1}

2025-01-10 09:21:15,553 INFO Connection check task start

2025-01-10 09:21:15,553 INFO Long connection metrics detail ,Total count =7, sdkCount=7,clusterCount=0

2025-01-10 09:21:15,553 INFO Connection check task end

2025-01-10 09:21:17,155 INFO Tps reporting...
HealthCheck|point|SECONDS|2025-01-10 09:21:16|1|0|


2025-01-10 09:21:17,691 INFO ConnectionMetrics, totalCount = 8, detail = {long_connection=7, long_polling=1}

2025-01-10 09:21:18,056 INFO Tps reporting...
HealthCheck|point|SECONDS|2025-01-10 09:21:17|2|0|


2025-01-10 09:21:18,561 INFO Connection check task start

2025-01-10 09:21:18,561 INFO Long connection metrics detail ,Total count =7, sdkCount=7,clusterCount=0

2025-01-10 09:21:18,561 INFO Connection check task end

2025-01-10 09:21:19,877 INFO Tps reporting...
HealthCheck|point|SECONDS|2025-01-10 09:21:18|4|0|


2025-01-10 09:21:20,695 INFO ConnectionMetrics, totalCount = 8, detail = {long_connection=7, long_polling=1}

2025-01-10 09:21:21,567 INFO Connection check task start

2025-01-10 09:21:21,567 INFO Long connection metrics detail ,Total count =7, sdkCount=7,clusterCount=0

2025-01-10 09:21:21,567 INFO Connection check task end

2025-01-10 09:21:22,593 INFO Tps reporting...
HealthCheck|point|SECONDS|2025-01-10 09:21:21|1|0|


2025-01-10 09:21:23,496 INFO Tps reporting...
HealthCheck|point|SECONDS|2025-01-10 09:21:22|2|0|


2025-01-10 09:21:23,701 INFO ConnectionMetrics, totalCount = 8, detail = {long_connection=7, long_polling=1}

2025-01-10 09:21:24,400 INFO Tps reporting...
HealthCheck|point|SECONDS|2025-01-10 09:21:23|4|0|


2025-01-10 09:21:24,573 INFO Connection check task start

2025-01-10 09:21:24,573 INFO Long connection metrics detail ,Total count =7, sdkCount=7,clusterCount=0

2025-01-10 09:21:24,573 INFO Connection check task end

2025-01-10 09:21:26,708 INFO ConnectionMetrics, totalCount = 8, detail = {long_connection=7, long_polling=1}

2025-01-10 09:21:27,122 INFO Tps reporting...
HealthCheck|point|SECONDS|2025-01-10 09:21:26|1|0|


2025-01-10 09:21:27,587 INFO Connection check task start

2025-01-10 09:21:27,587 INFO Long connection metrics detail ,Total count =7, sdkCount=7,clusterCount=0

2025-01-10 09:21:27,587 INFO Connection check task end

2025-01-10 09:21:28,033 INFO Tps reporting...
HealthCheck|point|SECONDS|2025-01-10 09:21:27|2|0|


2025-01-10 09:21:28,817 WARN clearConfigHistory start

2025-01-10 09:21:28,817 WARN clearConfigHistory, getBeforeStamp:2024-12-11 09:21:28.0, pageSize:1000

2025-01-10 09:21:28,817 INFO [MapperManager] findMapper dataSource: derby, tableName: his_config_info

2025-01-10 09:21:28,833 INFO [capacityManagement] start correct usage

2025-01-10 09:21:28,833 INFO [MapperManager] findMapper dataSource: derby, tableName: group_capacity

2025-01-10 09:21:28,833 INFO [MapperManager] findMapper dataSource: derby, tableName: tenant_capacity

2025-01-10 09:21:28,833 INFO [capacityManagement] end correct usage, cost: 6.459E-4s

2025-01-10 09:21:29,713 INFO ConnectionMetrics, totalCount = 8, detail = {long_connection=7, long_polling=1}

2025-01-10 09:21:29,858 INFO Tps reporting...
HealthCheck|point|SECONDS|2025-01-10 09:21:28|4|0|


2025-01-10 09:21:30,595 INFO Connection check task start

2025-01-10 09:21:30,595 INFO Long connection metrics detail ,Total count =7, sdkCount=7,clusterCount=0

2025-01-10 09:21:30,595 INFO Connection check task end

2025-01-10 09:21:32,596 INFO Tps reporting...
HealthCheck|point|SECONDS|2025-01-10 09:21:31|1|0|


2025-01-10 09:21:32,728 INFO ConnectionMetrics, totalCount = 8, detail = {long_connection=7, long_polling=1}

2025-01-10 09:21:33,496 INFO Tps reporting...
HealthCheck|point|SECONDS|2025-01-10 09:21:32|2|0|


2025-01-10 09:21:33,609 INFO Connection check task start

2025-01-10 09:21:33,609 INFO Long connection metrics detail ,Total count =7, sdkCount=7,clusterCount=0

2025-01-10 09:21:33,609 INFO Connection check task end

2025-01-10 09:21:34,410 INFO Tps reporting...
HealthCheck|point|SECONDS|2025-01-10 09:21:33|4|0|


2025-01-10 09:21:35,740 INFO ConnectionMetrics, totalCount = 8, detail = {long_connection=7, long_polling=1}

2025-01-10 09:21:36,620 INFO Connection check task start

2025-01-10 09:21:36,620 INFO Long connection metrics detail ,Total count =7, sdkCount=7,clusterCount=0

2025-01-10 09:21:36,620 INFO Connection check task end

2025-01-10 09:21:37,147 INFO Tps reporting...
HealthCheck|point|SECONDS|2025-01-10 09:21:36|1|0|


2025-01-10 09:21:38,056 INFO Tps reporting...
HealthCheck|point|SECONDS|2025-01-10 09:21:37|2|0|


2025-01-10 09:21:38,755 INFO ConnectionMetrics, totalCount = 8, detail = {long_connection=7, long_polling=1}

2025-01-10 09:21:39,627 INFO Connection check task start

2025-01-10 09:21:39,627 INFO Long connection metrics detail ,Total count =7, sdkCount=7,clusterCount=0

2025-01-10 09:21:39,627 INFO Connection check task end

2025-01-10 09:21:39,865 INFO Tps reporting...
HealthCheck|point|SECONDS|2025-01-10 09:21:38|4|0|


2025-01-10 09:21:41,770 INFO ConnectionMetrics, totalCount = 8, detail = {long_connection=7, long_polling=1}

2025-01-10 09:21:42,584 INFO Tps reporting...
HealthCheck|point|SECONDS|2025-01-10 09:21:41|1|0|


2025-01-10 09:21:42,632 INFO Connection check task start

2025-01-10 09:21:42,632 INFO Long connection metrics detail ,Total count =7, sdkCount=7,clusterCount=0

2025-01-10 09:21:42,632 INFO Connection check task end

2025-01-10 09:21:43,495 INFO Tps reporting...
HealthCheck|point|SECONDS|2025-01-10 09:21:42|2|0|


2025-01-10 09:21:44,404 INFO Tps reporting...
HealthCheck|point|SECONDS|2025-01-10 09:21:43|4|0|


2025-01-10 09:21:44,786 INFO ConnectionMetrics, totalCount = 8, detail = {long_connection=7, long_polling=1}

2025-01-10 09:21:45,642 INFO Connection check task start

2025-01-10 09:21:45,642 INFO Long connection metrics detail ,Total count =7, sdkCount=7,clusterCount=0

2025-01-10 09:21:45,642 INFO Connection check task end

2025-01-10 09:21:47,118 INFO Tps reporting...
HealthCheck|point|SECONDS|2025-01-10 09:21:46|1|0|


2025-01-10 09:21:47,798 INFO ConnectionMetrics, totalCount = 8, detail = {long_connection=7, long_polling=1}

2025-01-10 09:21:48,021 INFO Tps reporting...
HealthCheck|point|SECONDS|2025-01-10 09:21:47|2|0|


2025-01-10 09:21:48,642 INFO Connection check task start

2025-01-10 09:21:48,642 INFO Long connection metrics detail ,Total count =7, sdkCount=7,clusterCount=0

2025-01-10 09:21:48,642 INFO Connection check task end

2025-01-10 09:21:49,841 INFO Tps reporting...
HealthCheck|point|SECONDS|2025-01-10 09:21:48|4|0|


2025-01-10 09:21:50,813 INFO ConnectionMetrics, totalCount = 8, detail = {long_connection=7, long_polling=1}

2025-01-10 09:21:51,654 INFO Connection check task start

2025-01-10 09:21:51,654 INFO Long connection metrics detail ,Total count =7, sdkCount=7,clusterCount=0

2025-01-10 09:21:51,654 INFO Connection check task end

2025-01-10 09:21:52,562 INFO Tps reporting...
HealthCheck|point|SECONDS|2025-01-10 09:21:51|1|0|


2025-01-10 09:21:53,471 INFO Tps reporting...
HealthCheck|point|SECONDS|2025-01-10 09:21:52|2|0|


2025-01-10 09:21:53,822 INFO ConnectionMetrics, totalCount = 8, detail = {long_connection=7, long_polling=1}

2025-01-10 09:21:54,380 INFO Tps reporting...
HealthCheck|point|SECONDS|2025-01-10 09:21:53|4|0|


2025-01-10 09:21:54,666 INFO Connection check task start

2025-01-10 09:21:54,666 INFO Long connection metrics detail ,Total count =7, sdkCount=7,clusterCount=0

2025-01-10 09:21:54,666 INFO Connection check task end

2025-01-10 09:21:56,834 INFO ConnectionMetrics, totalCount = 8, detail = {long_connection=7, long_polling=1}

2025-01-10 09:21:57,105 INFO Tps reporting...
HealthCheck|point|SECONDS|2025-01-10 09:21:56|1|0|


2025-01-10 09:21:57,678 INFO Connection check task start

2025-01-10 09:21:57,678 INFO Long connection metrics detail ,Total count =7, sdkCount=7,clusterCount=0

2025-01-10 09:21:57,678 INFO Connection check task end

2025-01-10 09:21:58,012 INFO Tps reporting...
HealthCheck|point|SECONDS|2025-01-10 09:21:57|2|0|


2025-01-10 09:21:59,822 INFO Tps reporting...
HealthCheck|point|SECONDS|2025-01-10 09:21:58|4|0|


2025-01-10 09:21:59,838 INFO ConnectionMetrics, totalCount = 8, detail = {long_connection=7, long_polling=1}

2025-01-10 09:22:00,685 INFO Connection check task start

2025-01-10 09:22:00,685 INFO Long connection metrics detail ,Total count =7, sdkCount=7,clusterCount=0

2025-01-10 09:22:00,685 INFO Connection check task end

2025-01-10 09:22:02,553 INFO Tps reporting...
HealthCheck|point|SECONDS|2025-01-10 09:22:01|1|0|


2025-01-10 09:22:02,840 INFO ConnectionMetrics, totalCount = 8, detail = {long_connection=7, long_polling=1}

2025-01-10 09:22:03,462 INFO Tps reporting...
HealthCheck|point|SECONDS|2025-01-10 09:22:02|2|0|


2025-01-10 09:22:03,686 INFO Connection check task start

2025-01-10 09:22:03,686 INFO Long connection metrics detail ,Total count =7, sdkCount=7,clusterCount=0

2025-01-10 09:22:03,686 INFO Connection check task end

2025-01-10 09:22:04,370 INFO Tps reporting...
HealthCheck|point|SECONDS|2025-01-10 09:22:03|4|0|


2025-01-10 09:22:05,856 INFO ConnectionMetrics, totalCount = 8, detail = {long_connection=7, long_polling=1}

2025-01-10 09:22:06,701 INFO Connection check task start

2025-01-10 09:22:06,701 INFO Long connection metrics detail ,Total count =7, sdkCount=7,clusterCount=0

2025-01-10 09:22:06,701 INFO Connection check task end

2025-01-10 09:22:07,100 INFO Tps reporting...
HealthCheck|point|SECONDS|2025-01-10 09:22:06|1|0|


2025-01-10 09:22:08,010 INFO Tps reporting...
HealthCheck|point|SECONDS|2025-01-10 09:22:07|2|0|


2025-01-10 09:22:08,870 INFO ConnectionMetrics, totalCount = 8, detail = {long_connection=7, long_polling=1}

2025-01-10 09:22:09,711 INFO Connection check task start

2025-01-10 09:22:09,711 INFO Long connection metrics detail ,Total count =7, sdkCount=7,clusterCount=0

2025-01-10 09:22:09,711 INFO Connection check task end

2025-01-10 09:22:09,822 INFO Tps reporting...
HealthCheck|point|SECONDS|2025-01-10 09:22:08|4|0|


2025-01-10 09:22:11,872 INFO ConnectionMetrics, totalCount = 8, detail = {long_connection=7, long_polling=1}

2025-01-10 09:22:12,542 INFO Tps reporting...
HealthCheck|point|SECONDS|2025-01-10 09:22:11|1|0|


2025-01-10 09:22:12,718 INFO Connection check task start

2025-01-10 09:22:12,718 INFO Long connection metrics detail ,Total count =7, sdkCount=7,clusterCount=0

2025-01-10 09:22:12,718 INFO Connection check task end

2025-01-10 09:22:13,452 INFO Tps reporting...
HealthCheck|point|SECONDS|2025-01-10 09:22:12|2|0|


2025-01-10 09:22:14,362 INFO Tps reporting...
HealthCheck|point|SECONDS|2025-01-10 09:22:13|4|0|


2025-01-10 09:22:14,872 INFO ConnectionMetrics, totalCount = 8, detail = {long_connection=7, long_polling=1}

2025-01-10 09:22:15,727 INFO Connection check task start

2025-01-10 09:22:15,727 INFO Long connection metrics detail ,Total count =7, sdkCount=7,clusterCount=0

2025-01-10 09:22:15,727 INFO Connection check task end

2025-01-10 09:22:17,078 INFO Tps reporting...
HealthCheck|point|SECONDS|2025-01-10 09:22:16|1|0|


2025-01-10 09:22:17,887 INFO ConnectionMetrics, totalCount = 8, detail = {long_connection=7, long_polling=1}

2025-01-10 09:22:18,729 INFO Connection check task start

2025-01-10 09:22:18,729 INFO Long connection metrics detail ,Total count =7, sdkCount=7,clusterCount=0

2025-01-10 09:22:18,729 INFO Connection check task end

2025-01-10 09:22:18,887 INFO Tps reporting...
HealthCheck|point|SECONDS|2025-01-10 09:22:17|2|0|


2025-01-10 09:22:19,794 INFO Tps reporting...
HealthCheck|point|SECONDS|2025-01-10 09:22:18|4|0|


2025-01-10 09:22:20,893 INFO ConnectionMetrics, totalCount = 8, detail = {long_connection=7, long_polling=1}

2025-01-10 09:22:21,736 INFO Connection check task start

2025-01-10 09:22:21,736 INFO Long connection metrics detail ,Total count =7, sdkCount=7,clusterCount=0

2025-01-10 09:22:21,736 INFO Connection check task end

2025-01-10 09:22:22,518 INFO Tps reporting...
HealthCheck|point|SECONDS|2025-01-10 09:22:21|1|0|


2025-01-10 09:22:23,428 INFO Tps reporting...
HealthCheck|point|SECONDS|2025-01-10 09:22:22|2|0|


2025-01-10 09:22:23,905 INFO ConnectionMetrics, totalCount = 8, detail = {long_connection=7, long_polling=1}

2025-01-10 09:22:24,329 INFO Tps reporting...
HealthCheck|point|SECONDS|2025-01-10 09:22:23|4|0|


2025-01-10 09:22:24,743 INFO Connection check task start

2025-01-10 09:22:24,743 INFO Long connection metrics detail ,Total count =7, sdkCount=7,clusterCount=0

2025-01-10 09:22:24,743 INFO Connection check task end

2025-01-10 09:22:26,916 INFO ConnectionMetrics, totalCount = 8, detail = {long_connection=7, long_polling=1}

2025-01-10 09:22:27,049 INFO Tps reporting...
HealthCheck|point|SECONDS|2025-01-10 09:22:26|1|0|


2025-01-10 09:22:27,750 INFO Connection check task start

2025-01-10 09:22:27,750 INFO Long connection metrics detail ,Total count =7, sdkCount=7,clusterCount=0

2025-01-10 09:22:27,750 INFO Connection check task end

2025-01-10 09:22:28,862 INFO Tps reporting...
HealthCheck|point|SECONDS|2025-01-10 09:22:27|2|0|


2025-01-10 09:22:29,767 INFO Tps reporting...
HealthCheck|point|SECONDS|2025-01-10 09:22:28|4|0|


2025-01-10 09:22:29,927 INFO ConnectionMetrics, totalCount = 8, detail = {long_connection=7, long_polling=1}

2025-01-10 09:22:30,767 INFO Connection check task start

2025-01-10 09:22:30,767 INFO Long connection metrics detail ,Total count =7, sdkCount=7,clusterCount=0

2025-01-10 09:22:30,767 INFO Connection check task end

2025-01-10 09:22:32,494 INFO Tps reporting...
HealthCheck|point|SECONDS|2025-01-10 09:22:31|1|0|


2025-01-10 09:22:32,943 INFO ConnectionMetrics, totalCount = 8, detail = {long_connection=7, long_polling=1}

2025-01-10 09:22:33,406 INFO Tps reporting...
HealthCheck|point|SECONDS|2025-01-10 09:22:32|2|0|


2025-01-10 09:22:33,774 INFO Connection check task start

2025-01-10 09:22:33,774 INFO Long connection metrics detail ,Total count =7, sdkCount=7,clusterCount=0

2025-01-10 09:22:33,774 INFO Connection check task end

2025-01-10 09:22:34,316 INFO Tps reporting...
HealthCheck|point|SECONDS|2025-01-10 09:22:33|4|0|


2025-01-10 09:22:35,958 INFO ConnectionMetrics, totalCount = 8, detail = {long_connection=7, long_polling=1}

2025-01-10 09:22:36,786 INFO Connection check task start

2025-01-10 09:22:36,786 INFO Long connection metrics detail ,Total count =7, sdkCount=7,clusterCount=0

2025-01-10 09:22:36,786 INFO Connection check task end

2025-01-10 09:22:37,039 INFO Tps reporting...
HealthCheck|point|SECONDS|2025-01-10 09:22:36|1|0|


2025-01-10 09:22:38,864 INFO Tps reporting...
NAMING_RPC_PUSH_SUCCESS|point|SECONDS|2025-01-10 09:22:37|3|0|
HealthCheck|point|SECONDS|2025-01-10 09:22:37|2|0|
NAMING_RPC_PUSH|point|SECONDS|2025-01-10 09:22:37|3|0|


2025-01-10 09:22:38,958 INFO [MapperManager] findMapper dataSource: derby, tableName: config_info

2025-01-10 09:22:38,960 INFO ConnectionMetrics, totalCount = 8, detail = {long_connection=7, long_polling=1}

2025-01-10 09:22:39,773 INFO Tps reporting...
HealthCheck|point|SECONDS|2025-01-10 09:22:38|2|0|
ConfigQuery|point|SECONDS|2025-01-10 09:22:38|3|0|


2025-01-10 09:22:39,789 INFO Connection check task start

2025-01-10 09:22:39,791 INFO Long connection metrics detail ,Total count =7, sdkCount=7,clusterCount=0

2025-01-10 09:22:39,791 INFO Connection check task end

2025-01-10 09:22:41,973 INFO ConnectionMetrics, totalCount = 9, detail = {long_connection=7, long_polling=2}

2025-01-10 09:22:42,491 INFO Tps reporting...
HealthCheck|point|SECONDS|2025-01-10 09:22:41|1|0|
ConfigQuery|point|SECONDS|2025-01-10 09:22:41|1|0|


2025-01-10 09:22:42,792 INFO Connection check task start

2025-01-10 09:22:42,793 INFO Long connection metrics detail ,Total count =7, sdkCount=7,clusterCount=0

2025-01-10 09:22:42,793 INFO Connection check task end

2025-01-10 09:22:43,399 INFO Tps reporting...
HealthCheck|point|SECONDS|2025-01-10 09:22:42|1|0|
ConfigQuery|point|SECONDS|2025-01-10 09:22:42|16|0|


2025-01-10 09:22:44,302 INFO Tps reporting...
HealthCheck|point|SECONDS|2025-01-10 09:22:43|4|0|


2025-01-10 09:22:44,988 INFO ConnectionMetrics, totalCount = 8, detail = {long_connection=7, long_polling=1}

2025-01-10 09:22:45,793 INFO Connection check task start

2025-01-10 09:22:45,793 INFO Long connection metrics detail ,Total count =7, sdkCount=7,clusterCount=0

2025-01-10 09:22:45,793 INFO Connection check task end

2025-01-10 09:22:47,029 INFO Tps reporting...
HealthCheck|point|SECONDS|2025-01-10 09:22:46|1|0|


2025-01-10 09:22:48,001 INFO ConnectionMetrics, totalCount = 8, detail = {long_connection=7, long_polling=1}

2025-01-10 09:22:48,794 INFO Connection check task start

2025-01-10 09:22:48,794 INFO Long connection metrics detail ,Total count =7, sdkCount=7,clusterCount=0

2025-01-10 09:22:48,794 INFO Connection check task end

2025-01-10 09:22:48,840 INFO Tps reporting...
HealthCheck|point|SECONDS|2025-01-10 09:22:47|2|0|
ConfigQuery|point|SECONDS|2025-01-10 09:22:47|7|0|


2025-01-10 09:22:49,749 INFO Tps reporting...
NAMING_RPC_PUSH_SUCCESS|point|SECONDS|2025-01-10 09:22:48|3|0|
HealthCheck|point|SECONDS|2025-01-10 09:22:48|2|0|
NAMING_RPC_PUSH|point|SECONDS|2025-01-10 09:22:48|3|0|


2025-01-10 09:22:51,010 INFO ConnectionMetrics, totalCount = 8, detail = {long_connection=7, long_polling=1}

2025-01-10 09:22:51,809 INFO Connection check task start

2025-01-10 09:22:51,809 INFO Long connection metrics detail ,Total count =7, sdkCount=7,clusterCount=0

2025-01-10 09:22:51,809 INFO Connection check task end

2025-01-10 09:22:52,479 INFO Tps reporting...
HealthCheck|point|SECONDS|2025-01-10 09:22:51|1|0|


2025-01-10 09:22:53,388 INFO Tps reporting...
HealthCheck|point|SECONDS|2025-01-10 09:22:52|1|0|


2025-01-10 09:22:54,026 INFO ConnectionMetrics, totalCount = 8, detail = {long_connection=7, long_polling=1}

2025-01-10 09:22:54,295 INFO Tps reporting...
HealthCheck|point|SECONDS|2025-01-10 09:22:53|4|0|


2025-01-10 09:22:54,821 INFO Connection check task start

2025-01-10 09:22:54,821 INFO Long connection metrics detail ,Total count =7, sdkCount=7,clusterCount=0

2025-01-10 09:22:54,821 INFO Connection check task end

2025-01-10 09:22:56,108 INFO Tps reporting...
ConfigQuery|point|SECONDS|2025-01-10 09:22:55|2|0|


2025-01-10 09:22:57,015 INFO Tps reporting...
HealthCheck|point|SECONDS|2025-01-10 09:22:56|1|0|


2025-01-10 09:22:57,031 INFO ConnectionMetrics, totalCount = 8, detail = {long_connection=7, long_polling=1}

2025-01-10 09:22:57,828 INFO Connection check task start

2025-01-10 09:22:57,828 INFO Long connection metrics detail ,Total count =7, sdkCount=7,clusterCount=0

2025-01-10 09:22:57,828 INFO Connection check task end

2025-01-10 09:22:58,831 INFO Tps reporting...
HealthCheck|point|SECONDS|2025-01-10 09:22:57|2|0|


2025-01-10 09:22:59,735 INFO Tps reporting...
HealthCheck|point|SECONDS|2025-01-10 09:22:58|4|0|


2025-01-10 09:23:00,037 INFO ConnectionMetrics, totalCount = 8, detail = {long_connection=7, long_polling=1}

2025-01-10 09:23:00,833 INFO Connection check task start

2025-01-10 09:23:00,833 INFO Long connection metrics detail ,Total count =7, sdkCount=7,clusterCount=0

2025-01-10 09:23:00,833 INFO Connection check task end

2025-01-10 09:23:02,458 INFO Tps reporting...
HealthCheck|point|SECONDS|2025-01-10 09:23:01|1|0|


2025-01-10 09:23:03,048 INFO ConnectionMetrics, totalCount = 8, detail = {long_connection=7, long_polling=1}

2025-01-10 09:23:03,367 INFO Tps reporting...
HealthCheck|point|SECONDS|2025-01-10 09:23:02|2|0|


2025-01-10 09:23:03,845 INFO Connection check task start

2025-01-10 09:23:03,845 INFO Long connection metrics detail ,Total count =7, sdkCount=7,clusterCount=0

2025-01-10 09:23:03,845 INFO Connection check task end

2025-01-10 09:23:04,274 INFO Tps reporting...
HealthCheck|point|SECONDS|2025-01-10 09:23:03|4|0|


2025-01-10 09:23:06,059 INFO ConnectionMetrics, totalCount = 8, detail = {long_connection=7, long_polling=1}

2025-01-10 09:23:06,854 INFO Connection check task start

2025-01-10 09:23:06,854 INFO Long connection metrics detail ,Total count =7, sdkCount=7,clusterCount=0

2025-01-10 09:23:06,854 INFO Connection check task end

2025-01-10 09:23:07,906 INFO Tps reporting...
HealthCheck|point|SECONDS|2025-01-10 09:23:06|1|0|


2025-01-10 09:23:08,817 INFO Tps reporting...
HealthCheck|point|SECONDS|2025-01-10 09:23:07|2|0|


2025-01-10 09:23:09,073 INFO ConnectionMetrics, totalCount = 8, detail = {long_connection=7, long_polling=1}

2025-01-10 09:23:09,728 INFO Tps reporting...
HealthCheck|point|SECONDS|2025-01-10 09:23:08|4|0|


2025-01-10 09:23:09,856 INFO Connection check task start

2025-01-10 09:23:09,856 INFO Long connection metrics detail ,Total count =7, sdkCount=7,clusterCount=0

2025-01-10 09:23:09,856 INFO Connection check task end

2025-01-10 09:23:12,089 INFO ConnectionMetrics, totalCount = 8, detail = {long_connection=7, long_polling=1}

2025-01-10 09:23:12,456 INFO Tps reporting...
HealthCheck|point|SECONDS|2025-01-10 09:23:11|1|0|


2025-01-10 09:23:12,871 INFO Connection check task start

2025-01-10 09:23:12,871 INFO Long connection metrics detail ,Total count =7, sdkCount=7,clusterCount=0

2025-01-10 09:23:12,871 INFO Connection check task end

2025-01-10 09:23:13,364 INFO Tps reporting...
HealthCheck|point|SECONDS|2025-01-10 09:23:12|2|0|


2025-01-10 09:23:14,272 INFO Tps reporting...
HealthCheck|point|SECONDS|2025-01-10 09:23:13|4|0|


2025-01-10 09:23:15,095 INFO ConnectionMetrics, totalCount = 8, detail = {long_connection=7, long_polling=1}

2025-01-10 09:23:15,873 INFO Connection check task start

2025-01-10 09:23:15,873 INFO Long connection metrics detail ,Total count =7, sdkCount=7,clusterCount=0

2025-01-10 09:23:15,873 INFO Connection check task end

2025-01-10 09:23:17,893 INFO Tps reporting...
HealthCheck|point|SECONDS|2025-01-10 09:23:16|1|0|


2025-01-10 09:23:18,098 INFO ConnectionMetrics, totalCount = 8, detail = {long_connection=7, long_polling=1}

2025-01-10 09:23:18,794 INFO Tps reporting...
HealthCheck|point|SECONDS|2025-01-10 09:23:17|2|0|


2025-01-10 09:23:18,874 INFO Connection check task start

2025-01-10 09:23:18,874 INFO Long connection metrics detail ,Total count =7, sdkCount=7,clusterCount=0

2025-01-10 09:23:18,874 INFO Connection check task end

2025-01-10 09:23:19,700 INFO Tps reporting...
HealthCheck|point|SECONDS|2025-01-10 09:23:18|4|0|


2025-01-10 09:23:21,099 INFO ConnectionMetrics, totalCount = 8, detail = {long_connection=7, long_polling=1}

2025-01-10 09:23:21,875 INFO Connection check task start

2025-01-10 09:23:21,875 INFO Long connection metrics detail ,Total count =7, sdkCount=7,clusterCount=0

2025-01-10 09:23:21,875 INFO Connection check task end

2025-01-10 09:23:22,414 INFO Tps reporting...
HealthCheck|point|SECONDS|2025-01-10 09:23:21|1|0|


2025-01-10 09:23:23,317 INFO Tps reporting...
HealthCheck|point|SECONDS|2025-01-10 09:23:22|2|0|


2025-01-10 09:23:24,112 INFO ConnectionMetrics, totalCount = 8, detail = {long_connection=7, long_polling=1}

2025-01-10 09:23:24,223 INFO Tps reporting...
HealthCheck|point|SECONDS|2025-01-10 09:23:23|4|0|


2025-01-10 09:23:24,878 INFO Connection check task start

2025-01-10 09:23:24,878 INFO Long connection metrics detail ,Total count =7, sdkCount=7,clusterCount=0

2025-01-10 09:23:24,878 INFO Connection check task end

2025-01-10 09:23:27,113 INFO ConnectionMetrics, totalCount = 8, detail = {long_connection=7, long_polling=1}

2025-01-10 09:23:27,847 INFO Tps reporting...
HealthCheck|point|SECONDS|2025-01-10 09:23:26|1|0|


2025-01-10 09:23:27,879 INFO Connection check task start

2025-01-10 09:23:27,879 INFO Long connection metrics detail ,Total count =7, sdkCount=7,clusterCount=0

2025-01-10 09:23:27,879 INFO Connection check task end

2025-01-10 09:23:28,757 INFO Tps reporting...
HealthCheck|point|SECONDS|2025-01-10 09:23:27|2|0|


2025-01-10 09:23:29,666 INFO Tps reporting...
HealthCheck|point|SECONDS|2025-01-10 09:23:28|4|0|


2025-01-10 09:23:30,113 INFO ConnectionMetrics, totalCount = 8, detail = {long_connection=7, long_polling=1}

2025-01-10 09:23:30,888 INFO Connection check task start

2025-01-10 09:23:30,888 INFO Long connection metrics detail ,Total count =7, sdkCount=7,clusterCount=0

2025-01-10 09:23:30,888 INFO Connection check task end

2025-01-10 09:23:32,386 INFO Tps reporting...
HealthCheck|point|SECONDS|2025-01-10 09:23:31|1|0|


2025-01-10 09:23:33,118 INFO ConnectionMetrics, totalCount = 8, detail = {long_connection=7, long_polling=1}

2025-01-10 09:23:33,293 INFO Tps reporting...
HealthCheck|point|SECONDS|2025-01-10 09:23:32|2|0|


2025-01-10 09:23:33,899 INFO Connection check task start

2025-01-10 09:23:33,899 INFO Long connection metrics detail ,Total count =7, sdkCount=7,clusterCount=0

2025-01-10 09:23:33,899 INFO Connection check task end

2025-01-10 09:23:34,203 INFO Tps reporting...
HealthCheck|point|SECONDS|2025-01-10 09:23:33|4|0|


2025-01-10 09:23:36,134 INFO ConnectionMetrics, totalCount = 8, detail = {long_connection=7, long_polling=1}

2025-01-10 09:23:36,913 INFO Connection check task start

2025-01-10 09:23:36,913 INFO Long connection metrics detail ,Total count =7, sdkCount=7,clusterCount=0

2025-01-10 09:23:36,913 INFO Connection check task end

2025-01-10 09:23:37,838 INFO Tps reporting...
HealthCheck|point|SECONDS|2025-01-10 09:23:36|1|0|


2025-01-10 09:23:38,748 INFO Tps reporting...
HealthCheck|point|SECONDS|2025-01-10 09:23:37|2|0|


2025-01-10 09:23:39,147 INFO ConnectionMetrics, totalCount = 8, detail = {long_connection=7, long_polling=1}

2025-01-10 09:23:39,655 INFO Tps reporting...
HealthCheck|point|SECONDS|2025-01-10 09:23:38|4|0|


2025-01-10 09:23:39,926 INFO Connection check task start

2025-01-10 09:23:39,926 INFO Long connection metrics detail ,Total count =7, sdkCount=7,clusterCount=0

2025-01-10 09:23:39,926 INFO Connection check task end

2025-01-10 09:23:42,158 INFO ConnectionMetrics, totalCount = 8, detail = {long_connection=7, long_polling=1}

2025-01-10 09:23:42,379 INFO Tps reporting...
HealthCheck|point|SECONDS|2025-01-10 09:23:41|1|0|


2025-01-10 09:23:42,930 INFO Connection check task start

2025-01-10 09:23:42,930 INFO Long connection metrics detail ,Total count =7, sdkCount=7,clusterCount=0

2025-01-10 09:23:42,930 INFO Connection check task end

2025-01-10 09:23:43,294 INFO Tps reporting...
HealthCheck|point|SECONDS|2025-01-10 09:23:42|2|0|


2025-01-10 09:23:44,199 INFO Tps reporting...
HealthCheck|point|SECONDS|2025-01-10 09:23:43|4|0|


2025-01-10 09:23:45,167 INFO ConnectionMetrics, totalCount = 8, detail = {long_connection=7, long_polling=1}

2025-01-10 09:23:45,943 INFO Connection check task start

2025-01-10 09:23:45,943 INFO Long connection metrics detail ,Total count =7, sdkCount=7,clusterCount=0

2025-01-10 09:23:45,943 INFO Connection check task end

2025-01-10 09:23:47,822 INFO Tps reporting...
HealthCheck|point|SECONDS|2025-01-10 09:23:46|1|0|


2025-01-10 09:23:48,174 INFO ConnectionMetrics, totalCount = 8, detail = {long_connection=7, long_polling=1}

2025-01-10 09:23:48,729 INFO Tps reporting...
HealthCheck|point|SECONDS|2025-01-10 09:23:47|2|0|


2025-01-10 09:23:48,952 INFO Connection check task start

2025-01-10 09:23:48,952 INFO Long connection metrics detail ,Total count =7, sdkCount=7,clusterCount=0

2025-01-10 09:23:48,952 INFO Connection check task end

2025-01-10 09:23:49,639 INFO Tps reporting...
HealthCheck|point|SECONDS|2025-01-10 09:23:48|4|0|


2025-01-10 09:23:51,188 INFO ConnectionMetrics, totalCount = 8, detail = {long_connection=7, long_polling=1}

2025-01-10 09:23:51,960 INFO Connection check task start

2025-01-10 09:23:51,960 INFO Long connection metrics detail ,Total count =7, sdkCount=7,clusterCount=0

2025-01-10 09:23:51,960 INFO Connection check task end

2025-01-10 09:23:52,372 INFO Tps reporting...
HealthCheck|point|SECONDS|2025-01-10 09:23:51|1|0|


2025-01-10 09:23:53,282 INFO Tps reporting...
HealthCheck|point|SECONDS|2025-01-10 09:23:52|2|0|


2025-01-10 09:23:54,190 INFO Tps reporting...
HealthCheck|point|SECONDS|2025-01-10 09:23:53|4|0|


2025-01-10 09:23:54,190 INFO ConnectionMetrics, totalCount = 8, detail = {long_connection=7, long_polling=1}

2025-01-10 09:23:54,972 INFO Connection check task start

2025-01-10 09:23:54,972 INFO Long connection metrics detail ,Total count =7, sdkCount=7,clusterCount=0

2025-01-10 09:23:54,972 INFO Connection check task end

2025-01-10 09:23:57,203 INFO ConnectionMetrics, totalCount = 8, detail = {long_connection=7, long_polling=1}

2025-01-10 09:23:57,823 INFO Tps reporting...
HealthCheck|point|SECONDS|2025-01-10 09:23:56|1|0|


2025-01-10 09:23:57,983 INFO Connection check task start

2025-01-10 09:23:57,983 INFO Long connection metrics detail ,Total count =7, sdkCount=7,clusterCount=0

2025-01-10 09:23:57,983 INFO Connection check task end

2025-01-10 09:23:58,732 INFO Tps reporting...
HealthCheck|point|SECONDS|2025-01-10 09:23:57|2|0|


2025-01-10 09:23:59,639 INFO Tps reporting...
HealthCheck|point|SECONDS|2025-01-10 09:23:58|4|0|


2025-01-10 09:24:00,215 INFO ConnectionMetrics, totalCount = 8, detail = {long_connection=7, long_polling=1}

2025-01-10 09:24:00,991 INFO Connection check task start

2025-01-10 09:24:00,991 INFO Long connection metrics detail ,Total count =7, sdkCount=7,clusterCount=0

2025-01-10 09:24:00,991 INFO Connection check task end

2025-01-10 09:24:02,360 INFO Tps reporting...
HealthCheck|point|SECONDS|2025-01-10 09:24:01|1|0|


2025-01-10 09:24:03,220 INFO ConnectionMetrics, totalCount = 8, detail = {long_connection=7, long_polling=1}

2025-01-10 09:24:03,268 INFO Tps reporting...
HealthCheck|point|SECONDS|2025-01-10 09:24:02|2|0|


2025-01-10 09:24:04,002 INFO Connection check task start

2025-01-10 09:24:04,002 INFO Long connection metrics detail ,Total count =7, sdkCount=7,clusterCount=0

2025-01-10 09:24:04,002 INFO Connection check task end

2025-01-10 09:24:04,176 INFO Tps reporting...
HealthCheck|point|SECONDS|2025-01-10 09:24:03|4|0|


2025-01-10 09:24:06,233 INFO ConnectionMetrics, totalCount = 8, detail = {long_connection=7, long_polling=1}

2025-01-10 09:24:07,009 INFO Connection check task start

2025-01-10 09:24:07,009 INFO Long connection metrics detail ,Total count =7, sdkCount=7,clusterCount=0

2025-01-10 09:24:07,009 INFO Connection check task end

2025-01-10 09:24:07,804 INFO Tps reporting...
HealthCheck|point|SECONDS|2025-01-10 09:24:06|1|0|


2025-01-10 09:24:08,713 INFO Tps reporting...
HealthCheck|point|SECONDS|2025-01-10 09:24:07|2|0|


2025-01-10 09:24:09,240 INFO ConnectionMetrics, totalCount = 8, detail = {long_connection=7, long_polling=1}

2025-01-10 09:24:09,622 INFO Tps reporting...
HealthCheck|point|SECONDS|2025-01-10 09:24:08|4|0|


2025-01-10 09:24:10,020 INFO Connection check task start

2025-01-10 09:24:10,020 INFO Long connection metrics detail ,Total count =7, sdkCount=7,clusterCount=0

2025-01-10 09:24:10,020 INFO Connection check task end

2025-01-10 09:24:12,249 INFO ConnectionMetrics, totalCount = 8, detail = {long_connection=7, long_polling=1}

2025-01-10 09:24:12,345 INFO Tps reporting...
HealthCheck|point|SECONDS|2025-01-10 09:24:11|1|0|


2025-01-10 09:24:13,031 INFO Connection check task start

2025-01-10 09:24:13,031 INFO Long connection metrics detail ,Total count =7, sdkCount=7,clusterCount=0

2025-01-10 09:24:13,031 INFO Connection check task end

2025-01-10 09:24:13,254 INFO Tps reporting...
HealthCheck|point|SECONDS|2025-01-10 09:24:12|2|0|


2025-01-10 09:24:14,164 INFO Tps reporting...
HealthCheck|point|SECONDS|2025-01-10 09:24:13|4|0|


2025-01-10 09:24:15,263 INFO ConnectionMetrics, totalCount = 8, detail = {long_connection=7, long_polling=1}

2025-01-10 09:24:16,046 INFO Connection check task start

2025-01-10 09:24:16,046 INFO Long connection metrics detail ,Total count =7, sdkCount=7,clusterCount=0

2025-01-10 09:24:16,046 INFO Connection check task end

2025-01-10 09:24:17,801 INFO Tps reporting...
HealthCheck|point|SECONDS|2025-01-10 09:24:16|1|0|


2025-01-10 09:24:18,274 INFO ConnectionMetrics, totalCount = 8, detail = {long_connection=7, long_polling=1}

2025-01-10 09:24:18,716 INFO Tps reporting...
HealthCheck|point|SECONDS|2025-01-10 09:24:17|2|0|


2025-01-10 09:24:19,048 INFO Connection check task start

2025-01-10 09:24:19,048 INFO Long connection metrics detail ,Total count =7, sdkCount=7,clusterCount=0

2025-01-10 09:24:19,048 INFO Connection check task end

2025-01-10 09:24:19,630 INFO Tps reporting...
HealthCheck|point|SECONDS|2025-01-10 09:24:18|4|0|


2025-01-10 09:24:21,288 INFO ConnectionMetrics, totalCount = 8, detail = {long_connection=7, long_polling=1}

2025-01-10 09:24:22,059 INFO Connection check task start

2025-01-10 09:24:22,059 INFO Long connection metrics detail ,Total count =7, sdkCount=7,clusterCount=0

2025-01-10 09:24:22,059 INFO Connection check task end

2025-01-10 09:24:22,358 INFO Tps reporting...
HealthCheck|point|SECONDS|2025-01-10 09:24:21|1|0|


2025-01-10 09:24:23,274 INFO Tps reporting...
HealthCheck|point|SECONDS|2025-01-10 09:24:22|2|0|


2025-01-10 09:24:24,180 INFO Tps reporting...
HealthCheck|point|SECONDS|2025-01-10 09:24:23|4|0|


2025-01-10 09:24:24,294 INFO ConnectionMetrics, totalCount = 8, detail = {long_connection=7, long_polling=1}

2025-01-10 09:24:25,063 INFO Connection check task start

2025-01-10 09:24:25,063 INFO Long connection metrics detail ,Total count =7, sdkCount=7,clusterCount=0

2025-01-10 09:24:25,063 INFO Connection check task end

2025-01-10 09:24:27,296 INFO ConnectionMetrics, totalCount = 8, detail = {long_connection=7, long_polling=1}

2025-01-10 09:24:27,814 INFO Tps reporting...
HealthCheck|point|SECONDS|2025-01-10 09:24:26|1|0|


2025-01-10 09:24:28,070 INFO Connection check task start

2025-01-10 09:24:28,070 INFO Long connection metrics detail ,Total count =7, sdkCount=7,clusterCount=0

2025-01-10 09:24:28,070 INFO Connection check task end

2025-01-10 09:24:28,728 INFO Tps reporting...
HealthCheck|point|SECONDS|2025-01-10 09:24:27|2|0|


2025-01-10 09:24:29,640 INFO Tps reporting...
HealthCheck|point|SECONDS|2025-01-10 09:24:28|4|0|


2025-01-10 09:24:30,312 INFO ConnectionMetrics, totalCount = 8, detail = {long_connection=7, long_polling=1}

2025-01-10 09:24:31,079 INFO Connection check task start

2025-01-10 09:24:31,079 INFO Long connection metrics detail ,Total count =7, sdkCount=7,clusterCount=0

2025-01-10 09:24:31,079 INFO Connection check task end

2025-01-10 09:24:32,363 INFO Tps reporting...
HealthCheck|point|SECONDS|2025-01-10 09:24:31|1|0|


2025-01-10 09:24:33,273 INFO Tps reporting...
HealthCheck|point|SECONDS|2025-01-10 09:24:32|2|0|


2025-01-10 09:24:33,314 INFO ConnectionMetrics, totalCount = 8, detail = {long_connection=7, long_polling=1}

2025-01-10 09:24:34,095 INFO Connection check task start

2025-01-10 09:24:34,095 INFO Long connection metrics detail ,Total count =7, sdkCount=7,clusterCount=0

2025-01-10 09:24:34,095 INFO Connection check task end

2025-01-10 09:24:34,179 INFO Tps reporting...
HealthCheck|point|SECONDS|2025-01-10 09:24:33|4|0|


2025-01-10 09:24:36,327 INFO ConnectionMetrics, totalCount = 8, detail = {long_connection=7, long_polling=1}

2025-01-10 09:24:37,110 INFO Connection check task start

2025-01-10 09:24:37,110 INFO Long connection metrics detail ,Total count =7, sdkCount=7,clusterCount=0

2025-01-10 09:24:37,110 INFO Connection check task end

2025-01-10 09:24:37,801 INFO Tps reporting...
HealthCheck|point|SECONDS|2025-01-10 09:24:36|1|0|


2025-01-10 09:24:38,712 INFO Tps reporting...
HealthCheck|point|SECONDS|2025-01-10 09:24:37|2|0|


2025-01-10 09:24:39,330 INFO ConnectionMetrics, totalCount = 8, detail = {long_connection=7, long_polling=1}

2025-01-10 09:24:39,613 INFO Tps reporting...
HealthCheck|point|SECONDS|2025-01-10 09:24:38|4|0|


2025-01-10 09:24:40,111 INFO Connection check task start

2025-01-10 09:24:40,111 INFO Long connection metrics detail ,Total count =7, sdkCount=7,clusterCount=0

2025-01-10 09:24:40,111 INFO Connection check task end

2025-01-10 09:24:42,327 INFO Tps reporting...
HealthCheck|point|SECONDS|2025-01-10 09:24:41|1|0|


2025-01-10 09:24:42,335 INFO ConnectionMetrics, totalCount = 8, detail = {long_connection=7, long_polling=1}

2025-01-10 09:24:43,116 INFO Connection check task start

2025-01-10 09:24:43,116 INFO Long connection metrics detail ,Total count =7, sdkCount=7,clusterCount=0

2025-01-10 09:24:43,116 INFO Connection check task end

2025-01-10 09:24:43,231 INFO Tps reporting...
HealthCheck|point|SECONDS|2025-01-10 09:24:42|2|0|


2025-01-10 09:24:44,135 INFO Tps reporting...
HealthCheck|point|SECONDS|2025-01-10 09:24:43|4|0|


2025-01-10 09:24:45,343 INFO ConnectionMetrics, totalCount = 8, detail = {long_connection=7, long_polling=1}

2025-01-10 09:24:46,120 INFO Connection check task start

2025-01-10 09:24:46,120 INFO Long connection metrics detail ,Total count =7, sdkCount=7,clusterCount=0

2025-01-10 09:24:46,120 INFO Connection check task end

2025-01-10 09:24:47,768 INFO Tps reporting...
HealthCheck|point|SECONDS|2025-01-10 09:24:46|1|0|


2025-01-10 09:24:48,348 INFO ConnectionMetrics, totalCount = 8, detail = {long_connection=7, long_polling=1}

2025-01-10 09:24:48,675 INFO Tps reporting...
HealthCheck|point|SECONDS|2025-01-10 09:24:47|2|0|


2025-01-10 09:24:49,124 INFO Connection check task start

2025-01-10 09:24:49,124 INFO Long connection metrics detail ,Total count =7, sdkCount=7,clusterCount=0

2025-01-10 09:24:49,124 INFO Connection check task end

2025-01-10 09:24:49,590 INFO Tps reporting...
HealthCheck|point|SECONDS|2025-01-10 09:24:48|4|0|


2025-01-10 09:24:51,362 INFO ConnectionMetrics, totalCount = 8, detail = {long_connection=7, long_polling=1}

2025-01-10 09:24:52,125 INFO Connection check task start

2025-01-10 09:24:52,125 INFO Long connection metrics detail ,Total count =7, sdkCount=7,clusterCount=0

2025-01-10 09:24:52,125 INFO Connection check task end

2025-01-10 09:24:52,314 INFO Tps reporting...
HealthCheck|point|SECONDS|2025-01-10 09:24:51|1|0|


2025-01-10 09:24:53,221 INFO Tps reporting...
HealthCheck|point|SECONDS|2025-01-10 09:24:52|2|0|


2025-01-10 09:24:54,123 INFO Tps reporting...
HealthCheck|point|SECONDS|2025-01-10 09:24:53|4|0|


2025-01-10 09:24:54,373 INFO ConnectionMetrics, totalCount = 8, detail = {long_connection=7, long_polling=1}

2025-01-10 09:24:55,132 INFO Connection check task start

2025-01-10 09:24:55,132 INFO Long connection metrics detail ,Total count =7, sdkCount=7,clusterCount=0

2025-01-10 09:24:55,132 INFO Connection check task end

2025-01-10 09:24:57,377 INFO ConnectionMetrics, totalCount = 8, detail = {long_connection=7, long_polling=1}

2025-01-10 09:24:57,752 INFO Tps reporting...
HealthCheck|point|SECONDS|2025-01-10 09:24:56|1|0|


2025-01-10 09:24:58,139 INFO Connection check task start

2025-01-10 09:24:58,139 INFO Long connection metrics detail ,Total count =7, sdkCount=7,clusterCount=0

2025-01-10 09:24:58,139 INFO Connection check task end

2025-01-10 09:24:58,667 INFO Tps reporting...
HealthCheck|point|SECONDS|2025-01-10 09:24:57|2|0|


2025-01-10 09:24:59,573 INFO Tps reporting...
HealthCheck|point|SECONDS|2025-01-10 09:24:58|4|0|


2025-01-10 09:25:00,381 INFO ConnectionMetrics, totalCount = 8, detail = {long_connection=7, long_polling=1}

2025-01-10 09:25:01,141 INFO Connection check task start

2025-01-10 09:25:01,141 INFO Long connection metrics detail ,Total count =7, sdkCount=7,clusterCount=0

2025-01-10 09:25:01,141 INFO Connection check task end

2025-01-10 09:25:02,294 INFO Tps reporting...
HealthCheck|point|SECONDS|2025-01-10 09:25:01|1|0|


2025-01-10 09:25:03,198 INFO Tps reporting...
HealthCheck|point|SECONDS|2025-01-10 09:25:02|2|0|


2025-01-10 09:25:03,384 INFO ConnectionMetrics, totalCount = 8, detail = {long_connection=7, long_polling=1}

2025-01-10 09:25:04,098 INFO Tps reporting...
HealthCheck|point|SECONDS|2025-01-10 09:25:03|4|0|


2025-01-10 09:25:04,146 INFO Connection check task start

2025-01-10 09:25:04,146 INFO Long connection metrics detail ,Total count =7, sdkCount=7,clusterCount=0

2025-01-10 09:25:04,146 INFO Connection check task end

2025-01-10 09:25:06,386 INFO ConnectionMetrics, totalCount = 8, detail = {long_connection=7, long_polling=1}

2025-01-10 09:25:07,150 INFO Connection check task start

2025-01-10 09:25:07,150 INFO Long connection metrics detail ,Total count =7, sdkCount=7,clusterCount=0

2025-01-10 09:25:07,150 INFO Connection check task end

2025-01-10 09:25:07,710 INFO Tps reporting...
HealthCheck|point|SECONDS|2025-01-10 09:25:06|1|0|


2025-01-10 09:25:08,622 INFO Tps reporting...
HealthCheck|point|SECONDS|2025-01-10 09:25:07|2|0|


2025-01-10 09:25:09,389 INFO ConnectionMetrics, totalCount = 8, detail = {long_connection=7, long_polling=1}

2025-01-10 09:25:09,539 INFO Tps reporting...
HealthCheck|point|SECONDS|2025-01-10 09:25:08|4|0|


2025-01-10 09:25:10,153 INFO Connection check task start

2025-01-10 09:25:10,153 INFO Long connection metrics detail ,Total count =7, sdkCount=7,clusterCount=0

2025-01-10 09:25:10,153 INFO Connection check task end

2025-01-10 09:25:12,255 INFO Tps reporting...
HealthCheck|point|SECONDS|2025-01-10 09:25:11|1|0|


2025-01-10 09:25:12,405 INFO ConnectionMetrics, totalCount = 8, detail = {long_connection=7, long_polling=1}

2025-01-10 09:25:13,153 INFO Connection check task start

2025-01-10 09:25:13,153 INFO Long connection metrics detail ,Total count =7, sdkCount=7,clusterCount=0

2025-01-10 09:25:13,153 INFO Connection check task end

2025-01-10 09:25:13,169 INFO Tps reporting...
HealthCheck|point|SECONDS|2025-01-10 09:25:12|2|0|


2025-01-10 09:25:14,083 INFO Tps reporting...
HealthCheck|point|SECONDS|2025-01-10 09:25:13|4|0|


2025-01-10 09:25:15,420 INFO ConnectionMetrics, totalCount = 8, detail = {long_connection=7, long_polling=1}

2025-01-10 09:25:16,154 INFO Connection check task start

2025-01-10 09:25:16,154 INFO Long connection metrics detail ,Total count =7, sdkCount=7,clusterCount=0

2025-01-10 09:25:16,154 INFO Connection check task end

2025-01-10 09:25:17,712 INFO Tps reporting...
HealthCheck|point|SECONDS|2025-01-10 09:25:16|1|0|


2025-01-10 09:25:18,435 INFO ConnectionMetrics, totalCount = 8, detail = {long_connection=7, long_polling=1}

2025-01-10 09:25:18,623 INFO Tps reporting...
HealthCheck|point|SECONDS|2025-01-10 09:25:17|2|0|


2025-01-10 09:25:19,158 INFO Connection check task start

2025-01-10 09:25:19,158 INFO Long connection metrics detail ,Total count =7, sdkCount=7,clusterCount=0

2025-01-10 09:25:19,158 INFO Connection check task end

2025-01-10 09:25:19,536 INFO Tps reporting...
HealthCheck|point|SECONDS|2025-01-10 09:25:18|4|0|


2025-01-10 09:25:21,440 INFO ConnectionMetrics, totalCount = 8, detail = {long_connection=7, long_polling=1}

2025-01-10 09:25:22,165 INFO Connection check task start

2025-01-10 09:25:22,165 INFO Long connection metrics detail ,Total count =7, sdkCount=7,clusterCount=0

2025-01-10 09:25:22,165 INFO Connection check task end

2025-01-10 09:25:22,277 INFO Tps reporting...
HealthCheck|point|SECONDS|2025-01-10 09:25:21|1|0|


2025-01-10 09:25:23,184 INFO Tps reporting...
HealthCheck|point|SECONDS|2025-01-10 09:25:22|2|0|


2025-01-10 09:25:24,094 INFO Tps reporting...
HealthCheck|point|SECONDS|2025-01-10 09:25:23|4|0|


2025-01-10 09:25:24,445 INFO ConnectionMetrics, totalCount = 8, detail = {long_connection=7, long_polling=1}

2025-01-10 09:25:25,176 INFO Connection check task start

2025-01-10 09:25:25,176 INFO Long connection metrics detail ,Total count =7, sdkCount=7,clusterCount=0

2025-01-10 09:25:25,176 INFO Connection check task end

2025-01-10 09:25:27,452 INFO ConnectionMetrics, totalCount = 8, detail = {long_connection=7, long_polling=1}

2025-01-10 09:25:27,722 INFO Tps reporting...
HealthCheck|point|SECONDS|2025-01-10 09:25:26|1|0|


2025-01-10 09:25:28,183 INFO Connection check task start

2025-01-10 09:25:28,183 INFO Long connection metrics detail ,Total count =7, sdkCount=7,clusterCount=0

2025-01-10 09:25:28,183 INFO Connection check task end

2025-01-10 09:25:28,630 INFO Tps reporting...
HealthCheck|point|SECONDS|2025-01-10 09:25:27|2|0|


2025-01-10 09:25:29,536 INFO Tps reporting...
HealthCheck|point|SECONDS|2025-01-10 09:25:28|4|0|


2025-01-10 09:25:30,463 INFO ConnectionMetrics, totalCount = 8, detail = {long_connection=7, long_polling=1}

2025-01-10 09:25:31,197 INFO Connection check task start

2025-01-10 09:25:31,197 INFO Long connection metrics detail ,Total count =7, sdkCount=7,clusterCount=0

2025-01-10 09:25:31,197 INFO Connection check task end

2025-01-10 09:25:32,262 INFO Tps reporting...
HealthCheck|point|SECONDS|2025-01-10 09:25:31|1|0|


2025-01-10 09:25:33,165 INFO Tps reporting...
HealthCheck|point|SECONDS|2025-01-10 09:25:32|2|0|


2025-01-10 09:25:33,468 INFO ConnectionMetrics, totalCount = 8, detail = {long_connection=7, long_polling=1}

2025-01-10 09:25:34,074 INFO Tps reporting...
HealthCheck|point|SECONDS|2025-01-10 09:25:33|4|0|


2025-01-10 09:25:34,201 INFO Connection check task start

2025-01-10 09:25:34,201 INFO Long connection metrics detail ,Total count =7, sdkCount=7,clusterCount=0

2025-01-10 09:25:34,201 INFO Connection check task end

2025-01-10 09:25:36,479 INFO ConnectionMetrics, totalCount = 8, detail = {long_connection=7, long_polling=1}

2025-01-10 09:25:37,214 INFO Connection check task start

2025-01-10 09:25:37,214 INFO Long connection metrics detail ,Total count =7, sdkCount=7,clusterCount=0

2025-01-10 09:25:37,214 INFO Connection check task end

2025-01-10 09:25:37,707 INFO Tps reporting...
HealthCheck|point|SECONDS|2025-01-10 09:25:36|1|0|


2025-01-10 09:25:38,615 INFO Tps reporting...
HealthCheck|point|SECONDS|2025-01-10 09:25:37|2|0|


2025-01-10 09:25:39,492 INFO ConnectionMetrics, totalCount = 8, detail = {long_connection=7, long_polling=1}

2025-01-10 09:25:39,524 INFO Tps reporting...
HealthCheck|point|SECONDS|2025-01-10 09:25:38|4|0|


2025-01-10 09:25:40,225 INFO Connection check task start

2025-01-10 09:25:40,225 INFO Long connection metrics detail ,Total count =7, sdkCount=7,clusterCount=0

2025-01-10 09:25:40,225 INFO Connection check task end

2025-01-10 09:25:42,245 INFO Tps reporting...
HealthCheck|point|SECONDS|2025-01-10 09:25:41|1|0|


2025-01-10 09:25:42,498 INFO ConnectionMetrics, totalCount = 8, detail = {long_connection=7, long_polling=1}

2025-01-10 09:25:43,158 INFO Tps reporting...
HealthCheck|point|SECONDS|2025-01-10 09:25:42|2|0|


2025-01-10 09:25:43,235 INFO Connection check task start

2025-01-10 09:25:43,235 INFO Long connection metrics detail ,Total count =7, sdkCount=7,clusterCount=0

2025-01-10 09:25:43,235 INFO Connection check task end

2025-01-10 09:25:44,068 INFO Tps reporting...
HealthCheck|point|SECONDS|2025-01-10 09:25:43|3|0|


2025-01-10 09:25:45,501 INFO ConnectionMetrics, totalCount = 8, detail = {long_connection=7, long_polling=1}

2025-01-10 09:25:45,878 INFO Tps reporting...
HealthCheck|point|SECONDS|2025-01-10 09:25:44|1|0|


2025-01-10 09:25:46,084 INFO [MapperManager] findMapper dataSource: derby, tableName: tenant_info

2025-01-10 09:25:46,091 INFO [MapperManager] findMapper dataSource: derby, tableName: config_info

2025-01-10 09:25:46,223 INFO [MapperManager] findMapper dataSource: derby, tableName: config_info

2025-01-10 09:25:46,241 INFO Connection check task start

2025-01-10 09:25:46,241 INFO Long connection metrics detail ,Total count =7, sdkCount=7,clusterCount=0

2025-01-10 09:25:46,241 INFO Connection check task end

2025-01-10 09:25:47,682 INFO Tps reporting...
HealthCheck|point|SECONDS|2025-01-10 09:25:46|1|0|


2025-01-10 09:25:48,514 INFO ConnectionMetrics, totalCount = 8, detail = {long_connection=7, long_polling=1}

2025-01-10 09:25:48,598 INFO Tps reporting...
HealthCheck|point|SECONDS|2025-01-10 09:25:47|1|0|


2025-01-10 09:25:49,242 INFO Connection check task start

2025-01-10 09:25:49,242 INFO Long connection metrics detail ,Total count =7, sdkCount=7,clusterCount=0

2025-01-10 09:25:49,242 INFO Connection check task end

2025-01-10 09:25:49,499 INFO Tps reporting...
HealthCheck|point|SECONDS|2025-01-10 09:25:48|4|0|


2025-01-10 09:25:50,196 INFO [MapperManager] findMapper dataSource: derby, tableName: tenant_info

2025-01-10 09:25:50,196 INFO [MapperManager] findMapper dataSource: derby, tableName: config_info

2025-01-10 09:25:50,197 INFO [MapperManager] findMapper dataSource: derby, tableName: config_info

2025-01-10 09:25:50,197 INFO [MapperManager] findMapper dataSource: derby, tableName: config_tags_relation

2025-01-10 09:25:50,414 INFO Tps reporting...
HealthCheck|point|SECONDS|2025-01-10 09:25:49|1|0|


2025-01-10 09:25:51,515 INFO ConnectionMetrics, totalCount = 8, detail = {long_connection=7, long_polling=1}

2025-01-10 09:25:52,218 INFO Tps reporting...
HealthCheck|point|SECONDS|2025-01-10 09:25:51|1|0|


2025-01-10 09:25:52,249 INFO Connection check task start

2025-01-10 09:25:52,249 INFO Long connection metrics detail ,Total count =7, sdkCount=7,clusterCount=0

2025-01-10 09:25:52,249 INFO Connection check task end

2025-01-10 09:25:54,038 INFO Tps reporting...
HealthCheck|point|SECONDS|2025-01-10 09:25:53|5|0|


2025-01-10 09:25:54,516 INFO ConnectionMetrics, totalCount = 8, detail = {long_connection=7, long_polling=1}

2025-01-10 09:25:55,264 INFO Connection check task start

2025-01-10 09:25:55,264 INFO Long connection metrics detail ,Total count =7, sdkCount=7,clusterCount=0

2025-01-10 09:25:55,264 INFO Connection check task end

2025-01-10 09:25:55,847 INFO Tps reporting...
HealthCheck|point|SECONDS|2025-01-10 09:25:54|1|0|


2025-01-10 09:25:57,520 INFO ConnectionMetrics, totalCount = 8, detail = {long_connection=7, long_polling=1}

2025-01-10 09:25:57,660 INFO Tps reporting...
HealthCheck|point|SECONDS|2025-01-10 09:25:56|1|0|


2025-01-10 09:25:58,265 INFO Connection check task start

2025-01-10 09:25:58,265 INFO Long connection metrics detail ,Total count =7, sdkCount=7,clusterCount=0

2025-01-10 09:25:58,265 INFO Connection check task end

2025-01-10 09:25:59,470 INFO Tps reporting...
HealthCheck|point|SECONDS|2025-01-10 09:25:58|5|0|


2025-01-10 09:26:00,370 INFO Tps reporting...
HealthCheck|point|SECONDS|2025-01-10 09:25:59|1|0|


2025-01-10 09:26:00,528 INFO ConnectionMetrics, totalCount = 8, detail = {long_connection=7, long_polling=1}

2025-01-10 09:26:01,280 INFO Connection check task start

2025-01-10 09:26:01,280 INFO Long connection metrics detail ,Total count =7, sdkCount=7,clusterCount=0

2025-01-10 09:26:01,280 INFO Connection check task end

2025-01-10 09:26:02,180 INFO Tps reporting...
HealthCheck|point|SECONDS|2025-01-10 09:26:01|1|0|


2025-01-10 09:26:03,541 INFO ConnectionMetrics, totalCount = 8, detail = {long_connection=7, long_polling=1}

2025-01-10 09:26:04,294 INFO Connection check task start

2025-01-10 09:26:04,294 INFO Long connection metrics detail ,Total count =7, sdkCount=7,clusterCount=0

2025-01-10 09:26:04,294 INFO Connection check task end

2025-01-10 09:26:04,897 INFO Tps reporting...
HealthCheck|point|SECONDS|2025-01-10 09:26:03|5|0|


2025-01-10 09:26:05,806 INFO Tps reporting...
HealthCheck|point|SECONDS|2025-01-10 09:26:04|1|0|


2025-01-10 09:26:06,545 INFO ConnectionMetrics, totalCount = 8, detail = {long_connection=7, long_polling=1}

2025-01-10 09:26:07,310 INFO Connection check task start

2025-01-10 09:26:07,310 INFO Long connection metrics detail ,Total count =7, sdkCount=7,clusterCount=0

2025-01-10 09:26:07,310 INFO Connection check task end

2025-01-10 09:26:07,624 INFO Tps reporting...
HealthCheck|point|SECONDS|2025-01-10 09:26:06|1|0|


2025-01-10 09:26:09,439 INFO Tps reporting...
HealthCheck|point|SECONDS|2025-01-10 09:26:08|4|0|


2025-01-10 09:26:09,546 INFO ConnectionMetrics, totalCount = 8, detail = {long_connection=7, long_polling=1}

2025-01-10 09:26:09,912 INFO [MapperManager] findMapper dataSource: derby, tableName: config_info

2025-01-10 09:26:10,312 INFO Connection check task start

2025-01-10 09:26:10,312 INFO Long connection metrics detail ,Total count =7, sdkCount=7,clusterCount=0

2025-01-10 09:26:10,312 INFO Connection check task end

2025-01-10 09:26:10,345 INFO Tps reporting...
HealthCheck|point|SECONDS|2025-01-10 09:26:09|2|0|


2025-01-10 09:26:10,933 INFO [MapperManager] findMapper dataSource: derby, tableName: config_info_beta

2025-01-10 09:26:10,939 INFO [MapperManager] findMapper dataSource: derby, tableName: config_info

2025-01-10 09:26:10,939 INFO [MapperManager] findMapper dataSource: derby, tableName: config_tags_relation

2025-01-10 09:26:12,164 INFO Tps reporting...
HealthCheck|point|SECONDS|2025-01-10 09:26:11|1|0|


2025-01-10 09:26:12,553 INFO ConnectionMetrics, totalCount = 8, detail = {long_connection=7, long_polling=1}

2025-01-10 09:26:13,328 INFO Connection check task start

2025-01-10 09:26:13,328 INFO Long connection metrics detail ,Total count =7, sdkCount=7,clusterCount=0

2025-01-10 09:26:13,328 INFO Connection check task end

2025-01-10 09:26:14,892 INFO Tps reporting...
HealthCheck|point|SECONDS|2025-01-10 09:26:13|4|0|


2025-01-10 09:26:15,560 INFO ConnectionMetrics, totalCount = 8, detail = {long_connection=7, long_polling=1}

2025-01-10 09:26:15,793 INFO Tps reporting...
HealthCheck|point|SECONDS|2025-01-10 09:26:14|2|0|


2025-01-10 09:26:16,343 INFO Connection check task start

2025-01-10 09:26:16,343 INFO Long connection metrics detail ,Total count =7, sdkCount=7,clusterCount=0

2025-01-10 09:26:16,343 INFO Connection check task end

2025-01-10 09:26:17,601 INFO Tps reporting...
HealthCheck|point|SECONDS|2025-01-10 09:26:16|1|0|


2025-01-10 09:26:18,560 INFO ConnectionMetrics, totalCount = 8, detail = {long_connection=7, long_polling=1}

2025-01-10 09:26:19,345 INFO Connection check task start

2025-01-10 09:26:19,345 INFO Long connection metrics detail ,Total count =7, sdkCount=7,clusterCount=0

2025-01-10 09:26:19,345 INFO Connection check task end

2025-01-10 09:26:19,410 INFO Tps reporting...
HealthCheck|point|SECONDS|2025-01-10 09:26:18|4|0|


2025-01-10 09:26:19,948 INFO [MapperManager] findMapper dataSource: derby, tableName: config_info

2025-01-10 09:26:19,949 INFO [MapperManager] findMapper dataSource: derby, tableName: config_info

2025-01-10 09:26:19,949 INFO [MapperManager] findMapper dataSource: derby, tableName: config_info

2025-01-10 09:26:19,949 INFO [MapperManager] findMapper dataSource: derby, tableName: his_config_info

2025-01-10 09:26:19,996 INFO [MapperManager] findMapper dataSource: derby, tableName: config_info

2025-01-10 09:26:20,020 INFO [MapperManager] findMapper dataSource: derby, tableName: config_info

2025-01-10 09:26:20,026 INFO [MapperManager] findMapper dataSource: derby, tableName: config_info

2025-01-10 09:26:20,026 INFO [MapperManager] findMapper dataSource: derby, tableName: config_tags_relation

2025-01-10 09:26:20,327 INFO Tps reporting...
HealthCheck|point|SECONDS|2025-01-10 09:26:19|2|0|
ConfigPublish|point|SECONDS|2025-01-10 09:26:19|1|0|


2025-01-10 09:26:21,242 INFO Tps reporting...
ConfigQuery|point|SECONDS|2025-01-10 09:26:20|1|0|


2025-01-10 09:26:21,562 INFO ConnectionMetrics, totalCount = 8, detail = {long_connection=7, long_polling=1}

2025-01-10 09:26:22,148 INFO Tps reporting...
HealthCheck|point|SECONDS|2025-01-10 09:26:21|1|0|


2025-01-10 09:26:22,353 INFO Connection check task start

2025-01-10 09:26:22,353 INFO Long connection metrics detail ,Total count =7, sdkCount=7,clusterCount=0

2025-01-10 09:26:22,353 INFO Connection check task end

2025-01-10 09:26:24,564 INFO ConnectionMetrics, totalCount = 8, detail = {long_connection=7, long_polling=1}

2025-01-10 09:26:24,884 INFO Tps reporting...
HealthCheck|point|SECONDS|2025-01-10 09:26:23|4|0|


2025-01-10 09:26:25,356 INFO Connection check task start

2025-01-10 09:26:25,356 INFO Long connection metrics detail ,Total count =7, sdkCount=7,clusterCount=0

2025-01-10 09:26:25,356 INFO Connection check task end

2025-01-10 09:26:25,798 INFO Tps reporting...
HealthCheck|point|SECONDS|2025-01-10 09:26:24|2|0|


2025-01-10 09:26:27,571 INFO ConnectionMetrics, totalCount = 8, detail = {long_connection=7, long_polling=1}

2025-01-10 09:26:27,603 INFO Tps reporting...
HealthCheck|point|SECONDS|2025-01-10 09:26:26|1|0|


2025-01-10 09:26:28,359 INFO Connection check task start

2025-01-10 09:26:28,359 INFO Long connection metrics detail ,Total count =7, sdkCount=7,clusterCount=0

2025-01-10 09:26:28,359 INFO Connection check task end

2025-01-10 09:26:29,429 INFO Tps reporting...
HealthCheck|point|SECONDS|2025-01-10 09:26:28|4|0|


2025-01-10 09:26:30,331 INFO Tps reporting...
HealthCheck|point|SECONDS|2025-01-10 09:26:29|2|0|


2025-01-10 09:26:30,585 INFO ConnectionMetrics, totalCount = 8, detail = {long_connection=7, long_polling=1}

2025-01-10 09:26:31,367 INFO Connection check task start

2025-01-10 09:26:31,367 INFO Long connection metrics detail ,Total count =7, sdkCount=7,clusterCount=0

2025-01-10 09:26:31,367 INFO Connection check task end

2025-01-10 09:26:32,143 INFO Tps reporting...
HealthCheck|point|SECONDS|2025-01-10 09:26:31|1|0|


2025-01-10 09:26:32,170 INFO [MapperManager] findMapper dataSource: derby, tableName: config_info

2025-01-10 09:26:33,050 INFO Tps reporting...
ConfigQuery|point|SECONDS|2025-01-10 09:26:32|3|0|


2025-01-10 09:26:33,591 INFO ConnectionMetrics, totalCount = 9, detail = {long_connection=7, long_polling=2}

2025-01-10 09:26:34,378 INFO Connection check task start

2025-01-10 09:26:34,379 INFO Long connection metrics detail ,Total count =7, sdkCount=7,clusterCount=0

2025-01-10 09:26:34,379 INFO Connection check task end

2025-01-10 09:26:34,868 INFO Tps reporting...
HealthCheck|point|SECONDS|2025-01-10 09:26:33|4|0|


2025-01-10 09:26:35,782 INFO Tps reporting...
HealthCheck|point|SECONDS|2025-01-10 09:26:34|2|0|
ConfigQuery|point|SECONDS|2025-01-10 09:26:34|1|0|


2025-01-10 09:26:36,605 INFO ConnectionMetrics, totalCount = 9, detail = {long_connection=7, long_polling=2}

2025-01-10 09:26:36,690 INFO Tps reporting...
ConfigQuery|point|SECONDS|2025-01-10 09:26:35|13|0|


2025-01-10 09:26:37,380 INFO Connection check task start

2025-01-10 09:26:37,381 INFO Long connection metrics detail ,Total count =7, sdkCount=7,clusterCount=0

2025-01-10 09:26:37,381 INFO Connection check task end

2025-01-10 09:26:37,604 INFO Tps reporting...
HealthCheck|point|SECONDS|2025-01-10 09:26:36|1|0|
ConfigQuery|point|SECONDS|2025-01-10 09:26:36|12|0|


2025-01-10 09:26:38,520 INFO Tps reporting...
NAMING_RPC_PUSH_SUCCESS|point|SECONDS|2025-01-10 09:26:37|4|0|
ConfigQuery|point|SECONDS|2025-01-10 09:26:37|2|0|
NAMING_RPC_PUSH|point|SECONDS|2025-01-10 09:26:37|4|0|


2025-01-10 09:26:39,606 INFO ConnectionMetrics, totalCount = 9, detail = {long_connection=7, long_polling=2}

2025-01-10 09:26:40,346 INFO Tps reporting...
HealthCheck|point|SECONDS|2025-01-10 09:26:39|2|0|


2025-01-10 09:26:40,393 INFO Connection check task start

2025-01-10 09:26:40,393 INFO Long connection metrics detail ,Total count =7, sdkCount=7,clusterCount=0

2025-01-10 09:26:40,393 INFO Connection check task end

2025-01-10 09:26:42,171 INFO Tps reporting...
HealthCheck|point|SECONDS|2025-01-10 09:26:41|1|0|


2025-01-10 09:26:42,616 INFO ConnectionMetrics, totalCount = 9, detail = {long_connection=7, long_polling=2}

2025-01-10 09:26:42,841 INFO [1736471947309_127.0.0.1_53516]Connection unregistered successfully. 

2025-01-10 09:26:43,395 INFO Connection check task start

2025-01-10 09:26:43,395 INFO Long connection metrics detail ,Total count =6, sdkCount=6,clusterCount=0

2025-01-10 09:26:43,395 INFO Connection check task end

2025-01-10 09:26:43,480 INFO [1736471943949_127.0.0.1_53500]Connection unregistered successfully. 

2025-01-10 09:26:44,901 INFO Tps reporting...
NAMING_RPC_PUSH_SUCCESS|point|SECONDS|2025-01-10 09:26:43|1|0|
HealthCheck|point|SECONDS|2025-01-10 09:26:43|2|0|
NAMING_RPC_PUSH|point|SECONDS|2025-01-10 09:26:43|1|0|


2025-01-10 09:26:45,631 INFO ConnectionMetrics, totalCount = 7, detail = {long_connection=5, long_polling=2}

2025-01-10 09:26:45,806 INFO Tps reporting...
HealthCheck|point|SECONDS|2025-01-10 09:26:44|1|0|


2025-01-10 09:26:46,408 INFO Connection check task start

2025-01-10 09:26:46,408 INFO Long connection metrics detail ,Total count =5, sdkCount=5,clusterCount=0

2025-01-10 09:26:46,408 INFO Connection check task end

2025-01-10 09:26:47,633 INFO Tps reporting...
HealthCheck|point|SECONDS|2025-01-10 09:26:46|1|0|


2025-01-10 09:26:47,857 INFO new connection registered successfully, connectionId = 1736472407791_127.0.0.1_54619,connection=Connection{traced=false, abilities=null, metaInfo=ConnectionMeta{connectType='GRPC', clientIp='192.168.154.1', remoteIp='127.0.0.1', remotePort=54619, localPort=9848, version='Nacos-Java-Client:v2.2.1', connectionId='1736472407791_127.0.0.1_54619', createTime=Fri Jan 10 09:26:47 CST 2025, lastActiveTime=1736472407857, appName='-', tenant='null', labels={module=naming, source=sdk}}} 

2025-01-10 09:26:48,634 INFO ConnectionMetrics, totalCount = 8, detail = {long_connection=6, long_polling=2}

2025-01-10 09:26:49,408 INFO Connection check task start

2025-01-10 09:26:49,408 INFO Long connection metrics detail ,Total count =6, sdkCount=6,clusterCount=0

2025-01-10 09:26:49,408 INFO Connection check task end

2025-01-10 09:26:49,440 INFO Tps reporting...
NAMING_RPC_PUSH_SUCCESS|point|SECONDS|2025-01-10 09:26:48|1|0|
HealthCheck|point|SECONDS|2025-01-10 09:26:48|1|0|
NAMING_RPC_PUSH|point|SECONDS|2025-01-10 09:26:48|1|0|


2025-01-10 09:26:50,351 INFO Tps reporting...
HealthCheck|point|SECONDS|2025-01-10 09:26:49|3|0|


2025-01-10 09:26:50,888 INFO new connection registered successfully, connectionId = 1736472410884_127.0.0.1_54636,connection=Connection{traced=false, abilities=null, metaInfo=ConnectionMeta{connectType='GRPC', clientIp='192.168.154.1', remoteIp='127.0.0.1', remotePort=54636, localPort=9848, version='Nacos-Java-Client:v2.2.1', connectionId='1736472410884_127.0.0.1_54636', createTime=Fri Jan 10 09:26:50 CST 2025, lastActiveTime=1736472410888, appName='-', tenant='null', labels={module=naming, source=sdk}}} 

2025-01-10 09:26:51,641 INFO ConnectionMetrics, totalCount = 8, detail = {long_connection=7, long_polling=1}

2025-01-10 09:26:52,166 INFO Tps reporting...
NAMING_RPC_PUSH_SUCCESS|point|SECONDS|2025-01-10 09:26:51|1|0|
HealthCheck|point|SECONDS|2025-01-10 09:26:51|1|0|
NAMING_RPC_PUSH|point|SECONDS|2025-01-10 09:26:51|1|0|


2025-01-10 09:26:52,420 INFO Connection check task start

2025-01-10 09:26:52,420 INFO Long connection metrics detail ,Total count =7, sdkCount=7,clusterCount=0

2025-01-10 09:26:52,420 INFO Connection check task end

2025-01-10 09:26:54,650 INFO ConnectionMetrics, totalCount = 8, detail = {long_connection=7, long_polling=1}

2025-01-10 09:26:54,890 INFO Tps reporting...
HealthCheck|point|SECONDS|2025-01-10 09:26:53|1|0|


2025-01-10 09:26:55,428 INFO Connection check task start

2025-01-10 09:26:55,428 INFO Long connection metrics detail ,Total count =7, sdkCount=7,clusterCount=0

2025-01-10 09:26:55,428 INFO Connection check task end

2025-01-10 09:26:55,793 INFO Tps reporting...
HealthCheck|point|SECONDS|2025-01-10 09:26:54|2|0|


2025-01-10 09:26:57,619 INFO Tps reporting...
NAMING_RPC_PUSH_SUCCESS|point|SECONDS|2025-01-10 09:26:56|1|0|
HealthCheck|point|SECONDS|2025-01-10 09:26:56|1|0|
NAMING_RPC_PUSH|point|SECONDS|2025-01-10 09:26:56|1|0|


2025-01-10 09:26:57,654 INFO ConnectionMetrics, totalCount = 8, detail = {long_connection=7, long_polling=1}

2025-01-10 09:26:58,431 INFO Connection check task start

2025-01-10 09:26:58,431 INFO Long connection metrics detail ,Total count =7, sdkCount=7,clusterCount=0

2025-01-10 09:26:58,431 INFO Connection check task end

2025-01-10 09:26:58,525 INFO Tps reporting...
HealthCheck|point|SECONDS|2025-01-10 09:26:57|1|0|


2025-01-10 09:26:59,436 INFO Tps reporting...
HealthCheck|point|SECONDS|2025-01-10 09:26:58|1|0|


2025-01-10 09:27:00,344 INFO Tps reporting...
HealthCheck|point|SECONDS|2025-01-10 09:26:59|3|0|


2025-01-10 09:27:00,658 INFO ConnectionMetrics, totalCount = 8, detail = {long_connection=7, long_polling=1}

2025-01-10 09:27:01,440 INFO Connection check task start

2025-01-10 09:27:01,440 INFO Long connection metrics detail ,Total count =7, sdkCount=7,clusterCount=0

2025-01-10 09:27:01,440 INFO Connection check task end

2025-01-10 09:27:02,160 INFO Tps reporting...
HealthCheck|point|SECONDS|2025-01-10 09:27:01|1|0|


2025-01-10 09:27:03,070 INFO Tps reporting...
HealthCheck|point|SECONDS|2025-01-10 09:27:02|1|0|


2025-01-10 09:27:03,662 INFO ConnectionMetrics, totalCount = 8, detail = {long_connection=7, long_polling=1}

2025-01-10 09:27:04,440 INFO Connection check task start

2025-01-10 09:27:04,440 INFO Long connection metrics detail ,Total count =7, sdkCount=7,clusterCount=0

2025-01-10 09:27:04,440 INFO Connection check task end

2025-01-10 09:27:04,885 INFO Tps reporting...
HealthCheck|point|SECONDS|2025-01-10 09:27:03|1|0|


2025-01-10 09:27:05,792 INFO Tps reporting...
HealthCheck|point|SECONDS|2025-01-10 09:27:04|3|0|


2025-01-10 09:27:06,668 INFO ConnectionMetrics, totalCount = 8, detail = {long_connection=7, long_polling=1}

2025-01-10 09:27:06,701 INFO Tps reporting...
HealthCheck|point|SECONDS|2025-01-10 09:27:05|1|0|


2025-01-10 09:27:07,448 INFO Connection check task start

2025-01-10 09:27:07,448 INFO Long connection metrics detail ,Total count =7, sdkCount=7,clusterCount=0

2025-01-10 09:27:07,448 INFO Connection check task end

2025-01-10 09:27:07,610 INFO Tps reporting...
HealthCheck|point|SECONDS|2025-01-10 09:27:06|1|0|


2025-01-10 09:27:08,515 INFO Tps reporting...
HealthCheck|point|SECONDS|2025-01-10 09:27:07|1|0|


2025-01-10 09:27:09,418 INFO Tps reporting...
HealthCheck|point|SECONDS|2025-01-10 09:27:08|1|0|


2025-01-10 09:27:09,673 INFO ConnectionMetrics, totalCount = 8, detail = {long_connection=7, long_polling=1}

2025-01-10 09:27:10,320 INFO Tps reporting...
HealthCheck|point|SECONDS|2025-01-10 09:27:09|3|0|


2025-01-10 09:27:10,450 INFO Connection check task start

2025-01-10 09:27:10,450 INFO Long connection metrics detail ,Total count =7, sdkCount=7,clusterCount=0

2025-01-10 09:27:10,450 INFO Connection check task end

2025-01-10 09:27:12,135 INFO Tps reporting...
HealthCheck|point|SECONDS|2025-01-10 09:27:11|1|0|


2025-01-10 09:27:12,684 INFO ConnectionMetrics, totalCount = 8, detail = {long_connection=7, long_polling=1}

2025-01-10 09:27:13,462 INFO Connection check task start

2025-01-10 09:27:13,462 INFO Long connection metrics detail ,Total count =7, sdkCount=7,clusterCount=0

2025-01-10 09:27:13,462 INFO Connection check task end

2025-01-10 09:27:14,859 INFO Tps reporting...
HealthCheck|point|SECONDS|2025-01-10 09:27:13|1|0|


2025-01-10 09:27:15,688 INFO ConnectionMetrics, totalCount = 8, detail = {long_connection=7, long_polling=1}

2025-01-10 09:27:15,768 INFO Tps reporting...
HealthCheck|point|SECONDS|2025-01-10 09:27:14|3|0|


2025-01-10 09:27:16,470 INFO Connection check task start

2025-01-10 09:27:16,470 INFO Long connection metrics detail ,Total count =7, sdkCount=7,clusterCount=0

2025-01-10 09:27:16,470 INFO Connection check task end

2025-01-10 09:27:17,583 INFO Tps reporting...
HealthCheck|point|SECONDS|2025-01-10 09:27:16|1|0|


2025-01-10 09:27:18,700 INFO ConnectionMetrics, totalCount = 8, detail = {long_connection=7, long_polling=1}

2025-01-10 09:27:19,400 INFO Tps reporting...
HealthCheck|point|SECONDS|2025-01-10 09:27:18|1|0|


2025-01-10 09:27:19,480 INFO Connection check task start

2025-01-10 09:27:19,481 INFO Long connection metrics detail ,Total count =7, sdkCount=7,clusterCount=0

2025-01-10 09:27:19,481 INFO Connection check task end

2025-01-10 09:27:20,308 INFO Tps reporting...
HealthCheck|point|SECONDS|2025-01-10 09:27:19|3|0|


2025-01-10 09:27:21,217 INFO Tps reporting...
HealthCheck|point|SECONDS|2025-01-10 09:27:20|2|0|


2025-01-10 09:27:21,712 INFO ConnectionMetrics, totalCount = 8, detail = {long_connection=7, long_polling=1}

2025-01-10 09:27:22,125 INFO Tps reporting...
HealthCheck|point|SECONDS|2025-01-10 09:27:21|1|0|


2025-01-10 09:27:22,491 INFO Connection check task start

2025-01-10 09:27:22,491 INFO Long connection metrics detail ,Total count =7, sdkCount=7,clusterCount=0

2025-01-10 09:27:22,491 INFO Connection check task end

2025-01-10 09:27:24,723 INFO ConnectionMetrics, totalCount = 8, detail = {long_connection=7, long_polling=1}

2025-01-10 09:27:24,850 INFO Tps reporting...
HealthCheck|point|SECONDS|2025-01-10 09:27:23|1|0|


2025-01-10 09:27:25,503 INFO Connection check task start

2025-01-10 09:27:25,503 INFO Long connection metrics detail ,Total count =7, sdkCount=7,clusterCount=0

2025-01-10 09:27:25,503 INFO Connection check task end

2025-01-10 09:27:25,758 INFO Tps reporting...
HealthCheck|point|SECONDS|2025-01-10 09:27:24|3|0|


2025-01-10 09:27:26,665 INFO Tps reporting...
HealthCheck|point|SECONDS|2025-01-10 09:27:25|2|0|


2025-01-10 09:27:27,599 INFO Tps reporting...
HealthCheck|point|SECONDS|2025-01-10 09:27:26|1|0|


2025-01-10 09:27:27,734 INFO ConnectionMetrics, totalCount = 8, detail = {long_connection=7, long_polling=1}

2025-01-10 09:27:28,511 INFO Connection check task start

2025-01-10 09:27:28,511 INFO Long connection metrics detail ,Total count =7, sdkCount=7,clusterCount=0

2025-01-10 09:27:28,511 INFO Connection check task end

2025-01-10 09:27:29,416 INFO Tps reporting...
HealthCheck|point|SECONDS|2025-01-10 09:27:28|1|0|


2025-01-10 09:27:30,319 INFO Tps reporting...
HealthCheck|point|SECONDS|2025-01-10 09:27:29|3|0|


2025-01-10 09:27:30,749 INFO ConnectionMetrics, totalCount = 8, detail = {long_connection=7, long_polling=1}

2025-01-10 09:27:31,226 INFO Tps reporting...
HealthCheck|point|SECONDS|2025-01-10 09:27:30|2|0|


2025-01-10 09:27:31,513 INFO Connection check task start

2025-01-10 09:27:31,513 INFO Long connection metrics detail ,Total count =7, sdkCount=7,clusterCount=0

2025-01-10 09:27:31,513 INFO Connection check task end

2025-01-10 09:27:32,137 INFO Tps reporting...
HealthCheck|point|SECONDS|2025-01-10 09:27:31|1|0|


2025-01-10 09:27:33,757 INFO ConnectionMetrics, totalCount = 8, detail = {long_connection=7, long_polling=1}

2025-01-10 09:27:34,521 INFO Connection check task start

2025-01-10 09:27:34,521 INFO Long connection metrics detail ,Total count =7, sdkCount=7,clusterCount=0

2025-01-10 09:27:34,521 INFO Connection check task end

2025-01-10 09:27:34,857 INFO Tps reporting...
HealthCheck|point|SECONDS|2025-01-10 09:27:33|1|0|


2025-01-10 09:27:35,766 INFO Tps reporting...
HealthCheck|point|SECONDS|2025-01-10 09:27:34|3|0|


2025-01-10 09:27:36,676 INFO Tps reporting...
HealthCheck|point|SECONDS|2025-01-10 09:27:35|2|0|


2025-01-10 09:27:36,772 INFO ConnectionMetrics, totalCount = 8, detail = {long_connection=7, long_polling=1}

2025-01-10 09:27:37,522 INFO Connection check task start

2025-01-10 09:27:37,522 INFO Long connection metrics detail ,Total count =7, sdkCount=7,clusterCount=0

2025-01-10 09:27:37,522 INFO Connection check task end

2025-01-10 09:27:37,584 INFO Tps reporting...
HealthCheck|point|SECONDS|2025-01-10 09:27:36|1|0|


2025-01-10 09:27:39,396 INFO Tps reporting...
HealthCheck|point|SECONDS|2025-01-10 09:27:38|1|0|


2025-01-10 09:27:39,778 INFO ConnectionMetrics, totalCount = 8, detail = {long_connection=7, long_polling=1}

2025-01-10 09:27:40,302 INFO Tps reporting...
HealthCheck|point|SECONDS|2025-01-10 09:27:39|3|0|


2025-01-10 09:27:40,525 INFO Connection check task start

2025-01-10 09:27:40,525 INFO Long connection metrics detail ,Total count =7, sdkCount=7,clusterCount=0

2025-01-10 09:27:40,525 INFO Connection check task end

2025-01-10 09:27:41,207 INFO Tps reporting...
HealthCheck|point|SECONDS|2025-01-10 09:27:40|2|0|


2025-01-10 09:27:42,117 INFO Tps reporting...
HealthCheck|point|SECONDS|2025-01-10 09:27:41|1|0|


2025-01-10 09:27:42,787 INFO ConnectionMetrics, totalCount = 8, detail = {long_connection=7, long_polling=1}

2025-01-10 09:27:43,533 INFO Connection check task start

2025-01-10 09:27:43,533 INFO Long connection metrics detail ,Total count =7, sdkCount=7,clusterCount=0

2025-01-10 09:27:43,533 INFO Connection check task end

2025-01-10 09:27:44,831 INFO Tps reporting...
HealthCheck|point|SECONDS|2025-01-10 09:27:43|1|0|


2025-01-10 09:27:45,740 INFO Tps reporting...
HealthCheck|point|SECONDS|2025-01-10 09:27:44|3|0|


2025-01-10 09:27:45,788 INFO ConnectionMetrics, totalCount = 8, detail = {long_connection=7, long_polling=1}

2025-01-10 09:27:46,537 INFO Connection check task start

2025-01-10 09:27:46,537 INFO Long connection metrics detail ,Total count =7, sdkCount=7,clusterCount=0

2025-01-10 09:27:46,537 INFO Connection check task end

2025-01-10 09:27:46,649 INFO Tps reporting...
HealthCheck|point|SECONDS|2025-01-10 09:27:45|2|0|


2025-01-10 09:27:46,720 INFO [1736472410884_127.0.0.1_54636]Connection unregistered successfully. 

2025-01-10 09:27:47,357 INFO [1736472407791_127.0.0.1_54619]Connection unregistered successfully. 

2025-01-10 09:27:47,559 INFO Tps reporting...
HealthCheck|point|SECONDS|2025-01-10 09:27:46|1|0|


2025-01-10 09:27:48,467 INFO Tps reporting...
NAMING_RPC_PUSH_SUCCESS|point|SECONDS|2025-01-10 09:27:47|1|0|
NAMING_RPC_PUSH|point|SECONDS|2025-01-10 09:27:47|1|0|


2025-01-10 09:27:48,800 INFO ConnectionMetrics, totalCount = 6, detail = {long_connection=5, long_polling=1}

2025-01-10 09:27:49,373 INFO Tps reporting...
HealthCheck|point|SECONDS|2025-01-10 09:27:48|1|0|


2025-01-10 09:27:49,549 INFO Connection check task start

2025-01-10 09:27:49,549 INFO Long connection metrics detail ,Total count =5, sdkCount=5,clusterCount=0

2025-01-10 09:27:49,549 INFO Connection check task end

2025-01-10 09:27:50,274 INFO Tps reporting...
HealthCheck|point|SECONDS|2025-01-10 09:27:49|2|0|


2025-01-10 09:27:51,806 INFO ConnectionMetrics, totalCount = 6, detail = {long_connection=5, long_polling=1}

2025-01-10 09:27:52,075 INFO Tps reporting...
HealthCheck|point|SECONDS|2025-01-10 09:27:51|1|0|


2025-01-10 09:27:52,552 INFO Connection check task start

2025-01-10 09:27:52,552 INFO Long connection metrics detail ,Total count =5, sdkCount=5,clusterCount=0

2025-01-10 09:27:52,552 INFO Connection check task end

2025-01-10 09:27:54,396 INFO new connection registered successfully, connectionId = 1736472474324_127.0.0.1_54754,connection=Connection{traced=false, abilities=null, metaInfo=ConnectionMeta{connectType='GRPC', clientIp='192.168.154.1', remoteIp='127.0.0.1', remotePort=54754, localPort=9848, version='Nacos-Java-Client:v2.2.1', connectionId='1736472474324_127.0.0.1_54754', createTime=Fri Jan 10 09:27:54 CST 2025, lastActiveTime=1736472474396, appName='-', tenant='null', labels={module=naming, source=sdk}}} 

2025-01-10 09:27:54,794 INFO Tps reporting...
HealthCheck|point|SECONDS|2025-01-10 09:27:53|1|0|


2025-01-10 09:27:54,809 INFO ConnectionMetrics, totalCount = 7, detail = {long_connection=6, long_polling=1}

2025-01-10 09:27:55,559 INFO Connection check task start

2025-01-10 09:27:55,559 INFO Long connection metrics detail ,Total count =6, sdkCount=6,clusterCount=0

2025-01-10 09:27:55,559 INFO Connection check task end

2025-01-10 09:27:55,702 INFO Tps reporting...
HealthCheck|point|SECONDS|2025-01-10 09:27:54|3|0|


2025-01-10 09:27:56,612 INFO Tps reporting...
NAMING_RPC_PUSH_SUCCESS|point|SECONDS|2025-01-10 09:27:55|1|0|
NAMING_RPC_PUSH|point|SECONDS|2025-01-10 09:27:55|1|0|


2025-01-10 09:27:57,516 INFO Tps reporting...
HealthCheck|point|SECONDS|2025-01-10 09:27:56|1|0|


2025-01-10 09:27:57,553 INFO new connection registered successfully, connectionId = 1736472477549_127.0.0.1_54775,connection=Connection{traced=false, abilities=null, metaInfo=ConnectionMeta{connectType='GRPC', clientIp='192.168.154.1', remoteIp='127.0.0.1', remotePort=54775, localPort=9848, version='Nacos-Java-Client:v2.2.1', connectionId='1736472477549_127.0.0.1_54775', createTime=Fri Jan 10 09:27:57 CST 2025, lastActiveTime=1736472477553, appName='-', tenant='null', labels={module=naming, source=sdk}}} 

2025-01-10 09:27:57,816 INFO ConnectionMetrics, totalCount = 8, detail = {long_connection=7, long_polling=1}

2025-01-10 09:27:58,567 INFO Connection check task start

2025-01-10 09:27:58,567 INFO Long connection metrics detail ,Total count =7, sdkCount=7,clusterCount=0

2025-01-10 09:27:58,567 INFO Connection check task end

2025-01-10 09:27:59,333 INFO Tps reporting...
NAMING_RPC_PUSH_SUCCESS|point|SECONDS|2025-01-10 09:27:58|1|0|
HealthCheck|point|SECONDS|2025-01-10 09:27:58|1|0|
NAMING_RPC_PUSH|point|SECONDS|2025-01-10 09:27:58|1|0|


2025-01-10 09:28:00,238 INFO Tps reporting...
HealthCheck|point|SECONDS|2025-01-10 09:27:59|2|0|


2025-01-10 09:28:00,821 INFO ConnectionMetrics, totalCount = 8, detail = {long_connection=7, long_polling=1}

2025-01-10 09:28:01,140 INFO Tps reporting...
NAMING_RPC_PUSH_SUCCESS|point|SECONDS|2025-01-10 09:28:00|1|0|
NAMING_RPC_PUSH|point|SECONDS|2025-01-10 09:28:00|1|0|


2025-01-10 09:28:01,570 INFO Connection check task start

2025-01-10 09:28:01,570 INFO Long connection metrics detail ,Total count =7, sdkCount=7,clusterCount=0

2025-01-10 09:28:01,570 INFO Connection check task end

2025-01-10 09:28:02,043 INFO Tps reporting...
HealthCheck|point|SECONDS|2025-01-10 09:28:01|1|0|


2025-01-10 09:28:03,825 INFO ConnectionMetrics, totalCount = 8, detail = {long_connection=7, long_polling=1}

2025-01-10 09:28:03,872 INFO Tps reporting...
NAMING_RPC_PUSH_SUCCESS|point|SECONDS|2025-01-10 09:28:02|1|0|
NAMING_RPC_PUSH|point|SECONDS|2025-01-10 09:28:02|1|0|


2025-01-10 09:28:04,574 INFO Connection check task start

2025-01-10 09:28:04,574 INFO Long connection metrics detail ,Total count =7, sdkCount=7,clusterCount=0

2025-01-10 09:28:04,574 INFO Connection check task end

2025-01-10 09:28:04,778 INFO Tps reporting...
HealthCheck|point|SECONDS|2025-01-10 09:28:03|2|0|


2025-01-10 09:28:05,683 INFO Tps reporting...
HealthCheck|point|SECONDS|2025-01-10 09:28:04|3|0|


2025-01-10 09:28:06,827 INFO ConnectionMetrics, totalCount = 8, detail = {long_connection=7, long_polling=1}

2025-01-10 09:28:07,496 INFO Tps reporting...
HealthCheck|point|SECONDS|2025-01-10 09:28:06|1|0|


2025-01-10 09:28:07,575 INFO Connection check task start

2025-01-10 09:28:07,575 INFO Long connection metrics detail ,Total count =7, sdkCount=7,clusterCount=0

2025-01-10 09:28:07,575 INFO Connection check task end

2025-01-10 09:28:09,308 INFO Tps reporting...
HealthCheck|point|SECONDS|2025-01-10 09:28:08|2|0|


2025-01-10 09:28:09,837 INFO ConnectionMetrics, totalCount = 8, detail = {long_connection=7, long_polling=1}

2025-01-10 09:28:10,209 INFO Tps reporting...
HealthCheck|point|SECONDS|2025-01-10 09:28:09|3|0|


2025-01-10 09:28:10,579 INFO Connection check task start

2025-01-10 09:28:10,579 INFO Long connection metrics detail ,Total count =7, sdkCount=7,clusterCount=0

2025-01-10 09:28:10,579 INFO Connection check task end

2025-01-10 09:28:12,038 INFO Tps reporting...
HealthCheck|point|SECONDS|2025-01-10 09:28:11|1|0|


2025-01-10 09:28:12,840 INFO ConnectionMetrics, totalCount = 8, detail = {long_connection=7, long_polling=1}

2025-01-10 09:28:13,590 INFO Connection check task start

2025-01-10 09:28:13,590 INFO Long connection metrics detail ,Total count =7, sdkCount=7,clusterCount=0

2025-01-10 09:28:13,590 INFO Connection check task end

2025-01-10 09:28:13,841 INFO Tps reporting...
HealthCheck|point|SECONDS|2025-01-10 09:28:12|1|0|


2025-01-10 09:28:14,756 INFO Tps reporting...
HealthCheck|point|SECONDS|2025-01-10 09:28:13|2|0|


2025-01-10 09:28:15,673 INFO Tps reporting...
HealthCheck|point|SECONDS|2025-01-10 09:28:14|3|0|


2025-01-10 09:28:15,855 INFO ConnectionMetrics, totalCount = 8, detail = {long_connection=7, long_polling=1}

2025-01-10 09:28:16,591 INFO Connection check task start

2025-01-10 09:28:16,591 INFO Long connection metrics detail ,Total count =7, sdkCount=7,clusterCount=0

2025-01-10 09:28:16,591 INFO Connection check task end

2025-01-10 09:28:17,504 INFO Tps reporting...
HealthCheck|point|SECONDS|2025-01-10 09:28:16|1|0|


2025-01-10 09:28:18,405 INFO Tps reporting...
HealthCheck|point|SECONDS|2025-01-10 09:28:17|1|0|


2025-01-10 09:28:18,859 INFO ConnectionMetrics, totalCount = 8, detail = {long_connection=7, long_polling=1}

2025-01-10 09:28:19,306 INFO Tps reporting...
HealthCheck|point|SECONDS|2025-01-10 09:28:18|2|0|


2025-01-10 09:28:19,605 INFO Connection check task start

2025-01-10 09:28:19,605 INFO Long connection metrics detail ,Total count =7, sdkCount=7,clusterCount=0

2025-01-10 09:28:19,605 INFO Connection check task end

2025-01-10 09:28:20,206 INFO Tps reporting...
HealthCheck|point|SECONDS|2025-01-10 09:28:19|3|0|


2025-01-10 09:28:21,873 INFO ConnectionMetrics, totalCount = 8, detail = {long_connection=7, long_polling=1}

2025-01-10 09:28:22,022 INFO Tps reporting...
HealthCheck|point|SECONDS|2025-01-10 09:28:21|1|0|


2025-01-10 09:28:22,606 INFO Connection check task start

2025-01-10 09:28:22,606 INFO Long connection metrics detail ,Total count =7, sdkCount=7,clusterCount=0

2025-01-10 09:28:22,606 INFO Connection check task end

2025-01-10 09:28:23,824 INFO Tps reporting...
HealthCheck|point|SECONDS|2025-01-10 09:28:22|1|0|


2025-01-10 09:28:24,737 INFO Tps reporting...
HealthCheck|point|SECONDS|2025-01-10 09:28:23|2|0|


2025-01-10 09:28:24,888 INFO ConnectionMetrics, totalCount = 8, detail = {long_connection=7, long_polling=1}

2025-01-10 09:28:25,613 INFO Connection check task start

2025-01-10 09:28:25,613 INFO Long connection metrics detail ,Total count =7, sdkCount=7,clusterCount=0

2025-01-10 09:28:25,613 INFO Connection check task end

2025-01-10 09:28:25,639 INFO Tps reporting...
HealthCheck|point|SECONDS|2025-01-10 09:28:24|3|0|


2025-01-10 09:28:27,460 INFO Tps reporting...
HealthCheck|point|SECONDS|2025-01-10 09:28:26|1|0|


2025-01-10 09:28:27,890 INFO ConnectionMetrics, totalCount = 8, detail = {long_connection=7, long_polling=1}

2025-01-10 09:28:28,361 INFO Tps reporting...
HealthCheck|point|SECONDS|2025-01-10 09:28:27|1|0|


2025-01-10 09:28:28,617 INFO Connection check task start

2025-01-10 09:28:28,617 INFO Long connection metrics detail ,Total count =7, sdkCount=7,clusterCount=0

2025-01-10 09:28:28,617 INFO Connection check task end

2025-01-10 09:28:29,270 INFO Tps reporting...
HealthCheck|point|SECONDS|2025-01-10 09:28:28|2|0|


2025-01-10 09:28:30,186 INFO Tps reporting...
HealthCheck|point|SECONDS|2025-01-10 09:28:29|3|0|


2025-01-10 09:28:30,897 INFO ConnectionMetrics, totalCount = 8, detail = {long_connection=7, long_polling=1}

2025-01-10 09:28:31,620 INFO Connection check task start

2025-01-10 09:28:31,620 INFO Long connection metrics detail ,Total count =7, sdkCount=7,clusterCount=0

2025-01-10 09:28:31,620 INFO Connection check task end

2025-01-10 09:28:32,009 INFO Tps reporting...
HealthCheck|point|SECONDS|2025-01-10 09:28:31|1|0|


2025-01-10 09:28:33,824 INFO Tps reporting...
HealthCheck|point|SECONDS|2025-01-10 09:28:32|1|0|


2025-01-10 09:28:33,902 INFO ConnectionMetrics, totalCount = 8, detail = {long_connection=7, long_polling=1}

2025-01-10 09:28:34,633 INFO Connection check task start

2025-01-10 09:28:34,633 INFO Long connection metrics detail ,Total count =7, sdkCount=7,clusterCount=0

2025-01-10 09:28:34,633 INFO Connection check task end

2025-01-10 09:28:34,727 INFO Tps reporting...
HealthCheck|point|SECONDS|2025-01-10 09:28:33|2|0|


2025-01-10 09:28:35,640 INFO Tps reporting...
HealthCheck|point|SECONDS|2025-01-10 09:28:34|3|0|


2025-01-10 09:28:36,908 INFO ConnectionMetrics, totalCount = 8, detail = {long_connection=7, long_polling=1}

2025-01-10 09:28:37,459 INFO Tps reporting...
HealthCheck|point|SECONDS|2025-01-10 09:28:36|1|0|


2025-01-10 09:28:37,637 INFO Connection check task start

2025-01-10 09:28:37,637 INFO Long connection metrics detail ,Total count =7, sdkCount=7,clusterCount=0

2025-01-10 09:28:37,637 INFO Connection check task end

2025-01-10 09:28:38,361 INFO Tps reporting...
HealthCheck|point|SECONDS|2025-01-10 09:28:37|1|0|


2025-01-10 09:28:39,270 INFO Tps reporting...
HealthCheck|point|SECONDS|2025-01-10 09:28:38|2|0|


2025-01-10 09:28:39,912 INFO ConnectionMetrics, totalCount = 8, detail = {long_connection=7, long_polling=1}

2025-01-10 09:28:40,179 INFO Tps reporting...
HealthCheck|point|SECONDS|2025-01-10 09:28:39|3|0|


2025-01-10 09:28:40,651 INFO Connection check task start

2025-01-10 09:28:40,651 INFO Long connection metrics detail ,Total count =7, sdkCount=7,clusterCount=0

2025-01-10 09:28:40,651 INFO Connection check task end

2025-01-10 09:28:42,907 INFO Tps reporting...
HealthCheck|point|SECONDS|2025-01-10 09:28:41|1|0|


2025-01-10 09:28:42,923 INFO ConnectionMetrics, totalCount = 8, detail = {long_connection=7, long_polling=1}

2025-01-10 09:28:43,662 INFO Connection check task start

2025-01-10 09:28:43,662 INFO Long connection metrics detail ,Total count =7, sdkCount=7,clusterCount=0

2025-01-10 09:28:43,662 INFO Connection check task end

2025-01-10 09:28:43,820 INFO Tps reporting...
HealthCheck|point|SECONDS|2025-01-10 09:28:42|1|0|


2025-01-10 09:28:44,729 INFO Tps reporting...
HealthCheck|point|SECONDS|2025-01-10 09:28:43|2|0|


2025-01-10 09:28:45,635 INFO Tps reporting...
HealthCheck|point|SECONDS|2025-01-10 09:28:44|3|0|


2025-01-10 09:28:45,933 INFO ConnectionMetrics, totalCount = 8, detail = {long_connection=7, long_polling=1}

2025-01-10 09:28:46,674 INFO Connection check task start

2025-01-10 09:28:46,674 INFO Long connection metrics detail ,Total count =7, sdkCount=7,clusterCount=0

2025-01-10 09:28:46,674 INFO Connection check task end

2025-01-10 09:28:47,461 INFO Tps reporting...
HealthCheck|point|SECONDS|2025-01-10 09:28:46|1|0|


2025-01-10 09:28:48,374 INFO Tps reporting...
HealthCheck|point|SECONDS|2025-01-10 09:28:47|1|0|


2025-01-10 09:28:48,941 INFO ConnectionMetrics, totalCount = 8, detail = {long_connection=7, long_polling=1}

2025-01-10 09:28:49,288 INFO Tps reporting...
HealthCheck|point|SECONDS|2025-01-10 09:28:48|2|0|


2025-01-10 09:28:49,682 INFO Connection check task start

2025-01-10 09:28:49,682 INFO Long connection metrics detail ,Total count =7, sdkCount=7,clusterCount=0

2025-01-10 09:28:49,682 INFO Connection check task end

2025-01-10 09:28:50,204 INFO Tps reporting...
HealthCheck|point|SECONDS|2025-01-10 09:28:49|3|0|


2025-01-10 09:28:51,953 INFO ConnectionMetrics, totalCount = 8, detail = {long_connection=7, long_polling=1}

2025-01-10 09:28:52,032 INFO Tps reporting...
HealthCheck|point|SECONDS|2025-01-10 09:28:51|1|0|


2025-01-10 09:28:52,693 INFO Connection check task start

2025-01-10 09:28:52,693 INFO Long connection metrics detail ,Total count =7, sdkCount=7,clusterCount=0

2025-01-10 09:28:52,693 INFO Connection check task end

2025-01-10 09:28:53,860 INFO Tps reporting...
HealthCheck|point|SECONDS|2025-01-10 09:28:52|1|0|


2025-01-10 09:28:54,772 INFO Tps reporting...
HealthCheck|point|SECONDS|2025-01-10 09:28:53|2|0|


2025-01-10 09:28:54,961 INFO ConnectionMetrics, totalCount = 8, detail = {long_connection=7, long_polling=1}

2025-01-10 09:28:55,684 INFO Tps reporting...
HealthCheck|point|SECONDS|2025-01-10 09:28:54|3|0|


2025-01-10 09:28:55,700 INFO Connection check task start

2025-01-10 09:28:55,700 INFO Long connection metrics detail ,Total count =7, sdkCount=7,clusterCount=0

2025-01-10 09:28:55,700 INFO Connection check task end

2025-01-10 09:28:57,507 INFO Tps reporting...
HealthCheck|point|SECONDS|2025-01-10 09:28:56|1|0|


2025-01-10 09:28:57,965 INFO ConnectionMetrics, totalCount = 8, detail = {long_connection=7, long_polling=1}

2025-01-10 09:28:58,422 INFO Tps reporting...
HealthCheck|point|SECONDS|2025-01-10 09:28:57|1|0|


2025-01-10 09:28:58,705 INFO Connection check task start

2025-01-10 09:28:58,705 INFO Long connection metrics detail ,Total count =7, sdkCount=7,clusterCount=0

2025-01-10 09:28:58,705 INFO Connection check task end

2025-01-10 09:28:59,336 INFO Tps reporting...
HealthCheck|point|SECONDS|2025-01-10 09:28:58|2|0|


2025-01-10 09:29:00,250 INFO Tps reporting...
HealthCheck|point|SECONDS|2025-01-10 09:28:59|3|0|


2025-01-10 09:29:00,975 INFO ConnectionMetrics, totalCount = 8, detail = {long_connection=7, long_polling=1}

2025-01-10 09:29:01,714 INFO Connection check task start

2025-01-10 09:29:01,714 INFO Long connection metrics detail ,Total count =7, sdkCount=7,clusterCount=0

2025-01-10 09:29:01,714 INFO Connection check task end

2025-01-10 09:29:02,077 INFO Tps reporting...
HealthCheck|point|SECONDS|2025-01-10 09:29:01|1|0|


2025-01-10 09:29:03,905 INFO Tps reporting...
HealthCheck|point|SECONDS|2025-01-10 09:29:02|1|0|


2025-01-10 09:29:03,983 INFO ConnectionMetrics, totalCount = 8, detail = {long_connection=7, long_polling=1}

2025-01-10 09:29:04,726 INFO Connection check task start

2025-01-10 09:29:04,726 INFO Long connection metrics detail ,Total count =7, sdkCount=7,clusterCount=0

2025-01-10 09:29:04,726 INFO Connection check task end

2025-01-10 09:29:04,805 INFO Tps reporting...
HealthCheck|point|SECONDS|2025-01-10 09:29:03|2|0|


2025-01-10 09:29:05,714 INFO Tps reporting...
HealthCheck|point|SECONDS|2025-01-10 09:29:04|3|0|


2025-01-10 09:29:06,990 INFO ConnectionMetrics, totalCount = 8, detail = {long_connection=7, long_polling=1}

2025-01-10 09:29:07,730 INFO Connection check task start

2025-01-10 09:29:07,730 INFO Long connection metrics detail ,Total count =7, sdkCount=7,clusterCount=0

2025-01-10 09:29:07,730 INFO Connection check task end

2025-01-10 09:29:08,455 INFO Tps reporting...
HealthCheck|point|SECONDS|2025-01-10 09:29:07|2|0|


2025-01-10 09:29:09,359 INFO Tps reporting...
HealthCheck|point|SECONDS|2025-01-10 09:29:08|2|0|


2025-01-10 09:29:10,005 INFO ConnectionMetrics, totalCount = 8, detail = {long_connection=7, long_polling=1}

2025-01-10 09:29:10,267 INFO Tps reporting...
HealthCheck|point|SECONDS|2025-01-10 09:29:09|3|0|


2025-01-10 09:29:10,739 INFO Connection check task start

2025-01-10 09:29:10,739 INFO Long connection metrics detail ,Total count =7, sdkCount=7,clusterCount=0

2025-01-10 09:29:10,739 INFO Connection check task end

2025-01-10 09:29:13,008 INFO ConnectionMetrics, totalCount = 8, detail = {long_connection=7, long_polling=1}

2025-01-10 09:29:13,747 INFO Connection check task start

2025-01-10 09:29:13,747 INFO Long connection metrics detail ,Total count =7, sdkCount=7,clusterCount=0

2025-01-10 09:29:13,747 INFO Connection check task end

2025-01-10 09:29:13,906 INFO Tps reporting...
HealthCheck|point|SECONDS|2025-01-10 09:29:12|2|0|


2025-01-10 09:29:14,820 INFO Tps reporting...
HealthCheck|point|SECONDS|2025-01-10 09:29:13|2|0|


2025-01-10 09:29:15,735 INFO Tps reporting...
HealthCheck|point|SECONDS|2025-01-10 09:29:14|3|0|


2025-01-10 09:29:16,018 INFO ConnectionMetrics, totalCount = 8, detail = {long_connection=7, long_polling=1}

2025-01-10 09:29:16,758 INFO Connection check task start

2025-01-10 09:29:16,758 INFO Long connection metrics detail ,Total count =7, sdkCount=7,clusterCount=0

2025-01-10 09:29:16,758 INFO Connection check task end

2025-01-10 09:29:18,476 INFO Tps reporting...
HealthCheck|point|SECONDS|2025-01-10 09:29:17|2|0|


2025-01-10 09:29:19,027 INFO ConnectionMetrics, totalCount = 8, detail = {long_connection=7, long_polling=1}

2025-01-10 09:29:19,389 INFO Tps reporting...
HealthCheck|point|SECONDS|2025-01-10 09:29:18|2|0|


2025-01-10 09:29:19,762 INFO Connection check task start

2025-01-10 09:29:19,762 INFO Long connection metrics detail ,Total count =7, sdkCount=7,clusterCount=0

2025-01-10 09:29:19,762 INFO Connection check task end

2025-01-10 09:29:20,290 INFO Tps reporting...
HealthCheck|point|SECONDS|2025-01-10 09:29:19|3|0|


2025-01-10 09:29:22,041 INFO ConnectionMetrics, totalCount = 8, detail = {long_connection=7, long_polling=1}

2025-01-10 09:29:22,776 INFO Connection check task start

2025-01-10 09:29:22,776 INFO Long connection metrics detail ,Total count =7, sdkCount=7,clusterCount=0

2025-01-10 09:29:22,776 INFO Connection check task end

2025-01-10 09:29:23,012 INFO Tps reporting...
HealthCheck|point|SECONDS|2025-01-10 09:29:22|2|0|


2025-01-10 09:29:24,840 INFO Tps reporting...
HealthCheck|point|SECONDS|2025-01-10 09:29:23|2|0|


2025-01-10 09:29:25,046 INFO ConnectionMetrics, totalCount = 8, detail = {long_connection=7, long_polling=1}

2025-01-10 09:29:25,757 INFO Tps reporting...
HealthCheck|point|SECONDS|2025-01-10 09:29:24|3|0|


2025-01-10 09:29:25,788 INFO Connection check task start

2025-01-10 09:29:25,788 INFO Long connection metrics detail ,Total count =7, sdkCount=7,clusterCount=0

2025-01-10 09:29:25,788 INFO Connection check task end

2025-01-10 09:29:28,055 INFO ConnectionMetrics, totalCount = 8, detail = {long_connection=7, long_polling=1}

2025-01-10 09:29:28,487 INFO Tps reporting...
HealthCheck|point|SECONDS|2025-01-10 09:29:27|2|0|


2025-01-10 09:29:28,791 INFO Connection check task start

2025-01-10 09:29:28,791 INFO Long connection metrics detail ,Total count =7, sdkCount=7,clusterCount=0

2025-01-10 09:29:28,791 INFO Connection check task end

2025-01-10 09:29:29,396 INFO Tps reporting...
HealthCheck|point|SECONDS|2025-01-10 09:29:28|2|0|


2025-01-10 09:29:30,310 INFO Tps reporting...
HealthCheck|point|SECONDS|2025-01-10 09:29:29|3|0|


2025-01-10 09:29:31,061 INFO ConnectionMetrics, totalCount = 8, detail = {long_connection=7, long_polling=1}

2025-01-10 09:29:31,798 INFO Connection check task start

2025-01-10 09:29:31,798 INFO Long connection metrics detail ,Total count =7, sdkCount=7,clusterCount=0

2025-01-10 09:29:31,798 INFO Connection check task end

2025-01-10 09:29:33,043 INFO Tps reporting...
HealthCheck|point|SECONDS|2025-01-10 09:29:32|2|0|


2025-01-10 09:29:34,063 INFO ConnectionMetrics, totalCount = 8, detail = {long_connection=7, long_polling=1}

2025-01-10 09:29:34,810 INFO Connection check task start

2025-01-10 09:29:34,810 INFO Long connection metrics detail ,Total count =7, sdkCount=7,clusterCount=0

2025-01-10 09:29:34,810 INFO Connection check task end

2025-01-10 09:29:34,861 INFO Tps reporting...
HealthCheck|point|SECONDS|2025-01-10 09:29:33|2|0|


2025-01-10 09:29:35,770 INFO Tps reporting...
HealthCheck|point|SECONDS|2025-01-10 09:29:34|3|0|


2025-01-10 09:29:37,071 INFO ConnectionMetrics, totalCount = 8, detail = {long_connection=7, long_polling=1}

2025-01-10 09:29:37,815 INFO Connection check task start

2025-01-10 09:29:37,815 INFO Long connection metrics detail ,Total count =7, sdkCount=7,clusterCount=0

2025-01-10 09:29:37,815 INFO Connection check task end

2025-01-10 09:29:38,489 INFO Tps reporting...
HealthCheck|point|SECONDS|2025-01-10 09:29:37|2|0|


2025-01-10 09:29:39,391 INFO Tps reporting...
HealthCheck|point|SECONDS|2025-01-10 09:29:38|2|0|


2025-01-10 09:29:40,075 INFO ConnectionMetrics, totalCount = 8, detail = {long_connection=7, long_polling=1}

2025-01-10 09:29:40,296 INFO Tps reporting...
HealthCheck|point|SECONDS|2025-01-10 09:29:39|3|0|


2025-01-10 09:29:40,816 INFO Connection check task start

2025-01-10 09:29:40,816 INFO Long connection metrics detail ,Total count =7, sdkCount=7,clusterCount=0

2025-01-10 09:29:40,816 INFO Connection check task end

2025-01-10 09:29:43,024 INFO Tps reporting...
HealthCheck|point|SECONDS|2025-01-10 09:29:42|2|0|


2025-01-10 09:29:43,087 INFO ConnectionMetrics, totalCount = 8, detail = {long_connection=7, long_polling=1}

2025-01-10 09:29:43,823 INFO Connection check task start

2025-01-10 09:29:43,823 INFO Long connection metrics detail ,Total count =7, sdkCount=7,clusterCount=0

2025-01-10 09:29:43,823 INFO Connection check task end

2025-01-10 09:29:44,839 INFO Tps reporting...
HealthCheck|point|SECONDS|2025-01-10 09:29:43|2|0|


2025-01-10 09:29:45,754 INFO Tps reporting...
HealthCheck|point|SECONDS|2025-01-10 09:29:44|3|0|


2025-01-10 09:29:46,092 INFO ConnectionMetrics, totalCount = 8, detail = {long_connection=7, long_polling=1}

2025-01-10 09:29:46,824 INFO Connection check task start

2025-01-10 09:29:46,824 INFO Long connection metrics detail ,Total count =7, sdkCount=7,clusterCount=0

2025-01-10 09:29:46,824 INFO Connection check task end

2025-01-10 09:29:48,475 INFO Tps reporting...
HealthCheck|point|SECONDS|2025-01-10 09:29:47|2|0|


2025-01-10 09:29:49,106 INFO ConnectionMetrics, totalCount = 8, detail = {long_connection=7, long_polling=1}

2025-01-10 09:29:49,389 INFO Tps reporting...
HealthCheck|point|SECONDS|2025-01-10 09:29:48|2|0|


2025-01-10 09:29:49,825 INFO Connection check task start

2025-01-10 09:29:49,825 INFO Long connection metrics detail ,Total count =7, sdkCount=7,clusterCount=0

2025-01-10 09:29:49,825 INFO Connection check task end

2025-01-10 09:29:50,299 INFO Tps reporting...
HealthCheck|point|SECONDS|2025-01-10 09:29:49|3|0|


2025-01-10 09:29:52,108 INFO ConnectionMetrics, totalCount = 8, detail = {long_connection=7, long_polling=1}

2025-01-10 09:29:52,832 INFO Connection check task start

2025-01-10 09:29:52,832 INFO Long connection metrics detail ,Total count =7, sdkCount=7,clusterCount=0

2025-01-10 09:29:52,832 INFO Connection check task end

2025-01-10 09:29:53,021 INFO Tps reporting...
HealthCheck|point|SECONDS|2025-01-10 09:29:52|2|0|


2025-01-10 09:29:54,842 INFO Tps reporting...
HealthCheck|point|SECONDS|2025-01-10 09:29:53|2|0|


2025-01-10 09:29:55,111 INFO ConnectionMetrics, totalCount = 8, detail = {long_connection=7, long_polling=1}

2025-01-10 09:29:55,746 INFO Tps reporting...
HealthCheck|point|SECONDS|2025-01-10 09:29:54|3|0|


2025-01-10 09:29:55,844 INFO Connection check task start

2025-01-10 09:29:55,844 INFO Long connection metrics detail ,Total count =7, sdkCount=7,clusterCount=0

2025-01-10 09:29:55,844 INFO Connection check task end

2025-01-10 09:29:58,114 INFO ConnectionMetrics, totalCount = 8, detail = {long_connection=7, long_polling=1}

2025-01-10 09:29:58,476 INFO Tps reporting...
HealthCheck|point|SECONDS|2025-01-10 09:29:57|2|0|


2025-01-10 09:29:58,854 INFO Connection check task start

2025-01-10 09:29:58,854 INFO Long connection metrics detail ,Total count =7, sdkCount=7,clusterCount=0

2025-01-10 09:29:58,854 INFO Connection check task end

2025-01-10 09:29:59,390 INFO Tps reporting...
HealthCheck|point|SECONDS|2025-01-10 09:29:58|2|0|


2025-01-10 09:30:00,302 INFO Tps reporting...
HealthCheck|point|SECONDS|2025-01-10 09:29:59|3|0|


2025-01-10 09:30:01,123 INFO ConnectionMetrics, totalCount = 8, detail = {long_connection=7, long_polling=1}

2025-01-10 09:30:01,868 INFO Connection check task start

2025-01-10 09:30:01,868 INFO Long connection metrics detail ,Total count =7, sdkCount=7,clusterCount=0

2025-01-10 09:30:01,868 INFO Connection check task end

2025-01-10 09:30:03,016 INFO Tps reporting...
HealthCheck|point|SECONDS|2025-01-10 09:30:02|2|0|


2025-01-10 09:30:03,264 INFO [1736472477549_127.0.0.1_54775]Connection unregistered successfully. 

2025-01-10 09:30:03,301 INFO [1736471522865_127.0.0.1_52629]Connection unregistered successfully. 

2025-01-10 09:30:03,326 INFO [1736471615728_127.0.0.1_52831]Connection unregistered successfully. 

2025-01-10 09:30:03,335 INFO [1736471528217_127.0.0.1_52661]Connection unregistered successfully. 

2025-01-10 09:30:03,860 INFO [1736471514569_127.0.0.1_52511]Connection unregistered successfully. 

2025-01-10 09:30:03,941 INFO [1736472474324_127.0.0.1_54754]Connection unregistered successfully. 

2025-01-10 09:30:04,002 INFO [1736471612757_127.0.0.1_52815]Connection unregistered successfully. 

2025-01-10 09:30:04,137 INFO ConnectionMetrics, totalCount = 1, detail = {long_connection=0, long_polling=1}

2025-01-10 09:30:04,822 INFO Tps reporting...
HealthCheck|point|SECONDS|2025-01-10 09:30:03|1|0|


2025-01-10 09:30:04,869 INFO Connection check task start

2025-01-10 09:30:04,869 INFO Long connection metrics detail ,Total count =0, sdkCount=0,clusterCount=0

2025-01-10 09:30:04,869 INFO Connection check task end

2025-01-10 09:30:07,142 INFO ConnectionMetrics, totalCount = 1, detail = {long_connection=0, long_polling=1}

